root	final	kind	rationale
abrotan	艾	existing_single	ヨモギ属。moks=艾(absint=苦艾)へ
adonid	草	existing_single	キンポウゲ科草本。ranunkol等=草へ
agapant	花	existing_single	ヒガンバナ科。同科amarilid=花へ
agarik	菌	existing_single	ハラタケ属。キノコ属の既定字は菌
agrimoni	草	existing_single	バラ科草本。fragari/potentil=草へ
agropir	麦	existing_single	コムギ連。同連elim/horde=麦へ
agrostem	石	existing_single	ナデシコ科。diant(石竹)=石へ
agrostid	禾	existing_single	イネ科の野草。gramin=禾へ
ailant	木	existing_single	ニガキ科高木。漆は別科で不可、木へ
akile	菊	existing_single	キク科。同属ptarmik=菊へ
akirant	草	existing_single	ヒユ科の非食用草。kenopodi/sued=草へ
akvilegi	草	existing_single	キンポウゲ科草本。ranunkol等=草へ
albumen	乳	existing_single	胚乳。核字の乳(lakt)へ
alc^emil	草	existing_single	alkemilと同語。バラ科草本で草
alf	茅	existing_single	エスパルトと同一草。espart=茅へ
alkemil	草	existing_single	バラ科草本。fragari/potentil=草へ
aln	桦	existing_single	ハンノキ。同亜科betul=桦へ
alpak	驼	existing_single	ラクダ科。同科kamel=驼が最近縁の既存単字
amianti	草	existing_single	シュロソウ科草本。同科veratr=草へ
ampelops	葡	existing_single	ノブドウ。ブドウ科vit=葡へ
anelid	虫	existing_single	環形動物門。虫字はverm(蠕虫)=虫の系
angvis	龙	existing_single	アシナシトカゲ。無足のakonti等トカゲ=龙
ankuz	草	existing_single	ムラサキ科草本。borag等=草へ
antemid	菊	existing_single	キク科カミツレ類。菊へ
anter	药	existing_single	葯。花药の核字である药(oficin)へ
antirin	花	existing_single	キンギョソウ。観賞花卉群irid等=花へ
araŭkari	杉	existing_single	南洋杉。針葉樹abi=杉へ
ardizi	木	existing_single	マンリョウ。常緑低木で木へ
aristoloki	草	existing_single	ウマノスズクサ。草本つるで草へ
artemizi	艾	existing_single	ヨモギ属。moks=艾(absint=苦艾)へ
asfodel	花	existing_single	キジカクシ目の観賞花。amarilid=花へ
askalon	葱	existing_single	シャロット。ŝalot/cep/alium=葱と同属
asperul	草	existing_single	アカネ科草本。草へ
astragal	豆	existing_single	ゲンゲ属。マメ科fab/fazeol=豆へ
atripl	草	existing_single	ハマアカザ。同亜科kenopodi/sued=草へ
au^rikul	花	existing_single	サクラソウ科。同科ciklamen=花と共有
azar	草	existing_single	ウマノスズクサ科に科別字なし。草本の既定字
babirus	猪	existing_single	イノシシ科。apr/su=猪と同科
basi	草	existing_single	ヒユ科。同科kenopodi=草と整合
bast	皮	existing_single	靭皮。同じ皮層のkortik=皮と共有
bazilisk	龙	existing_single	怪蛇かつイグアナ類。drak/igvan=龙
begoni	花	existing_single	観賞草花。balzamin/ciklamen等の花に合流
beladon	颠	existing_single	同一植物の属語根atrop=颠と同一表示
blit	菜	existing_single	ヒユ科の葉野菜。amarant=菜と整合
boa	蛇	existing_single	ボア科。同科anakond=蛇に合わせる
botau^r	鸟	existing_single	サンカノゴイはサギ科。同科ardeも鸟
bulbil	球	existing_single	珠芽=小球根。派生元bulb=球と共有
buldog	犬	existing_single	イヌ品種。dog/ŝpic等の品種も犬
c^impanz	猩	existing_single	ヒト科。goril=猩と同亜科で最近縁
cembr	松	existing_single	Pinus同属のpin=松
centau^re	菊	existing_single	キク科属。種cejan=蓝菊の上位で菊
cerefoli	伞	existing_single	Anthriscus同属のantrisk=伞
citiz	豆	existing_single	マメ科。科別字の豆
civet	兽	existing_single	ジャコウネコ科。同属viver=兽
datur	茄	existing_single	同属stramoni=茄。ナス科既定字
delfini	草	existing_single	キンポウゲ科。ranunkol等=草と整合
desmodi	豆	existing_single	マメ科。科別字の豆
drakunkol	草	existing_single	サトイモ科。arum/anturi=草と整合
ebol	毒	existing_single	ウイルス。virus=毒(前毒)の上位に合わせる
edelvejs	菊	existing_single	キク科。科別字の菊
egopodi	伞	existing_single	セリ科。科別字の伞
eki	草	existing_single	ムラサキ科。科別字なくborag=草と整合
ekinokl	粟	existing_single	ヒエ属。同族の雑穀panic=粟と共有
ekvil	鱼	existing_single	イカナゴ科に専用字なし。汎用鱼
eleagn	木	existing_single	グミ科。同科hipofe=木
enad	鸽	existing_single	ヒメモリバトはColumba属。kolombと同属
enant	芹	existing_single	セリ属。同科同族celeri/api=芹と共有
epilobi	花	existing_single	アカバナ科。同科enoter=花
epizooti	疫	existing_single	獣の流行病。epidemi/pest=疫と同概念
erantid	草	existing_single	キンポウゲ科。ranunkol等=草
eringi	伞	existing_single	セリ科。科別字の伞
eriobotri	果	existing_single	ビワ。同族mespil=果(梨はpir占有)
eriofor	草	existing_single	カヤツリグサ科。ciper/scirp=草
erizim	草	existing_single	アブラナ科の野草。kres等=草
eruk	菜	existing_single	アブラナ科の食用葉菜。菜
estragon	艾	existing_single	Artemisia。moks=艾、absint=苦艾と同属
fakoc^er	猪	existing_single	イノシシ科イボイノシシ。apr=猪
falar	草	existing_single	同属の異綴falarid=草に合わせる
falarop	鸟	existing_single	ヒレアシシギ。専用字なし汎用鸟
farbit	草	existing_single	アサガオ=Ipomoea。同属ipome=草
fasciol	虫	existing_single	寄生吸虫。verm=虫、条虫/血虫と同層
fatsi	木	existing_single	ウコギ科。同科arali=木
felandri	芹	existing_single	Oenanthe同属。上位enant=芹に合わせる
feloid	猫	existing_single	ネコ科の総称。felis/kat=猫と同科
fenkol	伞	existing_single	セリ科。科別字の伞
ferol	伞	existing_single	セリ科。近縁ferolag=伞と同じ
festuk	草	existing_single	イネ科の野草。既定字の草
filant	草	existing_single	旧トウダイグサ科。euforbi=草と整合
filokser	虫	existing_single	ネアブラムシ。afid 等と同じ虫
fimbril	纹	existing_single	房状へり。同義のfranĝ=纹を共有
flakurti	果	existing_single	熱帯果樹。科別字なくmespil等の果
foin	鼠	existing_single	イタチ科テン。mustel/mel=鼠
foliol	叶	existing_single	小葉。葉部位のlob/limb=叶と共有
fragmit	苇	existing_single	ヨシ=kano。同一植物のkan=苇
fraksen	木	existing_single	モクセイ科に科別単字なし。木本の木
frangol	木	existing_single	同属ramn=木と同一表示
fraterkul	鸟	existing_single	ウミスズメ科。alka/pufinも鸟
fringel	雀	existing_single	マヒワはkardelと同属。アトリ科の雀
fuksi	花	existing_single	アカバナ科。同科enoter=花
fuligul	鸭	existing_single	キンクロハジロはカモ科。anas=鸭と同科
fumari	草	existing_single	ケシ科。koridal/papav=草
fur	鼠	existing_single	ケナガイタチ変種。原種putor=鼠
galeopitek	兽	existing_single	皮翼目。同一動物kaguang=兽に合わせる
gastornit	鸟	existing_single	絶滅巨鳥。隆鸟は別系統なので汎用鸟
gek	龙	existing_single	ヤモリ。scink/agam等トカゲ類=龙
genist	豆	existing_single	マメ科。科別字の豆
genot	兽	existing_single	ジャコウネコ科。同科viver=兽
georgin	菊	existing_single	同一植物dali=菊と同一表示
gerbil	鼠	existing_single	ネズミ科。mus/rat=鼠と同科
geum	草	existing_single	バラ科の草本。同科potentil/fragari=草
gipaet	鹰	existing_single	ヒゲワシはタカ科。akcipitr/milvと同科
gladiol	花	existing_single	アヤメ科。同科irid・krokus=花を共有
glareol	鸟	existing_single	ツバメチドリ科。専用字なし汎用鸟
glau^ci	草	existing_single	ケシ科の草本。papav=草に合わせる
glekom	草	existing_single	シソ科の草本。最近縁nepet=草
gliceri	禾	existing_single	イネ科の野草。gramin=禾を共有
globulari	草	existing_single	小草本。近縁veronik・digital=草
gnu	羚	existing_single	ウシ科レイヨウ類。antilop=羚
gramine	禾	existing_single	イネ科=禾本科。gramin=禾と同義
grifon	犬	existing_single	犬品種。dog/ŝpic=犬と同層
gul	鼠	existing_single	イタチ科クズリ。mustel/mel=鼠
gurnard	鱼	existing_single	ホウボウ科。同科triglも鱼
gus^	豆	existing_single	マメ科の莢。同義語legumen=豆
harpi	雕	existing_single	オウギワシは鷲。agl=雕と同類
hedisar	豆	existing_single	マメ科。別綴hedizarが既に豆
heliantem	草	existing_single	ハンニチバナ科の草本。同科cist=草
helikriz	菊	existing_single	キク科。aster等と同じ科別字菊
helvel	菌	existing_single	ノボリリュウ属。キノコ属の既定字は菌
hemerokal	草	existing_single	萱草(多年草)。近縁alo=草
hemerokalid	草	existing_single	キスゲ属。hemerokalと同一で草
hemion	马	existing_single	アジアノロバ。同種onagr=马、kulanも马
herakle	伞	existing_single	セリ科。umbel・angelik等と同じ伞
hermini	蛾	existing_single	ヤガ科の一群。mote/bombiks=蛾
hidrange	木	existing_single	アジサイ科の花木。kornus等の木本と同字
hien	兽	existing_single	ハイエナ科。専用字なく食肉獣の兽
hilum	脐	existing_single	種のへそ・解剖の門。umbilik=脐と同義
himeni	膜	existing_single	子実層。膜菌/膜翅と同じ himen=膜
hiperik	草	existing_single	オトギリソウ科の草本。科別字なし
histrik	鼠	existing_single	齧歯目ヤマアラシ。mus/rat=鼠
hormin	草	existing_single	シソ科の高山草本。nepet=草
hortensi	木	existing_single	hidrangeと同種の花木。同じ木
hortulan	雀	existing_single	Emberiza属。emberiz=雀と同属
hotujni	草	existing_single	ドクダミ科の草本。科別字なし
huz	鱼	existing_single	チョウザメ科。sturgと同科で鱼
ibeks	羊	existing_single	Capra属。kapr=羊と同属
ignam	薯	existing_single	食用塊根。maniok=薯と同類
iksod	虫	existing_single	マダニ科。同群akar=虫
ilici	木	existing_single	シキミ属の木本。科別字なし
indigofer	豆	existing_single	マメ科。科別字の豆
jasmen	木	existing_single	モクセイ科の低木。同科forsiti=木
junk	草	existing_single	イグサ科。同科luzul=草
kalendul	菊	existing_single	キク科。科別字の菊
kalikl	杯	existing_single	副萼。kalik=杯を共有
kalistef	菊	existing_single	キク科。同一植物のaster=菊
kampanul	草	existing_single	キキョウ科の草本。同型digital=草
kampec^	豆	existing_single	マメ科の染料木。科別字の豆
kanaben	雀	existing_single	ムネアカヒワ。kardel/pirolと同群の雀
kapibar	鼠	existing_single	齧歯目カピバラ。mus/rat=鼠
kapitul	头	existing_single	頭状花序。kap/cefal=头と同義の頭
kapsel	草	existing_single	アブラナ科の野草。alis・drab=草
kardamin	草	existing_single	アブラナ科の野草。arabis=草
kardon	菜	existing_single	食用アザミ。同属artis^ok=菜
karlin	菊	existing_single	キク科アザミ類。kardu・cirsi=菊
karpen	木	existing_single	カバノキ科。同亜科koril=木
karvi	伞	existing_single	セリ科。同属karum=伞
keirant	草	existing_single	アブラナ科。同種keir・matiol=草
kelidoni	草	existing_single	ケシ科の草本。papav=草
kerkedul	鸭	existing_single	シマアジはマガモ属。anas=鸭と同属
kiker	豆	existing_single	マメ科の食用豆。科別字の豆
kinu	麦	existing_single	擬似穀物(藜麦)。ソバfagopir=麦
kladoni	菌	existing_single	地衣類。同類usne・parmeli=菌
klangul	鸭	existing_single	コオリガモはカモ科。anasと同科で鸭
klemat	草	existing_single	キンポウゲ科。同属klematit=草
klematid	草	existing_single	klematと同一。同属klematit=草
koal	兽	existing_single	有袋類。同目falanger=兽
kobaj	鼠	existing_single	齧歯目テンジクネズミ。mus/rat=鼠
kojot	狼	existing_single	=prerilupo。lup=狼とCanis属で最近縁
kojp	鼠	existing_single	齧歯目ヌートリア。mus/rat=鼠
koka	木	existing_single	コカ。同属eritroksil=木に合わせる
koleopter	甲	existing_single	鞘翅目。skarab=甲と同じ甲虫字
komatul	虫	existing_single	ウミシダ。同群antedon=虫に合わせる
komisur	结	existing_single	既存単字结(lig=結ぶ)を共有。交連=連結部
konferv	藻	existing_single	糸状緑藻の旧称。klorel等=藻
konifer	松	existing_single	針葉樹類。pin=松、雪松/落松等の族
koregon	鱼	existing_single	サケ科。salm/trutと同科で鱼
kramb	菜	existing_single	アブラナ科の食用浜菜。菜
kratag	木	existing_single	バラ科の木本。同連sorbus・pirus=木
krepid	菊	existing_single	キク科タンポポ類。taraksak=菊
kriptogam	植	existing_single	隠花植物は植物の一群。上位のfit=植に合わせる
kriptoteni	芹	existing_single	セリ科ミツバ(鸭儿芹)。api/celeri=芹と近縁
krizalid	偶	existing_single	チョウの蛹。同義の pup=偶
krotal	蛇	existing_single	クサリヘビ科。同亜科botrop=蛇
krucifer	菜	existing_single	アブラナ科旧称。brasik=菜の科字
ksifi	鱼	existing_single	メカジキ。剣系熟語は不在、汎用鱼
kumin	伞	existing_single	セリ科。anet/dauk/karum=伞と同科
kup	杯	existing_single	吸い玉・吸盤。杯状器具でkalik=杯へ
kupul	壳	existing_single	殻斗。ŝel/krust=壳と同義の殻
kvino	草	existing_single	アカザ属の一種。kenopodi=草と同属
lagenari	瓜	existing_single	ウリ科。kukurb/melon/kukum=瓜と同科
lagri	甲	existing_single	ハムシダマシは甲虫。skarab=甲
laminari	藻	existing_single	褐藻コンブ。fuk/sargas/alg=藻と同類
laniari	犬	existing_single	牧畜犬の品種。dog/ŝpic=犬
leguminoz	豆	existing_single	マメ科。legumen/fab=豆と同
lent	豆	existing_single	マメ科レンズマメ。fazeol=豆と同科
leontod	菊	existing_single	キク科タンポポ類。taraksak=菊と近縁
lepidopter	蝶	existing_single	鱗翅目。papilion/pierid=蝶の上位
lepism	虫	existing_single	シミ。原始的昆虫で最近縁は虫
lian	蔓	existing_single	つる植物。sarment=蔓と同義
liknid	石	existing_single	ナデシコ科。diant=石と同科
likorid	花	existing_single	ヒガンバナ科。amarilid=花と同科
lima	蚌	existing_single	ミノガイは二枚貝。ostr/mitul=蚌と同群
litorin	贝	existing_single	海産巻貝。汎用字贝(konk/folad等)へ
lobeli	草	existing_single	キキョウ科の草本。科字なく草
lodikl	鳞	existing_single	鱗被。skvam=鳞と同じ鱗片
lojt	鱼	existing_single	タラ科。gad/molvと同科で鱼
loksi	雀	existing_single	イスカはアトリ科。kardelと同科で雀
lolig	贝	existing_single	頭足類。arkiteu^t/eledon=贝(軟体)
luf	瓜	existing_single	ウリ科ヘチマ。kukurb=瓜と同科
lumbrik	虫	existing_single	ミミズ=tervermo。verm=虫の鏡像
lunari	菜	existing_single	アブラナ科。brasik/krucifer=菜
lupen	豆	existing_single	マメ科。fab=豆と同科
makak	猴	existing_single	マカク属。同属resus=猴
manat	兽	existing_single	海牛目。専用字なく兽(鲸は別目で不可)
mandragor	茄	existing_single	ナス科。solan=茄と同科
marabu	鸟	existing_single	ハゲコウはコウノトリ科。cikoni=鸟に合流
marmot	鼠	existing_single	齧歯目マーモット。mus/rat=鼠
marsupial	兽	existing_single	有袋類。上位teri(獣亜綱)=兽に合わせる
melampir	草	existing_single	ハマウツボ科の草本。科字なく草
meli	木	existing_single	センダン科の高木。cedrel=木と同科
melilot	豆	existing_single	マメ科。fab=豆と同科
melolont	甲	existing_single	コガネムシ科。同科 skarab=甲
menur	鸟	existing_single	コトドリ科。琴系熟語は不在、汎用鸟
merkurial	草	existing_single	トウダイグサ科草本。euforbi=草と同科
merlang	鱼	existing_single	タラ科。merluc^と同科で鱼
merop	鸟	existing_single	ハチクイ科。専用字なし汎用鸟
miozot	草	existing_single	ムラサキ科。borag/simfit=草と同科
mirid	伞	existing_single	セリ科。anet/karum=伞と同科
mirmeleon	虫	existing_single	ウスバカゲロウ。近縁字が無く虫
miskant	草	existing_single	イネ科ススキ属。andropogon/arund=草
mops	犬	existing_single	犬品種パグ。dog/ŝpic=犬
mul	马	existing_single	ウマ属の雑種。ĉeval/onagr=马
mungot	兽	existing_single	マングース科。同科herpest=兽
neri	木	existing_single	キョウチクトウ属。科字なく木本の木
nervur	脉	existing_single	翅脈・葉脈・肋材の総称。angi=脉の系
nigel	草	existing_single	キンポウゲ科。ranunkol/akonit=草
nikotian	烟	existing_single	タバコ属。tabak=烟と同属
niktereu^t	犬	existing_single	イヌ科タヌキ。kanis=犬(狸字は不在)
oksalid	草	existing_single	カタバミ科の草本。科字なく草
oksikok	果	existing_single	Vaccinium。mirtel=果と同属
oleandr	木	existing_single	neri(=木)と同物。木本の木
oleastr	木	existing_single	グミ属の高木。eleagn未割当ゆえ木
onisk	虾	existing_single	等脚目。同目armadilidi=虾
onobrik	豆	existing_single	マメ科イガマメ。fab=豆と同科
orangutang	猴	existing_single	同種orangutan=猴に合わせ二重描画を回避
osmant	木	existing_single	モクセイ科。科字なく木本の木
otid	鸟	existing_single	ノガン科に該当字なし。汎用鸟
padus	李	existing_single	Prunus padus。prunus/prun=李と同属
pakiderm	兽	existing_single	旧分類の厚皮動物。上位字の兽
palmiped	鸟	existing_single	游禽類は鳥の総称群。汎用鸟
palumb	鸽	existing_single	モリバトはColumba属。kolombと同属
pandion	鹰	existing_single	ミサゴはタカ目。akcipitrと同群で鹰
parenkim	软	existing_single	既存単字软(mol)。柔組織=軟らかい実質
pastinak	伞	existing_single	セリ科。dauk=伞と同科
patel	膝	existing_single	既存単字膝(genu)を共有。膝蓋骨は膝の骨
patrini	草	existing_single	オミナエシ科草本。valerian未割当
pavian	猴	existing_single	オナガザル科ヒヒ。cerkopitek=猴
pekari	猪	existing_single	イノシシ亜目。apr/su=猪
pelargoni	花	existing_single	フウロソウ科。gerani=花と同科
platikodon	草	existing_single	キキョウ科。lobeli同様に草
plot	鱼	existing_single	親rutel=鱼。階層逆転回避で鱼に合わせる
polp	贝	existing_single	タコ目。同じ頭足類eledon/arkiteŭt=贝(軟体門)へ
primol	花	existing_single	サクラソウ科。ciklamen=花と同科
pudel	犬	existing_single	イヌの品種。dog/kanis=犬へ
regol	莺	existing_single	キクイタダキ。silvi=莺の小鳴禽群
rezed	草	existing_single	モクセイソウ科草本。科字なく草
rotang	棕	existing_single	つる性ヤシ。palm/arek=棕と同科
rubekol	莺	existing_single	コマドリ。najtingal=夜莺と同群の莺
s^enopraz	葱	existing_single	ネギ属。cep/alium/pore と同じ葱
saksifrag	草	existing_single	ユキノシタ科の草本。科字が無く最近縁は草
salikari	草	existing_single	ミソハギ科の水辺の草本。柳は別目で不可
sandr	鱼	existing_single	ペルカ科。perk/labrakと同科で鱼
santolin	菊	existing_single	キク科ワタスギギク属。科の既定字は菊
seneci	菊	existing_single	キク科キオン属。科の既定字は菊
sepal	杯	existing_single	がく片。萼そのもののkalik=杯を共有
setari	粟	existing_single	イネ科アワ属。同族 panic=粟を共有
sevrug	鱼	existing_single	ホシチョウザメ。sturgと同科で鱼
sikomor	榕	existing_single	イチジク属の一種。同属 fikus=榕
silf	精	existing_single	空気の精霊。nimf=精と同類
silikv	果	existing_single	果実型(角果)。上位の果に合わせる
sirfed	蝇	existing_single	ハナアブ科=flormus^o。mus^=蝇
sisirinki	草	existing_single	アヤメ科の小草本。同科 iksi と同じ草
skink	龙	existing_single	綴り異体scink=龙と同一表示。トカゲ類の共通字
skorzoner	菊	existing_single	キク科フタナミソウ属。科の既定字は菊
solidag	菊	existing_single	キク科アキノキリンソウ属。科字は菊
spavin	瘤	existing_single	馬の飛節骨瘤。veruk=瘤へ
spirogir	藻	existing_single	緑藻アオミドロ。ulv/fuk 等と同じ藻
sprot	鱼	existing_single	ニシン科。klupe/sardinと同科で鱼
stau^d	草	existing_single	多年生の草本植物。herb=草に合わせる
sterled	鱼	existing_single	コチョウザメ。sturgと同科で鱼
stirak	木	existing_single	エゴノキ科の樹木。近縁の科字が無い
taksus	柏	existing_single	イチイ科。同目の cipres/侧柏=柏系
tamarik	木	existing_single	ギョリュウ科の樹。柳(salik)は別目で不可
tanacet	菊	existing_single	キク科ヨモギギク属。科の既定字は菊
tapir	犀	existing_single	バク。奇蹄目角形亜目でrinocer=犀と姉妹群
tarantul	蛛	existing_single	コモリグモ。arane=蛛(クモ類)へ
tegument	皮	existing_single	外被・外皮。kortik系の皮へ
tink	鱼	existing_single	鲤はkarp系限定運用。bram等と同じ鱼
tremol	柳	existing_single	ポプラ属の一種。同属 popl=柳
trikin	蠕	existing_single	旋毛虫。上位のhelmint=蠕(蠕虫)へ
trikosant	瓜	existing_single	ウリ科カラスウリ属。科の既定字は瓜
tritur	蛙	existing_single	イモリ。同科salamandr=蛙へ
tropeol	花	existing_single	園芸観賞の草花。balzamin 等と同じ花
tusilag	菊	existing_single	キク科フキタンポポ属。科の既定字は菊
uleks	豆	existing_single	マメ科ハリエニシダ属。科の既定字は豆
valerian	草	existing_single	オミナエシ科の草本。科字が無く草
vanel	鸟	existing_single	タゲリはチドリ科。karadri/pluviも鸟
vertag	犬	existing_single	ダックスフント。犬の品種、dog/kanis=犬へ
vistari	豆	existing_single	=visterio。マメ科フジ属で科字の豆
visteri	豆	existing_single	マメ科フジ属。藤は heder 占有で別目
vombat	袋	existing_single	有袋類。marsupi=袋へ。袋鼠は別科で不可
zantoksil	木	existing_single	ミカン科の樹。柑橘字・椒(コショウ属)は不可
zebu	牛	existing_single	コブウシ。bov=牛と同属
zini	菊	existing_single	キク科ヒャクニチソウ属。科の既定字は菊
apus	金丝燕	existing_multi	アマツバメ科。同科salangan=金丝燕を共有
arbed	灌木	existing_multi	低木。ほぼ同義のarbust=灌木を再利用
aspid	眼镜蛇	existing_multi	エジプトコブラ=Naja。同属kobr=眼镜蛇
betonik	水苏	existing_multi	Stachys同属。staki=水苏を再利用
cikori	苦菜	existing_multi	Cichorium同属のendivi=苦菜を再利用
cipsel	金丝燕	existing_multi	apusoと同一の鳥。apusと同表示
fles	比目鱼	existing_multi	カレイ科。pleu^ronekt=比目鱼と同科
forfikul	皮翅	existing_multi	ハサミムシ目 dermapter=皮翅を共有
fulik	秧鸡	existing_multi	オオバンはクイナ科。ral=秧鸡と同科
galinol	秧鸡	existing_multi	バンはクイナ科。ral=秧鸡と同科
galinul	秧鸡	existing_multi	galinoloと同一のバン。同表示
hisop	香草	existing_multi	シソ科の芳香ハーブ。lavend等=香草
jonkvil	水仙	existing_multi	スイセン属の一種。narcis=水仙
juka	龙舌兰	existing_multi	リュウゼツラン科。近縁agav=龙舌兰
kalandra	象甲	existing_multi	コクゾウ=ゾウムシ科。kurkuli=象甲を共有
konvolvul	旋花	existing_multi	ヒルガオ科。最近縁kalistegi=旋花
langust	龙虾	existing_multi	イセエビ=龙虾。omar(ロブスター)と同類
limand	比目鱼	existing_multi	マガレイはカレイ科。pleu^ronektと同科
lonicer	忍冬	existing_multi	スイカズラ属=忍冬。kaprifoli=忍冬
luzern	牧草	existing_multi	Medicago sativa。medikag=牧草と同属
mahoni	天竹	existing_multi	メギ科柊南天。nandin=天竹と同科
majoran	香草	existing_multi	Origanum majorana。origan=香草と同属
miogal	地鼠	existing_multi	モグラ科デスマン。同科talp=地鼠
mirh	香脂	existing_multi	芳香樹脂。ladan=香脂と同類
noktu	猫头鹰	existing_multi	フクロウ科。strig=猫头鹰と同科
nufar	睡莲	existing_multi	スイレン科。nimfe=睡莲と同科
osmund	羊齿	existing_multi	ゼンマイ。filik=羊齿の既定に合わせる
otus	猫头鹰	existing_multi	ミミズクはフクロウ科。strigと同科
pac^ul	香草	existing_multi	シソ科香料。lavend/origan=香草と同類
palinur	龙虾	existing_multi	langustと同一動物。omar=龙虾と同類
pentatom	臭虫	existing_multi	カメムシ科。cim=臭虫(カメムシ)を共有
plates	比目鱼	existing_multi	カレイ科の基準属。pleu^ronektと同科
pteridi	羊齿	existing_multi	ワラビ。filik=羊齿の既定に合わせる
reptili	爬虫	existing_multi	爬虫類。ほぼ同義のsaŭr=爬虫を再利用
rododendr	杜鹃	existing_multi	ツツジ属。azale=杜鹃と同物
rosmar	海豹	existing_multi	セイウチ。鰭脚類でfok=海豹が最近縁
semperviv	厚叶	existing_multi	ベンケイソウ科多肉。同科 krasul=厚叶を共有
skabioz	续断	existing_multi	マツムシソウ科。同科 dipsak=续断を共有
skarol	苦菜	existing_multi	endivi=苦菜の広葉変種。同種なので共有
skolopendr	千足	existing_multi	オオムカデ。上位のkilopod(ムカデ綱)=千足へ
stigm	柱头	existing_multi	柱頭。同一比喩の kapitel=柱头を再利用
tripanosom	原兽	existing_multi	寄生原虫。上位のprotozo=原兽へ
tuberos	龙舌兰	existing_multi	Agave amica。同属 agav=龙舌兰を共有
urogal	野鸡	existing_multi	オオライチョウ。tetra=野鸡と同科
vakcini	石南	existing_multi	ツツジ科。同科 erik=石南を共有
zizel	松鼠	existing_multi	ジリス。科のsciur(リス科)=松鼠へ
endokarp	内果皮	NEW_COMBO	内(en)果(frukt)皮の透明な鏡像。術語
epikarp	外果皮	NEW_COMBO	外(ekster)果皮の鏡像。endokarpと対
ginece	雌蕊	NEW_COMBO	既存熟語雄蕊(stamen)の対語。雌=femal既存
herbari	草集	NEW_COMBO	語釈=herbokolektoの鏡像。草+集(kolekt)
perikarp	果皮	NEW_COMBO	果+皮で果皮。既存熟語になく例外扱い
stilus	花柱	NEW_COMBO	花柱。花冠/花序系列で各字明快(例外)
arist		none	芒の字が非在。穗/针/颖は別義で不適、未割当
diklin		none	単性花。性=ecで単性が成立せず未割当
epigin		none	子房下位。適合する既存表示なし
fanerogam		none	顕花植物。花植は合成語と衝突し未割当
ginostem		none	ラン科の蕊柱。適合する既存単字・熟語なし
mandibl		none	顎の字が全マスターに不在。牙/齿は別義
poliandri		none	一雌多雄の抽象概念。適合する既存表示なし
poligini		none	一雄多雌の抽象概念。適合する既存表示なし
spirant		none	spir=息+antで描画。植物義はspirantes=兰が担当
