類型	層A	語A	面A	層B	語B	面B
完全衝突(異義)	CSV2890	adiau^	再见	PEJVO	revidi	再见
転置(恣意的)	CSV2890	fiziko	物理	PEJVO	traktaj^o	理ᵀ物
高重複(恣意的)	CSV2890	decembro	十二月	PEJVO	dekduedro	十二面ᴱ
高重複(恣意的)	CSV2890	feminismo	女ᶠᴱ主义	PEJVO	imperialismo	帝主义
高重複(恣意的)	CSV2890	feminismo	女ᶠᴱ主义	PEJVO	provincialismo	省主义
高重複(恣意的)	CSV2890	meh^anismo	械ᴹᴺ主义	PEJVO	provincialismo	省主义
高重複(恣意的)	CSV2890	mekanismo	械ᴹᴷ主义	PEJVO	provincialismo	省主义
高重複(恣意的)	PEJVO	brasikrapo	菜ᴮ萝卜ᴿᴾ	CSV2890	karoto	胡萝卜
高重複(恣意的)	PEJVO	deismo	神主义ᴰ	CSV2890	feminismo	女ᶠᴱ主义
高重複(恣意的)	PEJVO	deismo	神主义ᴰ	CSV2890	meh^anismo	械ᴹᴺ主义
高重複(恣意的)	PEJVO	deismo	神主义ᴰ	CSV2890	mekanismo	械ᴹᴷ主义
高重複(恣意的)	PEJVO	imperialismo	帝主义	CSV2890	meh^anismo	械ᴹᴺ主义
高重複(恣意的)	PEJVO	imperialismo	帝主义	CSV2890	mekanismo	械ᴹᴷ主义
完全衝突(異義)	PEJVO	aertubo	气管	PEJVO	trakeo	气管
完全衝突(異義)	PEJVO	alinei	换行	PEJVO	komutado	换行
完全衝突(異義)	PEJVO	asketo	苦行	PEJVO	suferado	苦行
完全衝突(異義)	PEJVO	au^todidakto	自学	PEJVO	memlerni	自学
完全衝突(異義)	PEJVO	bumo	帆杆	PEJVO	velstango	帆杆
完全衝突(異義)	PEJVO	c^efmasto	首柱	PEJVO	steveno	首柱
完全衝突(異義)	PEJVO	domicilo	住所	PEJVO	log^ejo	住所
完全衝突(異義)	PEJVO	florkrono	花冠	PEJVO	korolo	花冠
完全衝突(異義)	PEJVO	glits^tono	滑石	PEJVO	talki	滑石
完全衝突(異義)	PEJVO	hipotenuzo	斜边	PEJVO	klinrando	斜边
完全衝突(異義)	PEJVO	kaptuko	头巾	PEJVO	turbano	头巾
完全衝突(異義)	PEJVO	kredigi	信使	PEJVO	kuriero	信使
完全衝突(異義)	PEJVO	lavendo	香草	PEJVO	spicherbo	香草
完全衝突(異義)	PEJVO	okono	八分	PEJVO	oktanto	八分
完全衝突(異義)	PEJVO	punkcii	穿刺	PEJVO	trapiki	穿刺
完全衝突(異義)	PEJVO	skuno	帆船	PEJVO	vels^ipa	帆船
完全衝突(異義)	PEJVO	talpa	地鼠	PEJVO	termuso	地鼠
転置(恣意的)	PEJVO	amoristo	性ᴬ家	PEJVO	hejmeca	家ᴴ性
転置(恣意的)	PEJVO	amorveka	性ᴬ醒	PEJVO	sobreco	醒ˢ性
転置(恣意的)	PEJVO	arh^ipelago	群岛ᴬᴴ̂	PEJVO	insularo	岛群
転置(恣意的)	PEJVO	arkipelago	群岛	PEJVO	insularo	岛群
転置(恣意的)	PEJVO	armistico	停战	PEJVO	batalhalto	战ᴮ停
転置(恣意的)	PEJVO	atomkerno	子ᴬ核	PEJVO	nukleono	核ᴺ子ᴼ
転置(恣意的)	PEJVO	atompilo	子ᴬ电ᴾ	PEJVO	elektrona	电子ᴼ
転置(恣意的)	PEJVO	borsisto	市ᴮ家	PEJVO	hejmurbo	家ᴴ市
転置(恣意的)	PEJVO	cerbeto	脑小	PEJVO	cerebelo	小脑
転置(恣意的)	PEJVO	dancrondo	舞圆	PEJVO	valsi	圆舞
転置(恣意的)	PEJVO	dek-dua	十-二	PEJVO	dudek	二十
転置(恣意的)	PEJVO	dek-sesa	十-六	PEJVO	sesdek	六十
転置(恣意的)	PEJVO	dek-tria	十-三	PEJVO	tridek	三十
転置(恣意的)	PEJVO	diaj^o	神物	PEJVO	fetic^o	物神
転置(恣意的)	PEJVO	dratradio	线ᴰ射ᴿ	PEJVO	paflinio	射线
転置(恣意的)	PEJVO	ekbatali	始战ᴮ	PEJVO	militkomenco	战始ᴷ
転置(恣意的)	PEJVO	familiareco	熟ᶠ性	PEJVO	seksmatura	性ˢ熟
転置(恣意的)	PEJVO	familinomo	家ᶠ名	PEJVO	nominalisto	名ᴺᴺ家
転置(恣意的)	PEJVO	filantropio	爱ᶠ人ᴬ	PEJVO	homama	人爱
転置(恣意的)	PEJVO	fundamentisto	基ᶠ家	PEJVO	hejmbazo	家ᴴ基
転置(恣意的)	PEJVO	futbaltereno	球ᶠ地ᵀᴺ	PEJVO	tergloba	地球ᴳ
転置(恣意的)	PEJVO	geodezio	测地	PEJVO	geometria	地ᴳ测ᴹᵀ
転置(恣意的)	PEJVO	geodezio	测地	PEJVO	geometro	地ᴳ测ᴹᴱ
転置(恣意的)	PEJVO	geodezio	测地	PEJVO	termezuri	地测
転置(恣意的)	PEJVO	grafito	石墨	PEJVO	tuc^s^tono	墨ᵀ石
転置(恣意的)	PEJVO	hararang^o	毛整ᴬ	PEJVO	tutlana	整毛ᴸ
転置(恣意的)	PEJVO	hejmlando	家ᴴ国	PEJVO	s^tatisto	国ˢ̂家
転置(恣意的)	PEJVO	hejmtasko	家ᴴ务ᵀ	PEJVO	servisto	务家
転置(恣意的)	PEJVO	hejmurbo	家ᴴ市	PEJVO	merkatisto	市ᴹ家
転置(恣意的)	PEJVO	impotenta	性无能	PEJVO	senenergieco	无能ᴱ性
転置(恣意的)	PEJVO	jahurto	酸乳ᴶᴴ	PEJVO	laktacido	乳酸
転置(恣意的)	PEJVO	jamba	抑扬	PEJVO	trokea	扬抑
転置(恣意的)	PEJVO	jogurto	酸乳	PEJVO	laktacido	乳酸
転置(恣意的)	PEJVO	kapflanko	头侧	PEJVO	tempio	侧头
転置(恣意的)	PEJVO	konfekcia	成衣	PEJVO	vestig^i	衣成
転置(恣意的)	PEJVO	kontentig^i	满ᴷ成	PEJVO	sukcesplena	成ˢ满
転置(恣意的)	PEJVO	kulpeco	罪性	PEJVO	sekskrimo	性ˢ罪ᴷᴿ
転置(恣意的)	PEJVO	langeto	舌小	PEJVO	uvula	小舌
転置(恣意的)	PEJVO	megalita	巨ᴹᴱ石ᴸᵀ	PEJVO	s^tonego	石巨
転置(恣意的)	PEJVO	preskripto	时效ᴾ	PEJVO	validtempo	效ⱽ时
転置(恣意的)	PEJVO	skitereno	滑ˢ地ᵀᴺ	PEJVO	terglito	地滑
転置(恣意的)	PEJVO	uzukapi	时效	PEJVO	validtempo	效ⱽ时
高重複(恣意的)	PEJVO	abateco	院长性	PEJVO	priorejo	院长ᴾ所
高重複(恣意的)	PEJVO	abateco	院长性	PEJVO	priorino	院长ᴾ女
高重複(恣意的)	PEJVO	abatejo	院长所	PEJVO	priorino	院长ᴾ女
高重複(恣意的)	PEJVO	abatino	院长女	PEJVO	priorejo	院长ᴾ所
高重複(恣意的)	PEJVO	aboliciismo	废ᴬᶜ主义	PEJVO	deismo	神主义ᴰ
高重複(恣意的)	PEJVO	aboliciismo	废ᴬᶜ主义	PEJVO	imperialismo	帝主义
高重複(恣意的)	PEJVO	aboliciismo	废ᴬᶜ主义	PEJVO	provincialismo	省主义
高重複(恣意的)	PEJVO	absolutismo	绝主义	PEJVO	deismo	神主义ᴰ
高重複(恣意的)	PEJVO	absolutismo	绝主义	PEJVO	imperialismo	帝主义
高重複(恣意的)	PEJVO	absolutismo	绝主义	PEJVO	provincialismo	省主义
高重複(恣意的)	PEJVO	abstraktismo	抽主义	PEJVO	deismo	神主义ᴰ
高重複(恣意的)	PEJVO	abstraktismo	抽主义	PEJVO	imperialismo	帝主义
高重複(恣意的)	PEJVO	abstraktismo	抽主义	PEJVO	provincialismo	省主义
高重複(恣意的)	PEJVO	agavbrando	龙舌兰酒ᴮᴺ	PEJVO	jukao	龙舌兰ᴶ
高重複(恣意的)	PEJVO	agavbrando	龙舌兰酒ᴮᴺ	PEJVO	tuberoso	龙舌兰ᵀ
高重複(恣意的)	PEJVO	agavvino	龙舌兰酒	PEJVO	jukao	龙舌兰ᴶ
高重複(恣意的)	PEJVO	agavvino	龙舌兰酒	PEJVO	tuberoso	龙舌兰ᵀ
高重複(恣意的)	PEJVO	aktivismo	活ᴬ主义	PEJVO	deismo	神主义ᴰ
高重複(恣意的)	PEJVO	aktivismo	活ᴬ主义	PEJVO	imperialismo	帝主义
高重複(恣意的)	PEJVO	aktivismo	活ᴬ主义	PEJVO	provincialismo	省主义
高重複(恣意的)	PEJVO	albinismo	白ᴬ主义	PEJVO	deismo	神主义ᴰ
高重複(恣意的)	PEJVO	albinismo	白ᴬ主义	PEJVO	imperialismo	帝主义
高重複(恣意的)	PEJVO	albinismo	白ᴬ主义	PEJVO	provincialismo	省主义
高重複(恣意的)	PEJVO	alfa-diserig^o	alfa-散粒成	PEJVO	disgrajnigi	散粒ᴳ使
高重複(恣意的)	PEJVO	alkoholismo	醇主义	PEJVO	deismo	神主义ᴰ
高重複(恣意的)	PEJVO	altruisma	他ᴬ主义	PEJVO	deismo	神主义ᴰ
高重複(恣意的)	PEJVO	altruisma	他ᴬ主义	PEJVO	imperialismo	帝主义
高重複(恣意的)	PEJVO	altruisma	他ᴬ主义	PEJVO	provincialismo	省主义
高重複(恣意的)	PEJVO	ambau^seksema	两性ˢ倾	PEJVO	hermafroditeco	两ᴴ性ᴬᶠ性
高重複(恣意的)	PEJVO	anemiemo	无ᴬ血ᴱ倾	PEJVO	sensangigi	无血使
高重複(恣意的)	PEJVO	anestezaj^o	无ᴬ感ᴱ物	PEJVO	sensensigi	无感ˢˢ使
高重複(恣意的)	PEJVO	anestezilo	无ᴬ感ᴱ具	PEJVO	sensensigi	无感ˢˢ使
高重複(恣意的)	PEJVO	anestezisto	无ᴬ感ᴱ家	PEJVO	sensensigi	无感ˢˢ使
高重複(恣意的)	PEJVO	animismo	魂主义	PEJVO	deismo	神主义ᴰ
高重複(恣意的)	PEJVO	animismo	魂主义	PEJVO	imperialismo	帝主义
高重複(恣意的)	PEJVO	animismo	魂主义	PEJVO	provincialismo	省主义
高重複(恣意的)	PEJVO	antagonismo	敌ᴬᴺ主义	PEJVO	deismo	神主义ᴰ
高重複(恣意的)	PEJVO	antagonismo	敌ᴬᴺ主义	PEJVO	imperialismo	帝主义
高重複(恣意的)	PEJVO	antagonismo	敌ᴬᴺ主义	PEJVO	provincialismo	省主义
高重複(恣意的)	PEJVO	antikvaj^isto	古物家	PEJVO	arh^eologo	古ᴬᴴ̂学家
高重複(恣意的)	PEJVO	antikvaj^isto	古物家	PEJVO	arkeologo	古ᴬᴼ学家
高重複(恣意的)	PEJVO	apartismo	独ᴬ主义	PEJVO	deismo	神主义ᴰ
高重複(恣意的)	PEJVO	apartismo	独ᴬ主义	PEJVO	imperialismo	帝主义
高重複(恣意的)	PEJVO	apartismo	独ᴬ主义	PEJVO	provincialismo	省主义
高重複(恣意的)	PEJVO	apatiulo	无ᴬ情者	PEJVO	senemocieco	无情ᴱ性
高重複(恣意的)	PEJVO	arh^aismo	古ᴬᴬ主义	PEJVO	deismo	神主义ᴰ
高重複(恣意的)	PEJVO	arh^aismo	古ᴬᴬ主义	PEJVO	imperialismo	帝主义
高重複(恣意的)	PEJVO	arh^aismo	古ᴬᴬ主义	PEJVO	provincialismo	省主义
高重複(恣意的)	PEJVO	arh^eologo	古ᴬᴴ̂学家	PEJVO	estetikisto	美学家
高重複(恣意的)	PEJVO	arh^eologo	古ᴬᴴ̂学家	PEJVO	gimnastikisto	操ᴳᴵ学ᴵ家
高重複(恣意的)	PEJVO	arh^eologo	古ᴬᴴ̂学家	PEJVO	kemiisto	化学家
高重複(恣意的)	PEJVO	arh^eologo	古ᴬᴴ̂学家	PEJVO	matematikisto	数学家
高重複(恣意的)	PEJVO	arh^eologo	古ᴬᴴ̂学家	PEJVO	optikisto	光学家
高重複(恣意的)	PEJVO	arkaismo	古ᴬᴿ主义	PEJVO	deismo	神主义ᴰ
高重複(恣意的)	PEJVO	arkaismo	古ᴬᴿ主义	PEJVO	imperialismo	帝主义
高重複(恣意的)	PEJVO	arkaismo	古ᴬᴿ主义	PEJVO	provincialismo	省主义
高重複(恣意的)	PEJVO	arkeologo	古ᴬᴼ学家	PEJVO	estetikisto	美学家
高重複(恣意的)	PEJVO	arkeologo	古ᴬᴼ学家	PEJVO	gimnastikisto	操ᴳᴵ学ᴵ家
高重複(恣意的)	PEJVO	arkeologo	古ᴬᴼ学家	PEJVO	kemiisto	化学家
高重複(恣意的)	PEJVO	arkeologo	古ᴬᴼ学家	PEJVO	matematikisto	数学家
高重複(恣意的)	PEJVO	arkeologo	古ᴬᴼ学家	PEJVO	optikisto	光学家
高重複(恣意的)	PEJVO	artismo	艺主义	PEJVO	deismo	神主义ᴰ
高重複(恣意的)	PEJVO	artismo	艺主义	PEJVO	imperialismo	帝主义
高重複(恣意的)	PEJVO	artismo	艺主义	PEJVO	provincialismo	省主义
高重複(恣意的)	PEJVO	atavismo	祖主义	PEJVO	deismo	神主义ᴰ
高重複(恣意的)	PEJVO	atavismo	祖主义	PEJVO	imperialismo	帝主义
高重複(恣意的)	PEJVO	atavismo	祖主义	PEJVO	provincialismo	省主义
高重複(恣意的)	PEJVO	ateista	无ᴬ神ᵀ家	PEJVO	sendieco	无神性
高重複(恣意的)	PEJVO	atomismo	子ᴬ主义	PEJVO	deismo	神主义ᴰ
高重複(恣意的)	PEJVO	atomismo	子ᴬ主义	PEJVO	imperialismo	帝主义
高重複(恣意的)	PEJVO	atomismo	子ᴬ主义	PEJVO	provincialismo	省主义
高重複(恣意的)	PEJVO	au^tismo	自ᴬ主义	PEJVO	deismo	神主义ᴰ
高重複(恣意的)	PEJVO	au^tismo	自ᴬ主义	PEJVO	imperialismo	帝主义
高重複(恣意的)	PEJVO	au^tismo	自ᴬ主义	PEJVO	provincialismo	省主义
高重複(恣意的)	PEJVO	au^tonomeco	自治性	PEJVO	memregado	自治行
高重複(恣意的)	PEJVO	au^tonomeco	自治性	PEJVO	memreganta	自治在
高重複(恣意的)	PEJVO	aventurismo	冒主义	PEJVO	deismo	神主义ᴰ
高重複(恣意的)	PEJVO	aventurismo	冒主义	PEJVO	imperialismo	帝主义
高重複(恣意的)	PEJVO	aventurismo	冒主义	PEJVO	provincialismo	省主义
高重複(恣意的)	PEJVO	barbarismo	蛮主义	PEJVO	deismo	神主义ᴰ
高重複(恣意的)	PEJVO	barbarismo	蛮主义	PEJVO	imperialismo	帝主义
高重複(恣意的)	PEJVO	barbarismo	蛮主义	PEJVO	provincialismo	省主义
高重複(恣意的)	PEJVO	baritono	男中音	PEJVO	tenora	男高音
高重複(恣意的)	PEJVO	bergamotoleo	香柑ᴮ油	PEJVO	cedratujo	香柑器
高重複(恣意的)	PEJVO	beta-diserig^o	beta-散粒成	PEJVO	disgrajnigi	散粒ᴳ使
高重複(恣意的)	PEJVO	bigoteco	偏执性	PEJVO	paranojulo	偏执ᴾ者
高重複(恣意的)	PEJVO	biologo	生ᴮᴼ学家	PEJVO	estetikisto	美学家
高重複(恣意的)	PEJVO	biologo	生ᴮᴼ学家	PEJVO	gimnastikisto	操ᴳᴵ学ᴵ家
高重複(恣意的)	PEJVO	biologo	生ᴮᴼ学家	PEJVO	kemiisto	化学家
高重複(恣意的)	PEJVO	biologo	生ᴮᴼ学家	PEJVO	matematikisto	数学家
高重複(恣意的)	PEJVO	biologo	生ᴮᴼ学家	PEJVO	optikisto	光学家
高重複(恣意的)	PEJVO	brizeto	微风小	PEJVO	zefirlano	微风ᶻ毛ᴸ
高重複(恣意的)	PEJVO	bromismo	卤ᴮ主义	PEJVO	deismo	神主义ᴰ
高重複(恣意的)	PEJVO	bromismo	卤ᴮ主义	PEJVO	imperialismo	帝主义
高重複(恣意的)	PEJVO	bromismo	卤ᴮ主义	PEJVO	provincialismo	省主义
高重複(恣意的)	PEJVO	budaismo	佛ᴮᴬ主义	PEJVO	deismo	神主义ᴰ
高重複(恣意的)	PEJVO	budaismo	佛ᴮᴬ主义	PEJVO	imperialismo	帝主义
高重複(恣意的)	PEJVO	budaismo	佛ᴮᴬ主义	PEJVO	provincialismo	省主义
高重複(恣意的)	PEJVO	budhismo	佛主义	PEJVO	deismo	神主义ᴰ
高重複(恣意的)	PEJVO	budhismo	佛主义	PEJVO	imperialismo	帝主义
高重複(恣意的)	PEJVO	budhismo	佛主义	PEJVO	provincialismo	省主义
高重複(恣意的)	PEJVO	burokratismo	官ᴮ主义	PEJVO	deismo	神主义ᴰ
高重複(恣意的)	PEJVO	burokratismo	官ᴮ主义	PEJVO	imperialismo	帝主义
高重複(恣意的)	PEJVO	burokratismo	官ᴮ主义	PEJVO	provincialismo	省主义
高重複(恣意的)	PEJVO	buterfungo	黄油菌	PEJVO	kantarelo	鸡油菌
高重複(恣意的)	PEJVO	buterujo	黄油器	PEJVO	latuninstrumento	黄铜器ᴵ
高重複(恣意的)	PEJVO	c^arlatanismo	骗ᶜ̂主义	PEJVO	deismo	神主义ᴰ
高重複(恣意的)	PEJVO	c^arlatanismo	骗ᶜ̂主义	PEJVO	imperialismo	帝主义
高重複(恣意的)	PEJVO	c^arlatanismo	骗ᶜ̂主义	PEJVO	provincialismo	省主义
高重複(恣意的)	PEJVO	carismo	帝ᶜ主义	PEJVO	deismo	神主义ᴰ
高重複(恣意的)	PEJVO	carismo	帝ᶜ主义	PEJVO	provincialismo	省主义
高重複(恣意的)	PEJVO	cekuminflamo	盲肠炎ᴵ	PEJVO	kojlito	结肠炎ᵀ
高重複(恣意的)	PEJVO	celismo	标主义	PEJVO	deismo	神主义ᴰ
高重複(恣意的)	PEJVO	cidoniarbo	木瓜ᶜ树	PEJVO	papajfrukto	木瓜果
高重複(恣意的)	PEJVO	cidonibero	木瓜ᶜ浆果	PEJVO	papajfrukto	木瓜果
高重複(恣意的)	PEJVO	civitismo	市ᶜ主义	PEJVO	deismo	神主义ᴰ
高重複(恣意的)	PEJVO	civitismo	市ᶜ主义	PEJVO	imperialismo	帝主义
高重複(恣意的)	PEJVO	civitismo	市ᶜ主义	PEJVO	provincialismo	省主义
高重複(恣意的)	PEJVO	dandismo	俏主义	PEJVO	deismo	神主义ᴰ
高重複(恣意的)	PEJVO	dandismo	俏主义	PEJVO	imperialismo	帝主义
高重複(恣意的)	PEJVO	dandismo	俏主义	PEJVO	provincialismo	省主义
高重複(恣意的)	PEJVO	deflaciismo	缩ᴰ主义	PEJVO	deismo	神主义ᴰ
高重複(恣意的)	PEJVO	deflaciismo	缩ᴰ主义	PEJVO	imperialismo	帝主义
高重複(恣意的)	PEJVO	deflaciismo	缩ᴰ主义	PEJVO	provincialismo	省主义
高重複(恣意的)	PEJVO	deismo	神主义ᴰ	PEJVO	demokratismo	民ᴰᴱ主义
高重複(恣意的)	PEJVO	deismo	神主义ᴰ	PEJVO	demonismo	魔ᴰᴹ主义
高重複(恣意的)	PEJVO	deismo	神主义ᴰ	PEJVO	determinismo	定ᴰᵀ主义
高重複(恣意的)	PEJVO	deismo	神主义ᴰ	PEJVO	diletantismo	好ᴰ主义
高重複(恣意的)	PEJVO	deismo	神主义ᴰ	PEJVO	dinamismo	力ᴰᴵ主义
高重複(恣意的)	PEJVO	deismo	神主义ᴰ	PEJVO	drakonismo	严ᴰ主义
高重複(恣意的)	PEJVO	deismo	神主义ᴰ	PEJVO	dualismo	双ᴰ主义
高重複(恣意的)	PEJVO	deismo	神主义ᴰ	PEJVO	egalismo	等主义
高重複(恣意的)	PEJVO	deismo	神主义ᴰ	PEJVO	egoisma	吾主义
高重複(恣意的)	PEJVO	deismo	神主义ᴰ	PEJVO	ekspansiismo	膨ᴱ主义
高重複(恣意的)	PEJVO	deismo	神主义ᴰ	PEJVO	eksperimentismo	验ᴱ主义
高重複(恣意的)	PEJVO	deismo	神主义ᴰ	PEJVO	ekspresionismo	表ᴱᴷ主义
高重複(恣意的)	PEJVO	deismo	神主义ᴰ	PEJVO	ekstremismo	极主义
高重複(恣意的)	PEJVO	deismo	神主义ᴰ	PEJVO	ekvilibrismo	衡主义
高重複(恣意的)	PEJVO	deismo	神主义ᴰ	PEJVO	ekzistencialismo	存ᴱᴺ主义
高重複(恣意的)	PEJVO	deismo	神主义ᴰ	PEJVO	ekzotismo	异ᴱ主义
高重複(恣意的)	PEJVO	deismo	神主义ᴰ	PEJVO	elektrismo	电主义
高重複(恣意的)	PEJVO	deismo	神主义ᴰ	PEJVO	empiriismo	验ᴱᴹ主义
高重複(恣意的)	PEJVO	deismo	神主义ᴰ	PEJVO	empirismo	验ᴱᴾ主义
高重複(恣意的)	PEJVO	deismo	神主义ᴰ	PEJVO	energiismo	能ᴱ主义
高重複(恣意的)	PEJVO	deismo	神主义ᴰ	PEJVO	esoterismo	秘ᴱ主义
高重複(恣意的)	PEJVO	deismo	神主义ᴰ	PEJVO	esprimismo	表ᴱˢ主义
高重複(恣意的)	PEJVO	deismo	神主义ᴰ	PEJVO	evoluismo	展主义
高重複(恣意的)	PEJVO	deismo	神主义ᴰ	PEJVO	fatalismo	命ᶠ主义
高重複(恣意的)	PEJVO	deismo	神主义ᴰ	PEJVO	federismo	联ᶠᴱ主义
高重複(恣意的)	PEJVO	deismo	神主义ᴰ	PEJVO	fenomenismo	现ᶠ主义
高重複(恣意的)	PEJVO	deismo	神主义ᴰ	PEJVO	fetic^ismo	物神主义
高重複(恣意的)	PEJVO	deismo	神主义ᴰ	PEJVO	feu^dismo	封ᶠ主义
高重複(恣意的)	PEJVO	deismo	神主义ᴰ	PEJVO	fonetismo	音ᶠᴼ主义
高重複(恣意的)	PEJVO	deismo	神主义ᴰ	PEJVO	formalismo	形ᶠᴸ主义
高重複(恣意的)	PEJVO	deismo	神主义ᴰ	PEJVO	fundamentismo	基ᶠ主义
高重複(恣意的)	PEJVO	deismo	神主义ᴰ	PEJVO	futurismo	未主义
高重複(恣意的)	PEJVO	deismo	神主义ᴰ	PEJVO	galvanismo	电ᴳ主义
高重複(恣意的)	PEJVO	deismo	神主义ᴰ	PEJVO	gigantismo	巨ᴳ主义
高重複(恣意的)	PEJVO	deismo	神主义ᴰ	PEJVO	grafismo	记ᴳ主义
高重複(恣意的)	PEJVO	deismo	神主义ᴰ	PEJVO	heroismo	杰主义
高重複(恣意的)	PEJVO	deismo	神主义ᴰ	PEJVO	hidrargismo	汞主义
高重複(恣意的)	PEJVO	deismo	神主义ᴰ	PEJVO	humanisma	仁主义
高重複(恣意的)	PEJVO	deismo	神主义ᴰ	PEJVO	idealismo	想ᴵᴰ主义
高重複(恣意的)	PEJVO	deismo	神主义ᴰ	PEJVO	idiotismo	愚ᴵ主义
高重複(恣意的)	PEJVO	deismo	神主义ᴰ	PEJVO	iluminismo	照ᴵ主义
高重複(恣意的)	PEJVO	deismo	神主义ᴰ	PEJVO	imanentismo	内ᴵᴹ主义
高重複(恣意的)	PEJVO	deismo	神主义ᴰ	PEJVO	imperialismo	帝主义
高重複(恣意的)	PEJVO	deismo	神主义ᴰ	PEJVO	imperiismo	帝主义
高重複(恣意的)	PEJVO	deismo	神主义ᴰ	PEJVO	individualismo	个ᴵᴸ主义
高重複(恣意的)	PEJVO	deismo	神主义ᴰ	PEJVO	individuismo	个主义
高重複(恣意的)	PEJVO	deismo	神主义ᴰ	PEJVO	industriismo	业主义
高重複(恣意的)	PEJVO	deismo	神主义ᴰ	PEJVO	infanismo	童主义
高重複(恣意的)	PEJVO	deismo	神主义ᴰ	PEJVO	inflaciismo	胀ᴵ主义
高重複(恣意的)	PEJVO	deismo	神主义ᴰ	PEJVO	intelektismo	智ᴵ主义
高重複(恣意的)	PEJVO	deismo	神主义ᴰ	PEJVO	izolismo	隔主义
高重複(恣意的)	PEJVO	deismo	神主义ᴰ	PEJVO	j^urnalismo	记ᴶ̂主义
高重複(恣意的)	PEJVO	deismo	神主义ᴰ	PEJVO	kapitalismo	资主义
高重複(恣意的)	PEJVO	deismo	神主义ᴰ	PEJVO	karierismo	职ᴷ主义
高重複(恣意的)	PEJVO	deismo	神主义ᴰ	PEJVO	katastrofismo	灾主义
高重複(恣意的)	PEJVO	deismo	神主义ᴰ	PEJVO	kavalirismo	士主义
高重複(恣意的)	PEJVO	deismo	神主义ᴰ	PEJVO	klasikismo	典主义
高重複(恣意的)	PEJVO	deismo	神主义ᴰ	PEJVO	klerismo	文主义
高重複(恣意的)	PEJVO	deismo	神主义ᴰ	PEJVO	koloniismo	殖主义
高重複(恣意的)	PEJVO	deismo	神主义ᴰ	PEJVO	komunisma	共ᴷᴹ主义
高重複(恣意的)	PEJVO	deismo	神主义ᴰ	PEJVO	konformismo	合ᴷᴺ主义
高重複(恣意的)	PEJVO	deismo	神主义ᴰ	PEJVO	konservativismo	存ᴷᵀ主义
高重複(恣意的)	PEJVO	deismo	神主义ᴰ	PEJVO	kontingencismo	偶ᴷ主义
高重複(恣意的)	PEJVO	deismo	神主义ᴰ	PEJVO	kooperativismo	协主义
高重複(恣意的)	PEJVO	deismo	神主义ᴰ	PEJVO	kosmopolitismo	泛主义
高重複(恣意的)	PEJVO	deismo	神主义ᴰ	PEJVO	kretenismo	痴ᴷ主义
高重複(恣意的)	PEJVO	deismo	神主义ᴰ	PEJVO	kritikismo	评ᴷ主义
高重複(恣意的)	PEJVO	deismo	神主义ᴰ	PEJVO	kubismo	方ᴷ主义
高重複(恣意的)	PEJVO	deismo	神主义ᴰ	PEJVO	kvietismo	静ᴷ主义
高重複(恣意的)	PEJVO	deismo	神主义ᴰ	PEJVO	lakonismo	简ᴸ主义
高重複(恣意的)	PEJVO	deismo	神主义ᴰ	PEJVO	liberalismo	宽ᴸᴮ主义
高重複(恣意的)	PEJVO	deismo	神主义ᴰ	PEJVO	libertinismo	荡ᴸ主义
高重複(恣意的)	PEJVO	deismo	神主义ᴰ	PEJVO	limfatismo	淋ᴸᵀ主义
高重複(恣意的)	PEJVO	deismo	神主义ᴰ	PEJVO	lirikismo	抒主义
高重複(恣意的)	PEJVO	deismo	神主义ᴰ	PEJVO	lirismo	琴ᴸ主义
高重複(恣意的)	PEJVO	deismo	神主义ᴰ	PEJVO	lokismo	处主义
高重複(恣意的)	PEJVO	deismo	神主义ᴰ	PEJVO	magnetismo	磁主义
高重複(恣意的)	PEJVO	deismo	神主义ᴰ	PEJVO	manierismo	式主义
高重複(恣意的)	PEJVO	deismo	神主义ᴰ	PEJVO	mas^inismo	机主义
高重複(恣意的)	PEJVO	deismo	神主义ᴰ	PEJVO	materialismo	材主义
高重複(恣意的)	PEJVO	deismo	神主义ᴰ	PEJVO	materiismo	质ᴹ主义
高重複(恣意的)	PEJVO	deismo	神主义ᴰ	PEJVO	mediumismo	媒ᴹ主义
高重複(恣意的)	PEJVO	deismo	神主义ᴰ	PEJVO	mekanikismo	械主义
高重複(恣意的)	PEJVO	deismo	神主义ᴰ	PEJVO	meteorismo	陨主义
高重複(恣意的)	PEJVO	deismo	神主义ᴰ	PEJVO	metodismo	法ᴹ主义
高重複(恣意的)	PEJVO	deismo	神主义ᴰ	PEJVO	militarismo	军ᴹ主义
高重複(恣意的)	PEJVO	deismo	神主义ᴰ	PEJVO	militismo	战主义
高重複(恣意的)	PEJVO	deismo	神主义ᴰ	PEJVO	mistikismo	秘ᴹ主义
高重複(恣意的)	PEJVO	deismo	神主义ᴰ	PEJVO	moderismo	适ᴹ主义
高重複(恣意的)	PEJVO	deismo	神主义ᴰ	PEJVO	modernismo	现ᴹ主义
高重複(恣意的)	PEJVO	deismo	神主义ᴰ	PEJVO	monismo	单ᴹᴼ主义
高重複(恣意的)	PEJVO	deismo	神主义ᴰ	PEJVO	moralismo	德ᴹ主义
高重複(恣意的)	PEJVO	deismo	神主义ᴰ	PEJVO	mutualismo	互ᴹ主义
高重複(恣意的)	PEJVO	deismo	神主义ᴰ	PEJVO	naciismo	族主义
高重複(恣意的)	PEJVO	deismo	神主义ᴰ	PEJVO	narkotismo	麻ᴺ主义
高重複(恣意的)	PEJVO	deismo	神主义ᴰ	PEJVO	naturismo	然主义
高重複(恣意的)	PEJVO	deismo	神主义ᴰ	PEJVO	neu^tralismo	中ᴺ主义
高重複(恣意的)	PEJVO	deismo	神主义ᴰ	PEJVO	nihilismo	无ᴺᴴ主义
高重複(恣意的)	PEJVO	deismo	神主义ᴰ	PEJVO	nomadismo	牧ᴺ主义
高重複(恣意的)	PEJVO	deismo	神主义ᴰ	PEJVO	nominalismo	名ᴺᴺ主义
高重複(恣意的)	PEJVO	deismo	神主义ᴰ	PEJVO	nudismo	裸主义
高重複(恣意的)	PEJVO	deismo	神主义ᴰ	PEJVO	okultismo	秘ᴼ主义
高重複(恣意的)	PEJVO	deismo	神主义ᴰ	PEJVO	oportunismo	便主义
高重複(恣意的)	PEJVO	deismo	神主义ᴰ	PEJVO	optimisma	乐ᴼᴾ主义
高重複(恣意的)	PEJVO	deismo	神主义ᴰ	PEJVO	organismo	器ᴼ主义
高重複(恣意的)	PEJVO	deismo	神主义ᴰ	PEJVO	orientalismo	东ᴼᴸ主义
高重複(恣意的)	PEJVO	deismo	神主义ᴰ	PEJVO	pacifismo	和ᴾᶠ主义
高重複(恣意的)	PEJVO	deismo	神主义ᴰ	PEJVO	pacismo	和主义
高重複(恣意的)	PEJVO	deismo	神主义ᴰ	PEJVO	paganismo	异ᴾ主义
高重複(恣意的)	PEJVO	deismo	神主义ᴰ	PEJVO	paralelismo	并主义
高重複(恣意的)	PEJVO	deismo	神主义ᴰ	PEJVO	parlamentismo	议ᴾᴸ主义
高重複(恣意的)	PEJVO	deismo	神主义ᴰ	PEJVO	paroksisma	极ᴾᴷ主义
高重複(恣意的)	PEJVO	deismo	神主义ᴰ	PEJVO	partikularismo	私ᴾᵀ主义
高重複(恣意的)	PEJVO	deismo	神主义ᴰ	PEJVO	pesimisma	悲ᴾ主义
高重複(恣意的)	PEJVO	deismo	神主义ᴰ	PEJVO	pietismo	敬ᴾᵀ主义
高重複(恣意的)	PEJVO	deismo	神主义ᴰ	PEJVO	planismo	划主义
高重複(恣意的)	PEJVO	deismo	神主义ᴰ	PEJVO	plumbismo	铅主义
高重複(恣意的)	PEJVO	deismo	神主义ᴰ	PEJVO	plurdiismo	多ᴾᴿ神主义
高重複(恣意的)	PEJVO	deismo	神主义ᴰ	PEJVO	plurismo	多ᴾᴿ主义
高重複(恣意的)	PEJVO	deismo	神主义ᴰ	PEJVO	popolismo	民主义
高重複(恣意的)	PEJVO	deismo	神主义ᴰ	PEJVO	pozitivismo	正ᴾ主义
高重複(恣意的)	PEJVO	deismo	神主义ᴰ	PEJVO	pragmatismo	实ᴾ主义
高重複(恣意的)	PEJVO	deismo	神主义ᴰ	PEJVO	protektismo	护ᴾ主义
高重複(恣意的)	PEJVO	deismo	神主义ᴰ	PEJVO	provincialismo	省主义
高重複(恣意的)	PEJVO	deismo	神主义ᴰ	PEJVO	provincismo	省ᴾ主义
高重複(恣意的)	PEJVO	deismo	神主义ᴰ	PEJVO	purismo	纯主义
高重複(恣意的)	PEJVO	deismo	神主义ᴰ	PEJVO	raciismo	理ᴿ主义
高重複(恣意的)	PEJVO	deismo	神主义ᴰ	PEJVO	racionalismo	理ᴿᴺ主义
高重複(恣意的)	PEJVO	deismo	神主义ᴰ	PEJVO	radikalismo	彻主义
高重複(恣意的)	PEJVO	deismo	神主义ᴰ	PEJVO	rasismo	种ᴿ主义
高重複(恣意的)	PEJVO	deismo	神主义ᴰ	PEJVO	realisma	实主义
高重複(恣意的)	PEJVO	deismo	神主义ᴰ	PEJVO	regionismo	区主义
高重複(恣意的)	PEJVO	deismo	神主义ᴰ	PEJVO	relativisma	相主义
高重複(恣意的)	PEJVO	deismo	神主义ᴰ	PEJVO	reviziismo	审主义
高重複(恣意的)	PEJVO	deismo	神主义ᴰ	PEJVO	rigorismo	严ᴿ主义
高重複(恣意的)	PEJVO	deismo	神主义ᴰ	PEJVO	ritismo	仪主义
高重複(恣意的)	PEJVO	deismo	神主义ᴰ	PEJVO	rojalismo	王ᴿᴶ主义
高重複(恣意的)	PEJVO	deismo	神主义ᴰ	PEJVO	rutinismo	惯主义
高重複(恣意的)	PEJVO	deismo	神主义ᴰ	PEJVO	s^amanismo	巫ˢ̂主义
高重複(恣意的)	PEJVO	deismo	神主义ᴰ	PEJVO	s^intoismo	神道主义
高重複(恣意的)	PEJVO	deismo	神主义ᴰ	PEJVO	s^tatismo	国ˢ̂主义
高重複(恣意的)	PEJVO	deismo	神主义ᴰ	PEJVO	satanismo	魔ˢᵀ主义
高重複(恣意的)	PEJVO	deismo	神主义ᴰ	PEJVO	saturnismo	土ˢᵀ主义
高重複(恣意的)	PEJVO	deismo	神主义ᴰ	PEJVO	sciencismo	科主义
高重複(恣意的)	PEJVO	deismo	神主义ᴰ	PEJVO	seksismo	性ˢ主义
高重複(恣意的)	PEJVO	deismo	神主义ᴰ	PEJVO	sektismo	派ˢ主义
高重複(恣意的)	PEJVO	deismo	神主义ᴰ	PEJVO	sendiismo	无神主义
高重複(恣意的)	PEJVO	deismo	神主义ᴰ	PEJVO	sensismo	感ˢˢ主义
高重複(恣意的)	PEJVO	deismo	神主义ᴰ	PEJVO	silogismi	论ˢ主义
高重複(恣意的)	PEJVO	deismo	神主义ᴰ	PEJVO	simbolismo	符ˢᴹ主义
高重複(恣意的)	PEJVO	deismo	神主义ᴰ	PEJVO	sindikatismo	盟主义
高重複(恣意的)	PEJVO	deismo	神主义ᴰ	PEJVO	sinkretismo	混ˢ主义
高重複(恣意的)	PEJVO	deismo	神主义ᴰ	PEJVO	skemismo	图ˢ主义
高重複(恣意的)	PEJVO	deismo	神主义ᴰ	PEJVO	skeptikismo	疑ˢᴷ主义
高重複(恣意的)	PEJVO	deismo	神主义ᴰ	PEJVO	sklavismo	奴主义
高重複(恣意的)	PEJVO	deismo	神主义ᴰ	PEJVO	skoltismo	侦主义
高重複(恣意的)	PEJVO	deismo	神主义ᴰ	PEJVO	socialisma	社ˢᴸ主义
高重複(恣意的)	PEJVO	deismo	神主义ᴰ	PEJVO	spiritisma	灵主义
高重複(恣意的)	PEJVO	deismo	神主义ᴰ	PEJVO	spiritualismo	灵ˢᴸ主义
高重複(恣意的)	PEJVO	deismo	神主义ᴰ	PEJVO	stoikismo	忍ˢ主义
高重複(恣意的)	PEJVO	deismo	神主义ᴰ	PEJVO	strabismo	斜ˢ主义
高重複(恣意的)	PEJVO	deismo	神主义ᴰ	PEJVO	strukturismo	构主义
高重複(恣意的)	PEJVO	deismo	神主义ᴰ	PEJVO	terorismo	怖主义
高重複(恣意的)	PEJVO	deismo	神主义ᴰ	PEJVO	totalismo	总ᵀ主义
高重複(恣意的)	PEJVO	deismo	神主义ᴰ	PEJVO	tradiciismo	统主义
高重複(恣意的)	PEJVO	deismo	神主义ᴰ	PEJVO	trau^matismo	创ᵀ主义
高重複(恣意的)	PEJVO	deismo	神主义ᴰ	PEJVO	tropismo	向ᵀ主义
高重複(恣意的)	PEJVO	deismo	神主义ᴰ	PEJVO	universalismo	普ᵁ主义
高重複(恣意的)	PEJVO	deismo	神主义ᴰ	PEJVO	unudiismo	一神主义
高重複(恣意的)	PEJVO	deismo	神主义ᴰ	PEJVO	utilismo	益主义
高重複(恣意的)	PEJVO	deismo	神主义ᴰ	PEJVO	veganismo	素ⱽᴺ主义
高重複(恣意的)	PEJVO	deismo	神主义ᴰ	PEJVO	vegetalismo	植ⱽ主义
高重複(恣意的)	PEJVO	deismo	神主义ᴰ	PEJVO	vegetarismo	素ⱽ主义
高重複(恣意的)	PEJVO	deismo	神主义ᴰ	PEJVO	vitalismo	命ⱽ主义
高重複(恣意的)	PEJVO	deismo	神主义ᴰ	PEJVO	vulgarismo	俗ⱽ主义
高重複(恣意的)	PEJVO	deismo	神主义ᴰ	PEJVO	zenismo	禅主义
高重複(恣意的)	PEJVO	demokratismo	民ᴰᴱ主义	PEJVO	imperialismo	帝主义
高重複(恣意的)	PEJVO	demokratismo	民ᴰᴱ主义	PEJVO	provincialismo	省主义
高重複(恣意的)	PEJVO	demonismo	魔ᴰᴹ主义	PEJVO	imperialismo	帝主义
高重複(恣意的)	PEJVO	demonismo	魔ᴰᴹ主义	PEJVO	provincialismo	省主义
高重複(恣意的)	PEJVO	determinismo	定ᴰᵀ主义	PEJVO	imperialismo	帝主义
高重複(恣意的)	PEJVO	determinismo	定ᴰᵀ主义	PEJVO	provincialismo	省主义
高重複(恣意的)	PEJVO	diismo	神主义	PEJVO	imperialismo	帝主义
高重複(恣意的)	PEJVO	diismo	神主义	PEJVO	provincialismo	省主义
高重複(恣意的)	PEJVO	diletantismo	好ᴰ主义	PEJVO	imperialismo	帝主义
高重複(恣意的)	PEJVO	diletantismo	好ᴰ主义	PEJVO	provincialismo	省主义
高重複(恣意的)	PEJVO	dinamismo	力ᴰᴵ主义	PEJVO	imperialismo	帝主义
高重複(恣意的)	PEJVO	dinamismo	力ᴰᴵ主义	PEJVO	provincialismo	省主义
高重複(恣意的)	PEJVO	diodo	二极管	PEJVO	duontubo	二分管
高重複(恣意的)	PEJVO	disgrajnigi	散粒ᴳ使	PEJVO	gama-diserig^o	gama-散粒成
高重複(恣意的)	PEJVO	diskrediti	散信受	PEJVO	dissendita	散送受
高重複(恣意的)	PEJVO	diskrediti	散信受	PEJVO	distau^zita	散揉ᵀ受
高重複(恣意的)	PEJVO	drakonismo	严ᴰ主义	PEJVO	imperialismo	帝主义
高重複(恣意的)	PEJVO	drakonismo	严ᴰ主义	PEJVO	provincialismo	省主义
高重複(恣意的)	PEJVO	egoisma	吾主义	PEJVO	imperialismo	帝主义
高重複(恣意的)	PEJVO	egoisma	吾主义	PEJVO	provincialismo	省主义
高重複(恣意的)	PEJVO	ekologiisto	境ᴱ学ᴸᴳ家	PEJVO	genealogo	系ᴳ学家
高重複(恣意的)	PEJVO	ekologiisto	境ᴱ学ᴸᴳ家	PEJVO	mineralogo	矿ᴹᴵ学家
高重複(恣意的)	PEJVO	ekologo	境ᴱ学家	PEJVO	estetikisto	美学家
高重複(恣意的)	PEJVO	ekologo	境ᴱ学家	PEJVO	gimnastikisto	操ᴳᴵ学ᴵ家
高重複(恣意的)	PEJVO	ekologo	境ᴱ学家	PEJVO	kemiisto	化学家
高重複(恣意的)	PEJVO	ekologo	境ᴱ学家	PEJVO	matematikisto	数学家
高重複(恣意的)	PEJVO	ekologo	境ᴱ学家	PEJVO	optikisto	光学家
高重複(恣意的)	PEJVO	ekspansiismo	膨ᴱ主义	PEJVO	imperialismo	帝主义
高重複(恣意的)	PEJVO	ekspansiismo	膨ᴱ主义	PEJVO	provincialismo	省主义
高重複(恣意的)	PEJVO	eksperimentismo	验ᴱ主义	PEJVO	provincialismo	省主义
高重複(恣意的)	PEJVO	ekspresionismo	表ᴱᴷ主义	PEJVO	imperialismo	帝主义
高重複(恣意的)	PEJVO	ekspresionismo	表ᴱᴷ主义	PEJVO	provincialismo	省主义
高重複(恣意的)	PEJVO	ekstremismo	极主义	PEJVO	imperialismo	帝主义
高重複(恣意的)	PEJVO	ekstremismo	极主义	PEJVO	provincialismo	省主义
高重複(恣意的)	PEJVO	ekvilibrismo	衡主义	PEJVO	imperialismo	帝主义
高重複(恣意的)	PEJVO	ekvilibrismo	衡主义	PEJVO	provincialismo	省主义
高重複(恣意的)	PEJVO	ekzotismo	异ᴱ主义	PEJVO	imperialismo	帝主义
高重複(恣意的)	PEJVO	ekzotismo	异ᴱ主义	PEJVO	provincialismo	省主义
高重複(恣意的)	PEJVO	elektrismo	电主义	PEJVO	imperialismo	帝主义
高重複(恣意的)	PEJVO	elektrismo	电主义	PEJVO	provincialismo	省主义
高重複(恣意的)	PEJVO	empiriismo	验ᴱᴹ主义	PEJVO	imperialismo	帝主义
高重複(恣意的)	PEJVO	empiriismo	验ᴱᴹ主义	PEJVO	provincialismo	省主义
高重複(恣意的)	PEJVO	empirismo	验ᴱᴾ主义	PEJVO	imperialismo	帝主义
高重複(恣意的)	PEJVO	empirismo	验ᴱᴾ主义	PEJVO	provincialismo	省主义
高重複(恣意的)	PEJVO	energiismo	能ᴱ主义	PEJVO	imperialismo	帝主义
高重複(恣意的)	PEJVO	energiismo	能ᴱ主义	PEJVO	provincialismo	省主义
高重複(恣意的)	PEJVO	ependimito	室膜炎ᵀ	PEJVO	meninginflamo	脑膜炎ᴵ
高重複(恣意的)	PEJVO	esoterismo	秘ᴱ主义	PEJVO	imperialismo	帝主义
高重複(恣意的)	PEJVO	esoterismo	秘ᴱ主义	PEJVO	provincialismo	省主义
高重複(恣意的)	PEJVO	esprimismo	表ᴱˢ主义	PEJVO	imperialismo	帝主义
高重複(恣意的)	PEJVO	esprimismo	表ᴱˢ主义	PEJVO	provincialismo	省主义
高重複(恣意的)	PEJVO	estetikisto	美学家	PEJVO	genealogo	系ᴳ学家
高重複(恣意的)	PEJVO	estetikisto	美学家	PEJVO	geologo	地ᴳ学家
高重複(恣意的)	PEJVO	estetikisto	美学家	PEJVO	meteologo	气ᴹ学家
高重複(恣意的)	PEJVO	estetikisto	美学家	PEJVO	mineralogo	矿ᴹᴵ学家
高重複(恣意的)	PEJVO	evoluismo	展主义	PEJVO	imperialismo	帝主义
高重複(恣意的)	PEJVO	evoluismo	展主义	PEJVO	provincialismo	省主义
高重複(恣意的)	PEJVO	federismo	联ᶠᴱ主义	PEJVO	imperialismo	帝主义
高重複(恣意的)	PEJVO	federismo	联ᶠᴱ主义	PEJVO	provincialismo	省主义
高重複(恣意的)	PEJVO	fenomenismo	现ᶠ主义	PEJVO	imperialismo	帝主义
高重複(恣意的)	PEJVO	fenomenismo	现ᶠ主义	PEJVO	provincialismo	省主义
高重複(恣意的)	PEJVO	feu^dismo	封ᶠ主义	PEJVO	imperialismo	帝主义
高重複(恣意的)	PEJVO	feu^dismo	封ᶠ主义	PEJVO	provincialismo	省主义
高重複(恣意的)	PEJVO	fleso	比目鱼ᶠ	PEJVO	pleu^ronektedoj	比目鱼科ᴱ
高重複(恣意的)	PEJVO	fonetismo	音ᶠᴼ主义	PEJVO	imperialismo	帝主义
高重複(恣意的)	PEJVO	fonetismo	音ᶠᴼ主义	PEJVO	provincialismo	省主义
高重複(恣意的)	PEJVO	fundamentismo	基ᶠ主义	PEJVO	imperialismo	帝主义
高重複(恣意的)	PEJVO	fundamentismo	基ᶠ主义	PEJVO	provincialismo	省主义
高重複(恣意的)	PEJVO	futurismo	未主义	PEJVO	imperialismo	帝主义
高重複(恣意的)	PEJVO	futurismo	未主义	PEJVO	provincialismo	省主义
高重複(恣意的)	PEJVO	galvanismo	电ᴳ主义	PEJVO	imperialismo	帝主义
高重複(恣意的)	PEJVO	galvanismo	电ᴳ主义	PEJVO	provincialismo	省主义
高重複(恣意的)	PEJVO	genealogo	系ᴳ学家	PEJVO	gimnastikisto	操ᴳᴵ学ᴵ家
高重複(恣意的)	PEJVO	genealogo	系ᴳ学家	PEJVO	kemiisto	化学家
高重複(恣意的)	PEJVO	genealogo	系ᴳ学家	PEJVO	matematikisto	数学家
高重複(恣意的)	PEJVO	genealogo	系ᴳ学家	PEJVO	optikisto	光学家
高重複(恣意的)	PEJVO	geofiziko	地ᴳ物理	PEJVO	teraj^isto	地物家
高重複(恣意的)	PEJVO	geologo	地ᴳ学家	PEJVO	gimnastikisto	操ᴳᴵ学ᴵ家
高重複(恣意的)	PEJVO	geologo	地ᴳ学家	PEJVO	kemiisto	化学家
高重複(恣意的)	PEJVO	geologo	地ᴳ学家	PEJVO	matematikisto	数学家
高重複(恣意的)	PEJVO	geologo	地ᴳ学家	PEJVO	optikisto	光学家
高重複(恣意的)	PEJVO	geologo	地ᴳ学家	PEJVO	teraj^isto	地物家
高重複(恣意的)	PEJVO	geologo	地ᴳ学家	PEJVO	terkultivisto	地栽家
高重複(恣意的)	PEJVO	geologo	地ᴳ学家	PEJVO	terkulturisto	地耕家
高重複(恣意的)	PEJVO	geologo	地ᴳ学家	PEJVO	terlaboristo	地劳家
高重複(恣意的)	PEJVO	geologo	地ᴳ学家	PEJVO	termezuristo	地测家
高重複(恣意的)	PEJVO	geometredoj	地ᴳ测ᴹᴱ科ᴱ	PEJVO	termezuristo	地测家
高重複(恣意的)	PEJVO	gigantismo	巨ᴳ主义	PEJVO	imperialismo	帝主义
高重複(恣意的)	PEJVO	gigantismo	巨ᴳ主义	PEJVO	provincialismo	省主义
高重複(恣意的)	PEJVO	gimnastikisto	操ᴳᴵ学ᴵ家	PEJVO	meteologo	气ᴹ学家
高重複(恣意的)	PEJVO	gimnastikisto	操ᴳᴵ学ᴵ家	PEJVO	mineralogo	矿ᴹᴵ学家
高重複(恣意的)	PEJVO	grafismo	记ᴳ主义	PEJVO	imperialismo	帝主义
高重複(恣意的)	PEJVO	grafismo	记ᴳ主义	PEJVO	provincialismo	省主义
高重複(恣意的)	PEJVO	grosujo	醋栗ᴳ器	PEJVO	riblikvoro	醋栗酒ᴸ
高重複(恣意的)	PEJVO	h^oraj^o	合唱物	PEJVO	korusano	合唱ᴷ员
高重複(恣意的)	PEJVO	h^oraj^o	合唱物	PEJVO	korusejo	合唱ᴷ所
高重複(恣意的)	PEJVO	h^orejo	合唱所	PEJVO	korusano	合唱ᴷ员
高重複(恣意的)	PEJVO	h^orestro	合唱长ᴱ	PEJVO	korusano	合唱ᴷ员
高重複(恣意的)	PEJVO	h^orestro	合唱长ᴱ	PEJVO	korusejo	合唱ᴷ所
高重複(恣意的)	PEJVO	heroismo	杰主义	PEJVO	imperialismo	帝主义
高重複(恣意的)	PEJVO	heroismo	杰主义	PEJVO	provincialismo	省主义
高重複(恣意的)	PEJVO	hidrargismo	汞主义	PEJVO	imperialismo	帝主义
高重複(恣意的)	PEJVO	hidrargismo	汞主义	PEJVO	provincialismo	省主义
高重複(恣意的)	PEJVO	hirudo	吸血虫	PEJVO	vampiro	吸血鬼
高重複(恣意的)	PEJVO	humanisma	仁主义	PEJVO	imperialismo	帝主义
高重複(恣意的)	PEJVO	humanisma	仁主义	PEJVO	provincialismo	省主义
高重複(恣意的)	PEJVO	ideismo	意主义	PEJVO	imperialismo	帝主义
高重複(恣意的)	PEJVO	ideismo	意主义	PEJVO	provincialismo	省主义
高重複(恣意的)	PEJVO	idiotismo	愚ᴵ主义	PEJVO	imperialismo	帝主义
高重複(恣意的)	PEJVO	idiotismo	愚ᴵ主义	PEJVO	provincialismo	省主义
高重複(恣意的)	PEJVO	idolkulto	偶像拜ᴷ	PEJVO	ikonadoro	圣像拜
高重複(恣意的)	PEJVO	iluminismo	照ᴵ主义	PEJVO	imperialismo	帝主义
高重複(恣意的)	PEJVO	iluminismo	照ᴵ主义	PEJVO	provincialismo	省主义
高重複(恣意的)	PEJVO	imanentismo	内ᴵᴹ主义	PEJVO	imperialismo	帝主义
高重複(恣意的)	PEJVO	imanentismo	内ᴵᴹ主义	PEJVO	provincialismo	省主义
高重複(恣意的)	PEJVO	imperialismo	帝主义	PEJVO	individuismo	个主义
高重複(恣意的)	PEJVO	imperialismo	帝主义	PEJVO	industriismo	业主义
高重複(恣意的)	PEJVO	imperialismo	帝主义	PEJVO	infanismo	童主义
高重複(恣意的)	PEJVO	imperialismo	帝主义	PEJVO	inflaciismo	胀ᴵ主义
高重複(恣意的)	PEJVO	imperialismo	帝主义	PEJVO	intelektismo	智ᴵ主义
高重複(恣意的)	PEJVO	imperialismo	帝主义	PEJVO	karierismo	职ᴷ主义
高重複(恣意的)	PEJVO	imperialismo	帝主义	PEJVO	katastrofismo	灾主义
高重複(恣意的)	PEJVO	imperialismo	帝主义	PEJVO	kavalirismo	士主义
高重複(恣意的)	PEJVO	imperialismo	帝主义	PEJVO	klasikismo	典主义
高重複(恣意的)	PEJVO	imperialismo	帝主义	PEJVO	klerismo	文主义
高重複(恣意的)	PEJVO	imperialismo	帝主义	PEJVO	koloniismo	殖主义
高重複(恣意的)	PEJVO	imperialismo	帝主义	PEJVO	komunisma	共ᴷᴹ主义
高重複(恣意的)	PEJVO	imperialismo	帝主义	PEJVO	konformismo	合ᴷᴺ主义
高重複(恣意的)	PEJVO	imperialismo	帝主义	PEJVO	konservativismo	存ᴷᵀ主义
高重複(恣意的)	PEJVO	imperialismo	帝主义	PEJVO	kontingencismo	偶ᴷ主义
高重複(恣意的)	PEJVO	imperialismo	帝主义	PEJVO	kooperativismo	协主义
高重複(恣意的)	PEJVO	imperialismo	帝主义	PEJVO	kosmopolitismo	泛主义
高重複(恣意的)	PEJVO	imperialismo	帝主义	PEJVO	kretenismo	痴ᴷ主义
高重複(恣意的)	PEJVO	imperialismo	帝主义	PEJVO	kritikismo	评ᴷ主义
高重複(恣意的)	PEJVO	imperialismo	帝主义	PEJVO	kubismo	方ᴷ主义
高重複(恣意的)	PEJVO	imperialismo	帝主义	PEJVO	kvietismo	静ᴷ主义
高重複(恣意的)	PEJVO	imperialismo	帝主义	PEJVO	lakonismo	简ᴸ主义
高重複(恣意的)	PEJVO	imperialismo	帝主义	PEJVO	libertinismo	荡ᴸ主义
高重複(恣意的)	PEJVO	imperialismo	帝主义	PEJVO	limfatismo	淋ᴸᵀ主义
高重複(恣意的)	PEJVO	imperialismo	帝主义	PEJVO	lirikismo	抒主义
高重複(恣意的)	PEJVO	imperialismo	帝主义	PEJVO	lirismo	琴ᴸ主义
高重複(恣意的)	PEJVO	imperialismo	帝主义	PEJVO	lokismo	处主义
高重複(恣意的)	PEJVO	imperialismo	帝主义	PEJVO	magnetismo	磁主义
高重複(恣意的)	PEJVO	imperialismo	帝主义	PEJVO	manierismo	式主义
高重複(恣意的)	PEJVO	imperialismo	帝主义	PEJVO	mas^inismo	机主义
高重複(恣意的)	PEJVO	imperialismo	帝主义	PEJVO	materiismo	质ᴹ主义
高重複(恣意的)	PEJVO	imperialismo	帝主义	PEJVO	mediumismo	媒ᴹ主义
高重複(恣意的)	PEJVO	imperialismo	帝主义	PEJVO	mekanikismo	械主义
高重複(恣意的)	PEJVO	imperialismo	帝主义	PEJVO	meteorismo	陨主义
高重複(恣意的)	PEJVO	imperialismo	帝主义	PEJVO	metodismo	法ᴹ主义
高重複(恣意的)	PEJVO	imperialismo	帝主义	PEJVO	militarismo	军ᴹ主义
高重複(恣意的)	PEJVO	imperialismo	帝主义	PEJVO	militismo	战主义
高重複(恣意的)	PEJVO	imperialismo	帝主义	PEJVO	mistikismo	秘ᴹ主义
高重複(恣意的)	PEJVO	imperialismo	帝主义	PEJVO	moderismo	适ᴹ主义
高重複(恣意的)	PEJVO	imperialismo	帝主义	PEJVO	modernismo	现ᴹ主义
高重複(恣意的)	PEJVO	imperialismo	帝主义	PEJVO	monismo	单ᴹᴼ主义
高重複(恣意的)	PEJVO	imperialismo	帝主义	PEJVO	naciismo	族主义
高重複(恣意的)	PEJVO	imperialismo	帝主义	PEJVO	narkotismo	麻ᴺ主义
高重複(恣意的)	PEJVO	imperialismo	帝主义	PEJVO	naturismo	然主义
高重複(恣意的)	PEJVO	imperialismo	帝主义	PEJVO	neismo	不主义
高重複(恣意的)	PEJVO	imperialismo	帝主义	PEJVO	nomadismo	牧ᴺ主义
高重複(恣意的)	PEJVO	imperialismo	帝主义	PEJVO	nudismo	裸主义
高重複(恣意的)	PEJVO	imperialismo	帝主义	PEJVO	okultismo	秘ᴼ主义
高重複(恣意的)	PEJVO	imperialismo	帝主义	PEJVO	oportunismo	便主义
高重複(恣意的)	PEJVO	imperialismo	帝主义	PEJVO	optimisma	乐ᴼᴾ主义
高重複(恣意的)	PEJVO	imperialismo	帝主义	PEJVO	organismo	器ᴼ主义
高重複(恣意的)	PEJVO	imperialismo	帝主义	PEJVO	pacifismo	和ᴾᶠ主义
高重複(恣意的)	PEJVO	imperialismo	帝主义	PEJVO	pacismo	和主义
高重複(恣意的)	PEJVO	imperialismo	帝主义	PEJVO	paganismo	异ᴾ主义
高重複(恣意的)	PEJVO	imperialismo	帝主义	PEJVO	parlamentismo	议ᴾᴸ主义
高重複(恣意的)	PEJVO	imperialismo	帝主义	PEJVO	paroksisma	极ᴾᴷ主义
高重複(恣意的)	PEJVO	imperialismo	帝主义	PEJVO	partikularismo	私ᴾᵀ主义
高重複(恣意的)	PEJVO	imperialismo	帝主义	PEJVO	paseismo	过ᴾᴱ主义
高重複(恣意的)	PEJVO	imperialismo	帝主义	PEJVO	pesimisma	悲ᴾ主义
高重複(恣意的)	PEJVO	imperialismo	帝主义	PEJVO	pietismo	敬ᴾᵀ主义
高重複(恣意的)	PEJVO	imperialismo	帝主义	PEJVO	planismo	划主义
高重複(恣意的)	PEJVO	imperialismo	帝主义	PEJVO	plumbismo	铅主义
高重複(恣意的)	PEJVO	imperialismo	帝主义	PEJVO	plurismo	多ᴾᴿ主义
高重複(恣意的)	PEJVO	imperialismo	帝主义	PEJVO	pozitivismo	正ᴾ主义
高重複(恣意的)	PEJVO	imperialismo	帝主义	PEJVO	pragmatismo	实ᴾ主义
高重複(恣意的)	PEJVO	imperialismo	帝主义	PEJVO	protektismo	护ᴾ主义
高重複(恣意的)	PEJVO	imperialismo	帝主义	PEJVO	provincismo	省ᴾ主义
高重複(恣意的)	PEJVO	imperialismo	帝主义	PEJVO	purismo	纯主义
高重複(恣意的)	PEJVO	imperialismo	帝主义	PEJVO	raciismo	理ᴿ主义
高重複(恣意的)	PEJVO	imperialismo	帝主义	PEJVO	rasismo	种ᴿ主义
高重複(恣意的)	PEJVO	imperialismo	帝主义	PEJVO	regionismo	区主义
高重複(恣意的)	PEJVO	imperialismo	帝主义	PEJVO	relativisma	相主义
高重複(恣意的)	PEJVO	imperialismo	帝主义	PEJVO	reviziismo	审主义
高重複(恣意的)	PEJVO	imperialismo	帝主义	PEJVO	rigorismo	严ᴿ主义
高重複(恣意的)	PEJVO	imperialismo	帝主义	PEJVO	ritismo	仪主义
高重複(恣意的)	PEJVO	imperialismo	帝主义	PEJVO	rutinismo	惯主义
高重複(恣意的)	PEJVO	imperialismo	帝主义	PEJVO	s^amanismo	巫ˢ̂主义
高重複(恣意的)	PEJVO	imperialismo	帝主义	PEJVO	s^tatismo	国ˢ̂主义
高重複(恣意的)	PEJVO	imperialismo	帝主义	PEJVO	satanismo	魔ˢᵀ主义
高重複(恣意的)	PEJVO	imperialismo	帝主义	PEJVO	saturnismo	土ˢᵀ主义
高重複(恣意的)	PEJVO	imperialismo	帝主义	PEJVO	sciencismo	科主义
高重複(恣意的)	PEJVO	imperialismo	帝主义	PEJVO	seksismo	性ˢ主义
高重複(恣意的)	PEJVO	imperialismo	帝主义	PEJVO	sektismo	派ˢ主义
高重複(恣意的)	PEJVO	imperialismo	帝主义	PEJVO	sensismo	感ˢˢ主义
高重複(恣意的)	PEJVO	imperialismo	帝主义	PEJVO	silogismi	论ˢ主义
高重複(恣意的)	PEJVO	imperialismo	帝主义	PEJVO	sindikatismo	盟主义
高重複(恣意的)	PEJVO	imperialismo	帝主义	PEJVO	sinkretismo	混ˢ主义
高重複(恣意的)	PEJVO	imperialismo	帝主义	PEJVO	skemismo	图ˢ主义
高重複(恣意的)	PEJVO	imperialismo	帝主义	PEJVO	skeptikismo	疑ˢᴷ主义
高重複(恣意的)	PEJVO	imperialismo	帝主义	PEJVO	sklavismo	奴主义
高重複(恣意的)	PEJVO	imperialismo	帝主义	PEJVO	skoltismo	侦主义
高重複(恣意的)	PEJVO	imperialismo	帝主义	PEJVO	spiritisma	灵主义
高重複(恣意的)	PEJVO	imperialismo	帝主义	PEJVO	stoikismo	忍ˢ主义
高重複(恣意的)	PEJVO	imperialismo	帝主义	PEJVO	strabismo	斜ˢ主义
高重複(恣意的)	PEJVO	imperialismo	帝主义	PEJVO	strukturismo	构主义
高重複(恣意的)	PEJVO	imperialismo	帝主义	PEJVO	teismo	神ᵀ主义
高重複(恣意的)	PEJVO	imperialismo	帝主义	PEJVO	terorismo	怖主义
高重複(恣意的)	PEJVO	imperialismo	帝主义	PEJVO	tradiciismo	统主义
高重複(恣意的)	PEJVO	imperialismo	帝主义	PEJVO	trau^matismo	创ᵀ主义
高重複(恣意的)	PEJVO	imperialismo	帝主义	PEJVO	tropismo	向ᵀ主义
高重複(恣意的)	PEJVO	imperialismo	帝主义	PEJVO	veganismo	素ⱽᴺ主义
高重複(恣意的)	PEJVO	imperialismo	帝主义	PEJVO	vegetarismo	素ⱽ主义
高重複(恣意的)	PEJVO	imperialismo	帝主义	PEJVO	vulgarismo	俗ⱽ主义
高重複(恣意的)	PEJVO	imperialismo	帝主义	PEJVO	zenismo	禅主义
高重複(恣意的)	PEJVO	imperiismo	帝主义	PEJVO	provincialismo	省主义
高重複(恣意的)	PEJVO	individuismo	个主义	PEJVO	provincialismo	省主义
高重複(恣意的)	PEJVO	industriismo	业主义	PEJVO	provincialismo	省主义
高重複(恣意的)	PEJVO	infanismo	童主义	PEJVO	provincialismo	省主义
高重複(恣意的)	PEJVO	inflaciismo	胀ᴵ主义	PEJVO	provincialismo	省主义
高重複(恣意的)	PEJVO	intelektismo	智ᴵ主义	PEJVO	provincialismo	省主义
高重複(恣意的)	PEJVO	karierismo	职ᴷ主义	PEJVO	provincialismo	省主义
高重複(恣意的)	PEJVO	katastrofismo	灾主义	PEJVO	provincialismo	省主义
高重複(恣意的)	PEJVO	kavalirismo	士主义	PEJVO	provincialismo	省主义
高重複(恣意的)	PEJVO	kemiisto	化学家	PEJVO	meteologo	气ᴹ学家
高重複(恣意的)	PEJVO	kemiisto	化学家	PEJVO	mineralogo	矿ᴹᴵ学家
高重複(恣意的)	PEJVO	klasikismo	典主义	PEJVO	provincialismo	省主义
高重複(恣意的)	PEJVO	klerismo	文主义	PEJVO	provincialismo	省主义
高重複(恣意的)	PEJVO	kokosbutero	椰黄油	PEJVO	koproleo	椰干油
高重複(恣意的)	PEJVO	kolc^iko	秋水仙	PEJVO	poetnarciso	诗ᴾᵀ水仙
高重複(恣意的)	PEJVO	koloniismo	殖主义	PEJVO	provincialismo	省主义
高重複(恣意的)	PEJVO	komunisma	共ᴷᴹ主义	PEJVO	provincialismo	省主义
高重複(恣意的)	PEJVO	koncesiulo	特许ᴷ者	PEJVO	patentaj^o	特许物
高重複(恣意的)	PEJVO	koncesiulo	特许ᴷ者	PEJVO	patentigi	特许使
高重複(恣意的)	PEJVO	koncesiulo	特许ᴷ者	PEJVO	patentita	特许受
高重複(恣意的)	PEJVO	koncesiulo	特许ᴷ者	PEJVO	patentrajto	特许权
高重複(恣意的)	PEJVO	konformismo	合ᴷᴺ主义	PEJVO	provincialismo	省主义
高重複(恣意的)	PEJVO	konjunktivito	结膜炎ᵀ	PEJVO	meninginflamo	脑膜炎ᴵ
高重複(恣意的)	PEJVO	konservativismo	存ᴷᵀ主义	PEJVO	provincialismo	省主义
高重複(恣意的)	PEJVO	kontingencismo	偶ᴷ主义	PEJVO	provincialismo	省主义
高重複(恣意的)	PEJVO	kooperativismo	协主义	PEJVO	provincialismo	省主义
高重複(恣意的)	PEJVO	korneito	角膜炎ᵀ	PEJVO	meninginflamo	脑膜炎ᴵ
高重複(恣意的)	PEJVO	kosmopolitismo	泛主义	PEJVO	provincialismo	省主义
高重複(恣意的)	PEJVO	kretenismo	痴ᴷ主义	PEJVO	provincialismo	省主义
高重複(恣意的)	PEJVO	kritikismo	评ᴷ主义	PEJVO	provincialismo	省主义
高重複(恣意的)	PEJVO	kubismo	方ᴷ主义	PEJVO	provincialismo	省主义
高重複(恣意的)	PEJVO	kvietismo	静ᴷ主义	PEJVO	provincialismo	省主义
高重複(恣意的)	PEJVO	lakonismo	简ᴸ主义	PEJVO	provincialismo	省主义
高重複(恣意的)	PEJVO	latiro	香豌豆	PEJVO	vicio	野豌豆
高重複(恣意的)	PEJVO	latuninstrumento	黄铜器ᴵ	PEJVO	tombakaj^o	黄铜ᵀ物
高重複(恣意的)	PEJVO	libertinismo	荡ᴸ主义	PEJVO	provincialismo	省主义
高重複(恣意的)	PEJVO	limando	比目鱼ᴸ	PEJVO	pleu^ronektedoj	比目鱼科ᴱ
高重複(恣意的)	PEJVO	limfatismo	淋ᴸᵀ主义	PEJVO	provincialismo	省主义
高重複(恣意的)	PEJVO	lirikismo	抒主义	PEJVO	provincialismo	省主义
高重複(恣意的)	PEJVO	lirismo	琴ᴸ主义	PEJVO	provincialismo	省主义
高重複(恣意的)	PEJVO	lokismo	处主义	PEJVO	provincialismo	省主义
高重複(恣意的)	PEJVO	magnetismo	磁主义	PEJVO	provincialismo	省主义
高重複(恣意的)	PEJVO	magnetito	磁铁矿	PEJVO	pirito	黄铁矿
高重複(恣意的)	PEJVO	manierismo	式主义	PEJVO	provincialismo	省主义
高重複(恣意的)	PEJVO	mas^inismo	机主义	PEJVO	provincialismo	省主义
高重複(恣意的)	PEJVO	matematikisto	数学家	PEJVO	meteologo	气ᴹ学家
高重複(恣意的)	PEJVO	matematikisto	数学家	PEJVO	mineralogo	矿ᴹᴵ学家
高重複(恣意的)	PEJVO	materiismo	质ᴹ主义	PEJVO	provincialismo	省主义
高重複(恣意的)	PEJVO	mediumismo	媒ᴹ主义	PEJVO	provincialismo	省主义
高重複(恣意的)	PEJVO	megatuno	百万ᴹᴳ吨	PEJVO	milionobla	百万倍
高重複(恣意的)	PEJVO	megatuno	百万ᴹᴳ吨	PEJVO	milionono	百万分
高重複(恣意的)	PEJVO	megatuno	百万ᴹᴳ吨	PEJVO	milionulo	百万者
高重複(恣意的)	PEJVO	megavato	百万ᴹᴳ瓦ⱽ	PEJVO	milionobla	百万倍
高重複(恣意的)	PEJVO	megavato	百万ᴹᴳ瓦ⱽ	PEJVO	milionono	百万分
高重複(恣意的)	PEJVO	megavato	百万ᴹᴳ瓦ⱽ	PEJVO	milionulo	百万者
高重複(恣意的)	PEJVO	mekanikismo	械主义	PEJVO	provincialismo	省主义
高重複(恣意的)	PEJVO	meninginflamo	脑膜炎ᴵ	PEJVO	peritoneito	腹膜炎ᵀ
高重複(恣意的)	PEJVO	meninginflamo	脑膜炎ᴵ	PEJVO	pleu^rito	胸膜炎ᵀ
高重複(恣意的)	PEJVO	mentonbendo	下巴带ᴮ	PEJVO	subtropika	下热带
高重複(恣意的)	PEJVO	mentonrimeno	下巴带ᴿ	PEJVO	subtropika	下热带
高重複(恣意的)	PEJVO	meringelo	蛋白霜ᴹᴸ	PEJVO	opalo	蛋白石
高重複(恣意的)	PEJVO	meringi	蛋白霜	PEJVO	opalo	蛋白石
高重複(恣意的)	PEJVO	meteologo	气ᴹ学家	PEJVO	optikisto	光学家
高重複(恣意的)	PEJVO	meteorismo	陨主义	PEJVO	provincialismo	省主义
高重複(恣意的)	PEJVO	metodismo	法ᴹ主义	PEJVO	provincialismo	省主义
高重複(恣意的)	PEJVO	migdalarbo	扁桃树	PEJVO	tonsilito	扁桃ᵀ炎ᵀ
高重複(恣意的)	PEJVO	migdalglando	扁桃腺	PEJVO	tonsilito	扁桃ᵀ炎ᵀ
高重複(恣意的)	PEJVO	migdalokula	扁桃目	PEJVO	tonsilito	扁桃ᵀ炎ᵀ
高重複(恣意的)	PEJVO	migdaloleo	扁桃油	PEJVO	tonsilito	扁桃ᵀ炎ᵀ
高重複(恣意的)	PEJVO	migdalujo	扁桃器	PEJVO	tonsilito	扁桃ᵀ炎ᵀ
高重複(恣意的)	PEJVO	militarismo	军ᴹ主义	PEJVO	provincialismo	省主义
高重複(恣意的)	PEJVO	militismo	战主义	PEJVO	provincialismo	省主义
高重複(恣意的)	PEJVO	mineralogo	矿ᴹᴵ学家	PEJVO	optikisto	光学家
高重複(恣意的)	PEJVO	mistikismo	秘ᴹ主义	PEJVO	provincialismo	省主义
高重複(恣意的)	PEJVO	moderismo	适ᴹ主义	PEJVO	provincialismo	省主义
高重複(恣意的)	PEJVO	modernismo	现ᴹ主义	PEJVO	provincialismo	省主义
高重複(恣意的)	PEJVO	monismo	单ᴹᴼ主义	PEJVO	provincialismo	省主义
高重複(恣意的)	PEJVO	naciismo	族主义	PEJVO	provincialismo	省主义
高重複(恣意的)	PEJVO	narkotismo	麻ᴺ主义	PEJVO	provincialismo	省主义
高重複(恣意的)	PEJVO	naturismo	然主义	PEJVO	provincialismo	省主义
高重複(恣意的)	PEJVO	needukebla	不育ᴱ可	PEJVO	sterileco	不育性
高重複(恣意的)	PEJVO	needukebla	不育ᴱ可	PEJVO	steriligi	不育使
高重複(恣意的)	PEJVO	needukebla	不育ᴱ可	PEJVO	sterilizi	不育化
高重複(恣意的)	PEJVO	needukita	不育ᴱ受	PEJVO	sterileco	不育性
高重複(恣意的)	PEJVO	needukita	不育ᴱ受	PEJVO	steriligi	不育使
高重複(恣意的)	PEJVO	needukita	不育ᴱ受	PEJVO	sterilizi	不育化
高重複(恣意的)	PEJVO	neolitiko	新ᴺᴱ石ᴸᵀ学ᴵ	PEJVO	novs^tonepoko	新石纪
高重複(恣意的)	PEJVO	nervaro	神经群	PEJVO	neu^ralgio	神经ᴺᵁ̆痛ᴬ
高重複(恣意的)	PEJVO	nervaro	神经群	PEJVO	neu^rastenio	神经ᴺᵁ̆弱ᴬ
高重複(恣意的)	PEJVO	nervaro	神经群	PEJVO	neu^roza	神经ᴺᵁ̆症ᴼ
高重複(恣意的)	PEJVO	noktuo	猫头鹰ᴺ	PEJVO	orelstrigo	耳猫头鹰
高重複(恣意的)	PEJVO	noktuo	猫头鹰ᴺ	PEJVO	turstrigo	塔猫头鹰
高重複(恣意的)	PEJVO	nomadismo	牧ᴺ主义	PEJVO	provincialismo	省主义
高重複(恣意的)	PEJVO	nudismo	裸主义	PEJVO	provincialismo	省主义
高重複(恣意的)	PEJVO	okcipitosto	后脑骨	PEJVO	postkilo	后龙骨
高重複(恣意的)	PEJVO	okultismo	秘ᴼ主义	PEJVO	provincialismo	省主义
高重複(恣意的)	PEJVO	oportunismo	便主义	PEJVO	provincialismo	省主义
高重複(恣意的)	PEJVO	optimisma	乐ᴼᴾ主义	PEJVO	provincialismo	省主义
高重複(恣意的)	PEJVO	orelstrigo	耳猫头鹰	PEJVO	otuso	猫头鹰ᴼ
高重複(恣意的)	PEJVO	organismo	器ᴼ主义	PEJVO	provincialismo	省主义
高重複(恣意的)	PEJVO	ortangulo	直角角	PEJVO	T-ortilo	T-直角具
高重複(恣意的)	PEJVO	ortanto	直角在	PEJVO	T-ortilo	T-直角具
高重複(恣意的)	PEJVO	otuso	猫头鹰ᴼ	PEJVO	turstrigo	塔猫头鹰
高重複(恣意的)	PEJVO	pacifismo	和ᴾᶠ主义	PEJVO	provincialismo	省主义
高重複(恣意的)	PEJVO	pacismo	和主义	PEJVO	provincialismo	省主义
高重複(恣意的)	PEJVO	paganismo	异ᴾ主义	PEJVO	provincialismo	省主义
高重複(恣意的)	PEJVO	parlamentismo	议ᴾᴸ主义	PEJVO	provincialismo	省主义
高重複(恣意的)	PEJVO	paroksisma	极ᴾᴷ主义	PEJVO	provincialismo	省主义
高重複(恣意的)	PEJVO	partikularismo	私ᴾᵀ主义	PEJVO	provincialismo	省主义
高重複(恣意的)	PEJVO	paseismo	过ᴾᴱ主义	PEJVO	provincialismo	省主义
高重複(恣意的)	PEJVO	pesimisma	悲ᴾ主义	PEJVO	provincialismo	省主义
高重複(恣意的)	PEJVO	pietismo	敬ᴾᵀ主义	PEJVO	provincialismo	省主义
高重複(恣意的)	PEJVO	planismo	划主义	PEJVO	provincialismo	省主义
高重複(恣意的)	PEJVO	plateso	比目鱼ᴾᵀ	PEJVO	pleu^ronektedoj	比目鱼科ᴱ
高重複(恣意的)	PEJVO	plumbismo	铅主义	PEJVO	provincialismo	省主义
高重複(恣意的)	PEJVO	plurbajta	多ᴾᴿ字节	PEJVO	polimero	多ᴾ链节
高重複(恣意的)	PEJVO	plurismo	多ᴾᴿ主义	PEJVO	provincialismo	省主义
高重複(恣意的)	PEJVO	pozitivismo	正ᴾ主义	PEJVO	provincialismo	省主义
高重複(恣意的)	PEJVO	pragmatismo	实ᴾ主义	PEJVO	provincialismo	省主义
高重複(恣意的)	PEJVO	prerilupo	草原ᴾ狼	PEJVO	stepvulpo	草原狐
高重複(恣意的)	PEJVO	protektismo	护ᴾ主义	PEJVO	provincialismo	省主义
高重複(恣意的)	PEJVO	provincialismo	省主义	PEJVO	neismo	不主义
高重複(恣意的)	PEJVO	provincialismo	省主义	PEJVO	purismo	纯主义
高重複(恣意的)	PEJVO	provincialismo	省主义	PEJVO	raciismo	理ᴿ主义
高重複(恣意的)	PEJVO	provincialismo	省主义	PEJVO	rasismo	种ᴿ主义
高重複(恣意的)	PEJVO	provincialismo	省主义	PEJVO	regionismo	区主义
高重複(恣意的)	PEJVO	provincialismo	省主义	PEJVO	relativisma	相主义
高重複(恣意的)	PEJVO	provincialismo	省主义	PEJVO	reviziismo	审主义
高重複(恣意的)	PEJVO	provincialismo	省主义	PEJVO	rigorismo	严ᴿ主义
高重複(恣意的)	PEJVO	provincialismo	省主义	PEJVO	ritismo	仪主义
高重複(恣意的)	PEJVO	provincialismo	省主义	PEJVO	rutinismo	惯主义
高重複(恣意的)	PEJVO	provincialismo	省主义	PEJVO	s^amanismo	巫ˢ̂主义
高重複(恣意的)	PEJVO	provincialismo	省主义	PEJVO	s^tatismo	国ˢ̂主义
高重複(恣意的)	PEJVO	provincialismo	省主义	PEJVO	satanismo	魔ˢᵀ主义
高重複(恣意的)	PEJVO	provincialismo	省主义	PEJVO	saturnismo	土ˢᵀ主义
高重複(恣意的)	PEJVO	provincialismo	省主义	PEJVO	sciencismo	科主义
高重複(恣意的)	PEJVO	provincialismo	省主义	PEJVO	seksismo	性ˢ主义
高重複(恣意的)	PEJVO	provincialismo	省主义	PEJVO	sektismo	派ˢ主义
高重複(恣意的)	PEJVO	provincialismo	省主义	PEJVO	sensismo	感ˢˢ主义
高重複(恣意的)	PEJVO	provincialismo	省主义	PEJVO	silogismi	论ˢ主义
高重複(恣意的)	PEJVO	provincialismo	省主义	PEJVO	sindikatismo	盟主义
高重複(恣意的)	PEJVO	provincialismo	省主义	PEJVO	sinkretismo	混ˢ主义
高重複(恣意的)	PEJVO	provincialismo	省主义	PEJVO	skemismo	图ˢ主义
高重複(恣意的)	PEJVO	provincialismo	省主义	PEJVO	skeptikismo	疑ˢᴷ主义
高重複(恣意的)	PEJVO	provincialismo	省主义	PEJVO	sklavismo	奴主义
高重複(恣意的)	PEJVO	provincialismo	省主义	PEJVO	skoltismo	侦主义
高重複(恣意的)	PEJVO	provincialismo	省主义	PEJVO	spiritisma	灵主义
高重複(恣意的)	PEJVO	provincialismo	省主义	PEJVO	stoikismo	忍ˢ主义
高重複(恣意的)	PEJVO	provincialismo	省主义	PEJVO	strabismo	斜ˢ主义
高重複(恣意的)	PEJVO	provincialismo	省主义	PEJVO	strukturismo	构主义
高重複(恣意的)	PEJVO	provincialismo	省主义	PEJVO	teismo	神ᵀ主义
高重複(恣意的)	PEJVO	provincialismo	省主义	PEJVO	terorismo	怖主义
高重複(恣意的)	PEJVO	provincialismo	省主义	PEJVO	tradiciismo	统主义
高重複(恣意的)	PEJVO	provincialismo	省主义	PEJVO	trau^matismo	创ᵀ主义
高重複(恣意的)	PEJVO	provincialismo	省主义	PEJVO	tropismo	向ᵀ主义
高重複(恣意的)	PEJVO	provincialismo	省主义	PEJVO	veganismo	素ⱽᴺ主义
高重複(恣意的)	PEJVO	provincialismo	省主义	PEJVO	vegetarismo	素ⱽ主义
高重複(恣意的)	PEJVO	provincialismo	省主义	PEJVO	vulgarismo	俗ⱽ主义
高重複(恣意的)	PEJVO	provincialismo	省主义	PEJVO	zenismo	禅主义
高重複(恣意的)	PEJVO	punkcinadlo	穿刺针	PEJVO	trapikilo	穿刺具
高重複(恣意的)	PEJVO	samtempulo	同时者	PEJVO	simultaneco	同时性
高重複(恣意的)	PEJVO	soprana	女高音	PEJVO	tenora	男高音
高重複(恣意的)	PEJVO	uretrinflamo	尿道炎ᴵ	PEJVO	vaginito	阴道炎ᵀ
完全衝突(異義)	CSV2890	mezo	中	PIV	mesoo	中
完全衝突(異義)	CSV2890	neniam	无时	PIV	sentempa	无时
完全衝突(異義)	CSV2890	si	己	PIV	heks	己
高重複(恣意的)	CSV2890	decembro	十二月	PIV	dodekaedro	十二面ᴱ
高重複(恣意的)	CSV2890	decembro	十二月	PIV	dodekafona	十二声ᶠᴼ
高重複(恣意的)	CSV2890	karoto	胡萝卜	PIV	furag^rapo	饲萝卜ᴿᴾ
高重複(恣意的)	CSV2890	karoto	胡萝卜	PIV	g^ardenrapo	园萝卜ᴿᴾ
完全衝突(異義)	PEJVO	alburno	白鱼	PIV	blankfis^o	白鱼
完全衝突(異義)	PEJVO	c^evalkas^tano	马栗	PIV	hipokastano	马栗
完全衝突(異義)	PEJVO	dukolora	二色	PIV	dikroa	二色
完全衝突(異義)	PEJVO	endosmozo	内渗	PIV	enosmozo	内渗
完全衝突(異義)	PEJVO	fraji	鱼卵	PIV	fis^ovoj	鱼卵
完全衝突(異義)	PEJVO	frakulo	燕尾者	PIV	hirundvostulo	燕尾者
完全衝突(異義)	PEJVO	fritkuko	炸糕	PIV	benjeto	炸糕
完全衝突(異義)	PEJVO	interpunkcii	标点	PIV	celpunkto	标点
完全衝突(異義)	PEJVO	klinangulo	斜角	PIV	skaleno	斜角
完全衝突(異義)	PEJVO	kolharoj	颈毛	PIV	krino	颈毛
完全衝突(異義)	PEJVO	kombinig^i	合成	PIV	anabolo	合成
完全衝突(異義)	PEJVO	konvekti	对流	PIV	kontrau^flue	对流
完全衝突(異義)	PEJVO	miljara	千年	PIV	milenio	千年
完全衝突(異義)	PEJVO	multkolora	多色	PIV	pleokroa	多色
完全衝突(異義)	PEJVO	multkoloreco	多色性	PIV	pleokroeco	多色性
完全衝突(異義)	PEJVO	nelonga	不长	PIV	nelge	不长
完全衝突(異義)	PEJVO	pavezo	船壁	PIV	s^ipmuro	船壁
完全衝突(異義)	PEJVO	reakciigi	反应使	PIV	maldevigi	反应使
完全衝突(異義)	PEJVO	sameco	同性	PIV	gejo	同性
完全衝突(異義)	PEJVO	samtempa	同时	PIV	simultana	同时
完全衝突(異義)	PEJVO	tripanosomo	原兽ᵀ	PIV	praterioj	原兽ᵀ
完全衝突(異義)	PEJVO	tripkolbaso	肚肠	PIV	andujo	肚肠
完全衝突(異義)	PEJVO	unudiismo	一神主义	PIV	unitariismo	一神主义
完全衝突(異義)	PEJVO	unueca	一性	PIV	monofizito	一性
転置(恣意的)	PEJVO	bestego	兽巨	PIV	megaterio	巨ᴹᴱ兽ᵀ
転置(恣意的)	PEJVO	fonduso	基金	PIV	kromiilo	金ᴷᴿ基ᴵ
転置(恣意的)	PEJVO	futbaltereno	球ᶠ地ᵀᴺ	PIV	geosfero	地ᴳ球ˢ
転置(恣意的)	PEJVO	hejmurbo	家ᴴ市	PIV	bazaristo	市ᴮᶻ家
転置(恣意的)	PEJVO	impotenta	性无能	PIV	senkapableco	无能ᴷ性
転置(恣意的)	PEJVO	jarmilo	年千	PIV	milenio	千年
転置(恣意的)	PEJVO	memortago	记日	PIV	heliografo	日ᴴ记ᴳ
転置(恣意的)	PEJVO	misiisto	使ᴹ家	PIV	hejmigi	家ᴴ使
転置(恣意的)	PEJVO	postakus^o	后产ᴬ	PIV	puerpera	产后
高重複(恣意的)	PEJVO	T-ortilo	T-直角具	PIV	ortaj^o	直角物
高重複(恣意的)	PEJVO	abatejo	院长所	PIV	prioreco	院长ᴾ性
高重複(恣意的)	PEJVO	abatino	院长女	PIV	prioreco	院长ᴾ性
高重複(恣意的)	PEJVO	albumino	白蛋白	PIV	globulino	球蛋白
高重複(恣意的)	PEJVO	albumino	白蛋白	PIV	heteroproteino	异ᴴ蛋白
高重複(恣意的)	PEJVO	albumino	白蛋白	PIV	lipidproteino	脂ᴸᴾ蛋白
高重複(恣意的)	PEJVO	ambau^seksema	两性ˢ倾	PIV	hermafroditflora	两ᴴ性ᴬᶠ花
高重複(恣意的)	PEJVO	ananas-suko	菠萝-汁	PIV	jakvo	菠萝蜜
高重複(恣意的)	PEJVO	ananasujo	菠萝器	PIV	jakvo	菠萝蜜
高重複(恣意的)	PEJVO	apuso	金丝燕ᴬ	PIV	salangannesto	金丝燕巢
高重複(恣意的)	PEJVO	arh^eologo	古ᴬᴴ̂学家	PIV	dietikisto	节学ᴵ家
高重複(恣意的)	PEJVO	arh^eologo	古ᴬᴴ̂学家	PIV	kladikisto	支ᴷ学ᴵ家
高重複(恣意的)	PEJVO	arh^eologo	古ᴬᴴ̂学家	PIV	komputikisto	算ᴷᴹ学ᴵ家
高重複(恣意的)	PEJVO	arh^eologo	古ᴬᴴ̂学家	PIV	metodikisto	法ᴹ学ᴵ家
高重複(恣意的)	PEJVO	arkeologo	古ᴬᴼ学家	PIV	dietikisto	节学ᴵ家
高重複(恣意的)	PEJVO	arkeologo	古ᴬᴼ学家	PIV	kladikisto	支ᴷ学ᴵ家
高重複(恣意的)	PEJVO	arkeologo	古ᴬᴼ学家	PIV	komputikisto	算ᴷᴹ学ᴵ家
高重複(恣意的)	PEJVO	arkeologo	古ᴬᴼ学家	PIV	metodikisto	法ᴹ学ᴵ家
高重複(恣意的)	PEJVO	aspido	眼镜蛇ᴬ	PIV	krac^kobro	吐ᴷ眼镜蛇
高重複(恣意的)	PEJVO	ateista	无ᴬ神ᵀ家	PIV	sendiulo	无神者
高重複(恣意的)	PEJVO	biologo	生ᴮᴼ学家	PIV	dietikisto	节学ᴵ家
高重複(恣意的)	PEJVO	biologo	生ᴮᴼ学家	PIV	kladikisto	支ᴷ学ᴵ家
高重複(恣意的)	PEJVO	biologo	生ᴮᴼ学家	PIV	komputikisto	算ᴷᴹ学ᴵ家
高重複(恣意的)	PEJVO	biologo	生ᴮᴼ学家	PIV	metodikisto	法ᴹ学ᴵ家
高重複(恣意的)	PEJVO	c^efpontifiko	首主祭ᴾᴺ	PIV	arkidiakono	首ᴬ助祭
高重複(恣意的)	PEJVO	cedratujo	香柑器	PIV	bergamotarbo	香柑ᴮ树
高重複(恣意的)	PEJVO	cedratujo	香柑器	PIV	bergamotfrukto	香柑ᴮ果
高重複(恣意的)	PEJVO	cekuminflamo	盲肠炎ᴵ	PIV	gastrenterito	胃ᴳ肠ᴱ炎ᵀ
高重複(恣意的)	PEJVO	cekuminflamo	盲肠炎ᴵ	PIV	rektumito	直肠炎ᵀ
高重複(恣意的)	PEJVO	cidoniarbo	木瓜ᶜ树	PIV	karikfikuso	木瓜ᴷ榕
高重複(恣意的)	PEJVO	cipselo	金丝燕ᶜ	PIV	salangannesto	金丝燕巢
高重複(恣意的)	PEJVO	cirkvitrompilo	路ᶜ破具	PIV	vojindikatoro	路指ᴵ具ᴬ
高重複(恣意的)	PEJVO	datumbanko	数据ᴰᴹ银ᴮ	PIV	datenarang^o	数据整ᴬ
高重複(恣意的)	PEJVO	datumbanko	数据ᴰᴹ银ᴮ	PIV	datenaro	数据群
高重複(恣意的)	PEJVO	datumbanko	数据ᴰᴹ银ᴮ	PIV	datenbazo	数据基
高重複(恣意的)	PEJVO	datumbanko	数据ᴰᴹ银ᴮ	PIV	datendisko	数据盘ᴰ
高重複(恣意的)	PEJVO	datumbanko	数据ᴰᴹ银ᴮ	PIV	dateningo	数据座
高重複(恣意的)	PEJVO	datumbanko	数据ᴰᴹ银ᴮ	PIV	datenopo	数据组
高重複(恣意的)	PEJVO	datumbanko	数据ᴰᴹ银ᴮ	PIV	datenprogramo	数据程
高重複(恣意的)	PEJVO	datumbanko	数据ᴰᴹ银ᴮ	PIV	datenspeco	数据种ˢᴾ
高重複(恣意的)	PEJVO	datumbanko	数据ᴰᴹ银ᴮ	PIV	datenstrukturo	数据构
高重複(恣意的)	PEJVO	datumbazo	数据ᴰᴹ基	PIV	datenarang^o	数据整ᴬ
高重複(恣意的)	PEJVO	datumbazo	数据ᴰᴹ基	PIV	datenaro	数据群
高重複(恣意的)	PEJVO	datumbazo	数据ᴰᴹ基	PIV	datenbanko	数据银ᴮ
高重複(恣意的)	PEJVO	datumbazo	数据ᴰᴹ基	PIV	datendisko	数据盘ᴰ
高重複(恣意的)	PEJVO	datumbazo	数据ᴰᴹ基	PIV	dateningo	数据座
高重複(恣意的)	PEJVO	datumbazo	数据ᴰᴹ基	PIV	datenopo	数据组
高重複(恣意的)	PEJVO	datumbazo	数据ᴰᴹ基	PIV	datenprogramo	数据程
高重複(恣意的)	PEJVO	datumbazo	数据ᴰᴹ基	PIV	datenspeco	数据种ˢᴾ
高重複(恣意的)	PEJVO	datumbazo	数据ᴰᴹ基	PIV	datenstrukturo	数据构
高重複(恣意的)	PEJVO	datumstrukturo	数据ᴰᴹ构	PIV	datenarang^o	数据整ᴬ
高重複(恣意的)	PEJVO	datumstrukturo	数据ᴰᴹ构	PIV	datenaro	数据群
高重複(恣意的)	PEJVO	datumstrukturo	数据ᴰᴹ构	PIV	datenbanko	数据银ᴮ
高重複(恣意的)	PEJVO	datumstrukturo	数据ᴰᴹ构	PIV	datenbazo	数据基
高重複(恣意的)	PEJVO	datumstrukturo	数据ᴰᴹ构	PIV	datendisko	数据盘ᴰ
高重複(恣意的)	PEJVO	datumstrukturo	数据ᴰᴹ构	PIV	dateningo	数据座
高重複(恣意的)	PEJVO	datumstrukturo	数据ᴰᴹ构	PIV	datenopo	数据组
高重複(恣意的)	PEJVO	datumstrukturo	数据ᴰᴹ构	PIV	datenprogramo	数据程
高重複(恣意的)	PEJVO	datumstrukturo	数据ᴰᴹ构	PIV	datenspeco	数据种ˢᴾ
高重複(恣意的)	PEJVO	deismo	神主义ᴰ	PIV	abandonismo	弃ᴬᴰ主义
高重複(恣意的)	PEJVO	deismo	神主义ᴰ	PIV	abolismo	废ᴬ主义
高重複(恣意的)	PEJVO	deismo	神主义ᴰ	PIV	aktualismo	现ᴬᴷ主义
高重複(恣意的)	PEJVO	deismo	神主义ᴰ	PIV	alpismo	峰主义
高重複(恣意的)	PEJVO	deismo	神主义ᴰ	PIV	aneksismo	并ᴬ主义
高重複(恣意的)	PEJVO	deismo	神主义ᴰ	PIV	arg^entismo	银主义
高重複(恣意的)	PEJVO	deismo	神主义ᴰ	PIV	atropismo	颠ᴬ主义
高重複(恣意的)	PEJVO	deismo	神主义ᴰ	PIV	bankismo	银ᴮ主义
高重複(恣意的)	PEJVO	deismo	神主义ᴰ	PIV	bismutismo	金ᴮˢ主义
高重複(恣意的)	PEJVO	deismo	神主义ᴰ	PIV	botulismo	菌ᴮᵀ主义
高重複(恣意的)	PEJVO	deismo	神主义ᴰ	PIV	dajmonismo	神灵主义
高重複(恣意的)	PEJVO	deismo	神主义ᴰ	PIV	defetismo	败ᴰ主义
高重複(恣意的)	PEJVO	deismo	神主义ᴰ	PIV	deviaciismo	偏ᴰᶜ主义
高重複(恣意的)	PEJVO	deismo	神主义ᴰ	PIV	direktismo	方主义
高重複(恣意的)	PEJVO	deismo	神主义ᴰ	PIV	ekzistismo	存主义
高重複(恣意的)	PEJVO	deismo	神主义ᴰ	PIV	erotismo	色ᴱᴿ主义
高重複(恣意的)	PEJVO	deismo	神主义ᴰ	PIV	eskapismo	逃ᴱ主义
高重複(恣意的)	PEJVO	deismo	神主义ᴰ	PIV	etnismo	族ᴱ主义
高重複(恣意的)	PEJVO	deismo	神主义ᴰ	PIV	fabismo	豆主义
高重複(恣意的)	PEJVO	deismo	神主义ᴰ	PIV	federaciismo	联ᶠ主义
高重複(恣意的)	PEJVO	deismo	神主义ᴰ	PIV	federalismo	联ᶠᴸ主义
高重複(恣意的)	PEJVO	deismo	神主义ᴰ	PIV	frakciismo	分ᶠ主义
高重複(恣意的)	PEJVO	deismo	神主义ᴰ	PIV	gnostikismo	知ᴳ主义
高重複(恣意的)	PEJVO	deismo	神主义ᴰ	PIV	hedonismo	乐ᴴ主义
高重複(恣意的)	PEJVO	deismo	神主义ᴰ	PIV	hirtismo	蓬ᴴ主义
高重複(恣意的)	PEJVO	deismo	神主义ᴰ	PIV	humorismo	情ᴴ主义
高重複(恣意的)	PEJVO	deismo	神主义ᴰ	PIV	indiferentismo	冷主义
高重複(恣意的)	PEJVO	deismo	神主义ᴰ	PIV	integrismo	全主义
高重複(恣意的)	PEJVO	deismo	神主义ᴰ	PIV	intimismo	亲ᴵ主义
高重複(恣意的)	PEJVO	deismo	神主义ᴰ	PIV	katarismo	炎主义
高重複(恣意的)	PEJVO	deismo	神主义ᴰ	PIV	kinezismo	动ᴷᶻ主义
高重複(恣意的)	PEJVO	deismo	神主义ᴰ	PIV	konsumismo	耗主义
高重複(恣意的)	PEJVO	deismo	神主义ᴰ	PIV	kultismo	拜ᴷ主义
高重複(恣意的)	PEJVO	deismo	神主义ᴰ	PIV	laringismo	喉ᴸ主义
高重複(恣意的)	PEJVO	deismo	神主义ᴰ	PIV	makulismo	污主义
高重複(恣意的)	PEJVO	deismo	神主义ᴰ	PIV	melanismo	黑ᴹ主义
高重複(恣意的)	PEJVO	deismo	神主义ᴰ	PIV	monah^ismo	僧主义
高重複(恣意的)	PEJVO	deismo	神主义ᴰ	PIV	nanismo	矮主义
高重複(恣意的)	PEJVO	deismo	神主义ᴰ	PIV	negativismo	否主义
高重複(恣意的)	PEJVO	deismo	神主义ᴰ	PIV	novismo	新主义
高重複(恣意的)	PEJVO	deismo	神主义ᴰ	PIV	pas^tismo	牧主义
高重複(恣意的)	PEJVO	deismo	神主义ᴰ	PIV	peonismo	卒主义
高重複(恣意的)	PEJVO	deismo	神主义ᴰ	PIV	personismo	人ᴾ主义
高重複(恣意的)	PEJVO	deismo	神主义ᴰ	PIV	psikismo	心ᴾˢ主义
高重複(恣意的)	PEJVO	deismo	神主义ᴰ	PIV	rabdismo	枝ᴿ主义
高重複(恣意的)	PEJVO	deismo	神主义ᴰ	PIV	revoluciismo	革ᴿ主义
高重複(恣意的)	PEJVO	deismo	神主义ᴰ	PIV	separatismo	隔ˢᵀ主义
高重複(恣意的)	PEJVO	deismo	神主义ᴰ	PIV	separismo	隔ˢᴿ主义
高重複(恣意的)	PEJVO	deismo	神主义ᴰ	PIV	tabakismo	烟ᵀ主义
高重複(恣意的)	PEJVO	deismo	神主义ᴰ	PIV	tajlorismo	裁ᵀᴿ主义
高重複(恣意的)	PEJVO	deismo	神主义ᴰ	PIV	unitariismo	一神主义
高重複(恣意的)	PEJVO	deismo	神主义ᴰ	PIV	verismo	真主义
高重複(恣意的)	PEJVO	dekduedro	十二面ᴱ	PIV	dodekafona	十二声ᶠᴼ
高重複(恣意的)	PEJVO	delto	三角洲	PIV	triangulado	三角行
高重複(恣意的)	PEJVO	diskrediti	散信受	PIV	disj^etita	散投受
高重複(恣意的)	PEJVO	ekologo	境ᴱ学家	PIV	dietikisto	节学ᴵ家
高重複(恣意的)	PEJVO	ekologo	境ᴱ学家	PIV	kladikisto	支ᴷ学ᴵ家
高重複(恣意的)	PEJVO	ekologo	境ᴱ学家	PIV	komputikisto	算ᴷᴹ学ᴵ家
高重複(恣意的)	PEJVO	ekologo	境ᴱ学家	PIV	metodikisto	法ᴹ学ᴵ家
高重複(恣意的)	PEJVO	elipsoido	椭圆ᴱ似ᴼ	PIV	ovaligi	椭圆使
高重複(恣意的)	PEJVO	estetikisto	美学家	PIV	citologo	胞ᶜᵀ学家
高重複(恣意的)	PEJVO	estetikisto	美学家	PIV	ih^tiologo	鱼ᴵᴴ̂学家
高重複(恣意的)	PEJVO	estetikisto	美学家	PIV	iktiologo	鱼ᴵᴷ学家
高重複(恣意的)	PEJVO	estetikisto	美学家	PIV	mikologo	菌ᴹ学家
高重複(恣意的)	PEJVO	estetikisto	美学家	PIV	pedologo	土ᴾ学家
高重複(恣意的)	PEJVO	estetikisto	美学家	PIV	topologo	地ᵀᴾ学家
高重複(恣意的)	PEJVO	estetikisto	美学家	PIV	urologo	尿ᵁᴼ学家
高重複(恣意的)	PEJVO	feroksido	铁氧化	PIV	ozonizi	臭氧化
高重複(恣意的)	PEJVO	filikarboj	羊齿树	PIV	psilotacoj	羊齿ᴾˢ科ᴬ
高重複(恣意的)	PEJVO	fis^bredisto	鱼养ᴮ家	PIV	ih^tiologo	鱼ᴵᴴ̂学家
高重複(恣意的)	PEJVO	fis^bredisto	鱼养ᴮ家	PIV	iktiologo	鱼ᴵᴷ学家
高重複(恣意的)	PEJVO	fis^kaptisto	鱼捕家	PIV	ih^tiologo	鱼ᴵᴴ̂学家
高重複(恣意的)	PEJVO	fis^kaptisto	鱼捕家	PIV	iktiologo	鱼ᴵᴷ学家
高重複(恣意的)	PEJVO	fis^vendisto	鱼卖家	PIV	ih^tiologo	鱼ᴵᴴ̂学家
高重複(恣意的)	PEJVO	fis^vendisto	鱼卖家	PIV	iktiologo	鱼ᴵᴷ学家
高重複(恣意的)	PEJVO	frajado	鱼卵行	PIV	fis^ovaro	鱼卵群
高重複(恣意的)	PEJVO	ftizulo	结核者	PIV	skrofolherbo	结核ˢ草
高重複(恣意的)	PEJVO	genealogo	系ᴳ学家	PIV	dietikisto	节学ᴵ家
高重複(恣意的)	PEJVO	genealogo	系ᴳ学家	PIV	kladikisto	支ᴷ学ᴵ家
高重複(恣意的)	PEJVO	genealogo	系ᴳ学家	PIV	komputikisto	算ᴷᴹ学ᴵ家
高重複(恣意的)	PEJVO	genealogo	系ᴳ学家	PIV	metodikisto	法ᴹ学ᴵ家
高重複(恣意的)	PEJVO	geologo	地ᴳ学家	PIV	dietikisto	节学ᴵ家
高重複(恣意的)	PEJVO	geologo	地ᴳ学家	PIV	kladikisto	支ᴷ学ᴵ家
高重複(恣意的)	PEJVO	geologo	地ᴳ学家	PIV	komputikisto	算ᴷᴹ学ᴵ家
高重複(恣意的)	PEJVO	geologo	地ᴳ学家	PIV	metodikisto	法ᴹ学ᴵ家
高重複(恣意的)	PEJVO	gimnastikisto	操ᴳᴵ学ᴵ家	PIV	citologo	胞ᶜᵀ学家
高重複(恣意的)	PEJVO	gimnastikisto	操ᴳᴵ学ᴵ家	PIV	ih^tiologo	鱼ᴵᴴ̂学家
高重複(恣意的)	PEJVO	gimnastikisto	操ᴳᴵ学ᴵ家	PIV	iktiologo	鱼ᴵᴷ学家
高重複(恣意的)	PEJVO	gimnastikisto	操ᴳᴵ学ᴵ家	PIV	mikologo	菌ᴹ学家
高重複(恣意的)	PEJVO	gimnastikisto	操ᴳᴵ学ᴵ家	PIV	pedologo	土ᴾ学家
高重複(恣意的)	PEJVO	gimnastikisto	操ᴳᴵ学ᴵ家	PIV	topologo	地ᵀᴾ学家
高重複(恣意的)	PEJVO	gimnastikisto	操ᴳᴵ学ᴵ家	PIV	urologo	尿ᵁᴼ学家
高重複(恣意的)	PEJVO	gumgluaj^o	胶ᴳᴹ胶物	PIV	glu-glu-glu	胶-胶-胶
高重複(恣意的)	PEJVO	harfiliko	毛羊齿	PIV	murasplenio	壁羊齿ᴬˢ
高重複(恣意的)	PEJVO	harfiliko	毛羊齿	PIV	nestasplenio	巢羊齿ᴬˢ
高重複(恣意的)	PEJVO	hidroksido	水ᴴ氧化	PIV	ozonizi	臭氧化
高重複(恣意的)	PEJVO	imperialismo	帝主义	PIV	abandonismo	弃ᴬᴰ主义
高重複(恣意的)	PEJVO	imperialismo	帝主义	PIV	alpismo	峰主义
高重複(恣意的)	PEJVO	imperialismo	帝主义	PIV	aneksismo	并ᴬ主义
高重複(恣意的)	PEJVO	imperialismo	帝主义	PIV	arg^entismo	银主义
高重複(恣意的)	PEJVO	imperialismo	帝主义	PIV	atropismo	颠ᴬ主义
高重複(恣意的)	PEJVO	imperialismo	帝主义	PIV	bankismo	银ᴮ主义
高重複(恣意的)	PEJVO	imperialismo	帝主义	PIV	bismutismo	金ᴮˢ主义
高重複(恣意的)	PEJVO	imperialismo	帝主义	PIV	defetismo	败ᴰ主义
高重複(恣意的)	PEJVO	imperialismo	帝主义	PIV	deviaciismo	偏ᴰᶜ主义
高重複(恣意的)	PEJVO	imperialismo	帝主义	PIV	direktismo	方主义
高重複(恣意的)	PEJVO	imperialismo	帝主义	PIV	ekzistismo	存主义
高重複(恣意的)	PEJVO	imperialismo	帝主义	PIV	erotismo	色ᴱᴿ主义
高重複(恣意的)	PEJVO	imperialismo	帝主义	PIV	eskapismo	逃ᴱ主义
高重複(恣意的)	PEJVO	imperialismo	帝主义	PIV	etnismo	族ᴱ主义
高重複(恣意的)	PEJVO	imperialismo	帝主义	PIV	fabismo	豆主义
高重複(恣意的)	PEJVO	imperialismo	帝主义	PIV	federaciismo	联ᶠ主义
高重複(恣意的)	PEJVO	imperialismo	帝主义	PIV	frakciismo	分ᶠ主义
高重複(恣意的)	PEJVO	imperialismo	帝主义	PIV	gnostikismo	知ᴳ主义
高重複(恣意的)	PEJVO	imperialismo	帝主义	PIV	hedonismo	乐ᴴ主义
高重複(恣意的)	PEJVO	imperialismo	帝主义	PIV	hirtismo	蓬ᴴ主义
高重複(恣意的)	PEJVO	imperialismo	帝主义	PIV	humorismo	情ᴴ主义
高重複(恣意的)	PEJVO	imperialismo	帝主义	PIV	indiferentismo	冷主义
高重複(恣意的)	PEJVO	imperialismo	帝主义	PIV	integrismo	全主义
高重複(恣意的)	PEJVO	imperialismo	帝主义	PIV	intimismo	亲ᴵ主义
高重複(恣意的)	PEJVO	imperialismo	帝主义	PIV	katarismo	炎主义
高重複(恣意的)	PEJVO	imperialismo	帝主义	PIV	kinezismo	动ᴷᶻ主义
高重複(恣意的)	PEJVO	imperialismo	帝主义	PIV	konsumismo	耗主义
高重複(恣意的)	PEJVO	imperialismo	帝主义	PIV	kultismo	拜ᴷ主义
高重複(恣意的)	PEJVO	imperialismo	帝主义	PIV	laringismo	喉ᴸ主义
高重複(恣意的)	PEJVO	imperialismo	帝主义	PIV	melanismo	黑ᴹ主义
高重複(恣意的)	PEJVO	imperialismo	帝主义	PIV	monah^ismo	僧主义
高重複(恣意的)	PEJVO	imperialismo	帝主义	PIV	nanismo	矮主义
高重複(恣意的)	PEJVO	imperialismo	帝主义	PIV	negativismo	否主义
高重複(恣意的)	PEJVO	imperialismo	帝主义	PIV	novismo	新主义
高重複(恣意的)	PEJVO	imperialismo	帝主义	PIV	pas^tismo	牧主义
高重複(恣意的)	PEJVO	imperialismo	帝主义	PIV	peonismo	卒主义
高重複(恣意的)	PEJVO	imperialismo	帝主义	PIV	personismo	人ᴾ主义
高重複(恣意的)	PEJVO	imperialismo	帝主义	PIV	psikismo	心ᴾˢ主义
高重複(恣意的)	PEJVO	imperialismo	帝主义	PIV	rabdismo	枝ᴿ主义
高重複(恣意的)	PEJVO	imperialismo	帝主义	PIV	revoluciismo	革ᴿ主义
高重複(恣意的)	PEJVO	imperialismo	帝主义	PIV	separatismo	隔ˢᵀ主义
高重複(恣意的)	PEJVO	imperialismo	帝主义	PIV	separismo	隔ˢᴿ主义
高重複(恣意的)	PEJVO	imperialismo	帝主义	PIV	tabakismo	烟ᵀ主义
高重複(恣意的)	PEJVO	imperialismo	帝主义	PIV	tajlorismo	裁ᵀᴿ主义
高重複(恣意的)	PEJVO	imperialismo	帝主义	PIV	verismo	真主义
高重複(恣意的)	PEJVO	jupkuloto	裙短裤	PIV	bans^orto	浴短裤ˢ̂
高重複(恣意的)	PEJVO	kalcioksido	钙氧化	PIV	ozonizi	臭氧化
高重複(恣意的)	PEJVO	kemiisto	化学家	PIV	citologo	胞ᶜᵀ学家
高重複(恣意的)	PEJVO	kemiisto	化学家	PIV	ih^tiologo	鱼ᴵᴴ̂学家
高重複(恣意的)	PEJVO	kemiisto	化学家	PIV	iktiologo	鱼ᴵᴷ学家
高重複(恣意的)	PEJVO	kemiisto	化学家	PIV	mikologo	菌ᴹ学家
高重複(恣意的)	PEJVO	kemiisto	化学家	PIV	pedologo	土ᴾ学家
高重複(恣意的)	PEJVO	kemiisto	化学家	PIV	topologo	地ᵀᴾ学家
高重複(恣意的)	PEJVO	kemiisto	化学家	PIV	urologo	尿ᵁᴼ学家
高重複(恣意的)	PEJVO	koncesiulo	特许ᴷ者	PIV	patentnomo	特许名
高重複(恣意的)	PEJVO	korusano	合唱ᴷ员	PIV	h^oristo	合唱家
高重複(恣意的)	PEJVO	korusano	合唱ᴷ员	PIV	h^orkandelo	合唱烛
高重複(恣意的)	PEJVO	korusano	合唱ᴷ员	PIV	h^orpupitro	合唱案ᴾᴾ
高重複(恣意的)	PEJVO	korusano	合唱ᴷ员	PIV	h^orseg^o	合唱椅
高重複(恣意的)	PEJVO	korusejo	合唱ᴷ所	PIV	h^orano	合唱员
高重複(恣意的)	PEJVO	korusejo	合唱ᴷ所	PIV	h^oristo	合唱家
高重複(恣意的)	PEJVO	korusejo	合唱ᴷ所	PIV	h^orkandelo	合唱烛
高重複(恣意的)	PEJVO	korusejo	合唱ᴷ所	PIV	h^orpupitro	合唱案ᴾᴾ
高重複(恣意的)	PEJVO	korusejo	合唱ᴷ所	PIV	h^orseg^o	合唱椅
高重複(恣意的)	PEJVO	kunnaskita	共生受	PIV	simbiozanto	共生在
高重複(恣意的)	PEJVO	kunnaskita	共生受	PIV	simbiozulo	共生者
高重複(恣意的)	PEJVO	kunokazeco	共生ᴼ性	PIV	simbiozanto	共生在
高重複(恣意的)	PEJVO	kunokazeco	共生ᴼ性	PIV	simbiozulo	共生者
高重複(恣意的)	PEJVO	makropedoj	袋鼠科ᴱ	PIV	kanguruvagono	袋鼠ᴷ厢
高重複(恣意的)	PEJVO	malgrandanima	反大魂	PIV	kontrafagoto	反ᴷ大管
高重複(恣意的)	PEJVO	malgrandeco	反大性	PIV	kontrafagoto	反ᴷ大管
高重複(恣意的)	PEJVO	malgrandega	反大巨	PIV	kontrafagoto	反ᴷ大管
高重複(恣意的)	PEJVO	malgrandigi	反大使	PIV	kontrafagoto	反ᴷ大管
高重複(恣意的)	PEJVO	malgrandlitero	反大字	PIV	kontrafagoto	反ᴷ大管
高重複(恣意的)	PEJVO	malgrandulo	反大者	PIV	kontrafagoto	反ᴷ大管
高重複(恣意的)	PEJVO	manglarbo	红树树	PIV	rizoforejo	红树ᴿ所
高重複(恣意的)	PEJVO	matematikisto	数学家	PIV	citologo	胞ᶜᵀ学家
高重複(恣意的)	PEJVO	matematikisto	数学家	PIV	ih^tiologo	鱼ᴵᴴ̂学家
高重複(恣意的)	PEJVO	matematikisto	数学家	PIV	iktiologo	鱼ᴵᴷ学家
高重複(恣意的)	PEJVO	matematikisto	数学家	PIV	mikologo	菌ᴹ学家
高重複(恣意的)	PEJVO	matematikisto	数学家	PIV	pedologo	土ᴾ学家
高重複(恣意的)	PEJVO	matematikisto	数学家	PIV	topologo	地ᵀᴾ学家
高重複(恣意的)	PEJVO	matematikisto	数学家	PIV	urologo	尿ᵁᴼ学家
高重複(恣意的)	PEJVO	memregado	自治行	PIV	au^tonomisto	自治家
高重複(恣意的)	PEJVO	memreganta	自治在	PIV	au^tonomisto	自治家
高重複(恣意的)	PEJVO	memregeco	自治性	PIV	au^tonomisto	自治家
高重複(恣意的)	PEJVO	meninginflamo	脑膜炎ᴵ	PIV	albugineito	白膜炎ᵀ
高重複(恣意的)	PEJVO	meninginflamo	脑膜炎ᴵ	PIV	araknoidito	蛛膜炎ᵀ
高重複(恣意的)	PEJVO	meninginflamo	脑膜炎ᴵ	PIV	irisito	虹膜炎ᵀ
高重複(恣意的)	PEJVO	meninginflamo	脑膜炎ᴵ	PIV	koroidito	脉膜炎ᵀ
高重複(恣意的)	PEJVO	meninginflamo	脑膜炎ᴵ	PIV	retinito	网膜炎ᵀ
高重複(恣意的)	PEJVO	meninginflamo	脑膜炎ᴵ	PIV	sklerotito	巩膜炎ᵀ
高重複(恣意的)	PEJVO	meringelo	蛋白霜ᴹᴸ	PIV	proteinliza	蛋白解ᴸ
高重複(恣意的)	PEJVO	meringi	蛋白霜	PIV	proteinliza	蛋白解ᴸ
高重複(恣意的)	PEJVO	meteologo	气ᴹ学家	PIV	dietikisto	节学ᴵ家
高重複(恣意的)	PEJVO	meteologo	气ᴹ学家	PIV	kladikisto	支ᴷ学ᴵ家
高重複(恣意的)	PEJVO	meteologo	气ᴹ学家	PIV	komputikisto	算ᴷᴹ学ᴵ家
高重複(恣意的)	PEJVO	meteologo	气ᴹ学家	PIV	metodikisto	法ᴹ学ᴵ家
高重複(恣意的)	PEJVO	migdalarbo	扁桃树	PIV	tonsilektomio	扁桃ᵀ除ᴱᴷ
高重複(恣意的)	PEJVO	migdalglando	扁桃腺	PIV	tonsilektomio	扁桃ᵀ除ᴱᴷ
高重複(恣意的)	PEJVO	migdalokula	扁桃目	PIV	tonsilektomio	扁桃ᵀ除ᴱᴷ
高重複(恣意的)	PEJVO	migdaloleo	扁桃油	PIV	tonsilektomio	扁桃ᵀ除ᴱᴷ
高重複(恣意的)	PEJVO	migdalujo	扁桃器	PIV	tonsilektomio	扁桃ᵀ除ᴱᴷ
高重複(恣意的)	PEJVO	mikrobiologio	微生ᴮᴼ学ᴸᴳ	PIV	kriogeniko	冻生ᴳ学ᴵ
高重複(恣意的)	PEJVO	mineralogo	矿ᴹᴵ学家	PIV	dietikisto	节学ᴵ家
高重複(恣意的)	PEJVO	mineralogo	矿ᴹᴵ学家	PIV	ercesploristo	矿ᴱ探家
高重複(恣意的)	PEJVO	mineralogo	矿ᴹᴵ学家	PIV	kladikisto	支ᴷ学ᴵ家
高重複(恣意的)	PEJVO	mineralogo	矿ᴹᴵ学家	PIV	komputikisto	算ᴷᴹ学ᴵ家
高重複(恣意的)	PEJVO	mineralogo	矿ᴹᴵ学家	PIV	metodikisto	法ᴹ学ᴵ家
高重複(恣意的)	PEJVO	muskatbutero	木ᴹ黄油	PIV	kreozotoleo	木馏油
高重複(恣意的)	PEJVO	neeblaj^o	不可物	PIV	agnostika	不可知
高重複(恣意的)	PEJVO	neebleco	不可性	PIV	agnostika	不可知
高重複(恣意的)	PEJVO	neebligi	不可使	PIV	agnostika	不可知
高重複(恣意的)	PEJVO	nervaro	神经群	PIV	neu^rito	神经ᴺᵁ̆炎ᵀ
高重複(恣意的)	PEJVO	nervaro	神经群	PIV	neu^romo	神经ᴺᵁ̆瘤
高重複(恣意的)	PEJVO	neu^ralgio	神经ᴺᵁ̆痛ᴬ	PIV	nervimpulso	神经冲
高重複(恣意的)	PEJVO	neu^ralgio	神经ᴺᵁ̆痛ᴬ	PIV	nervizi	神经化
高重複(恣意的)	PEJVO	neu^rastenio	神经ᴺᵁ̆弱ᴬ	PIV	nervimpulso	神经冲
高重複(恣意的)	PEJVO	neu^rastenio	神经ᴺᵁ̆弱ᴬ	PIV	nervizi	神经化
高重複(恣意的)	PEJVO	neu^roza	神经ᴺᵁ̆症ᴼ	PIV	nervimpulso	神经冲
高重複(恣意的)	PEJVO	neu^roza	神经ᴺᵁ̆症ᴼ	PIV	nervizi	神经化
高重複(恣意的)	PEJVO	noktuo	猫头鹰ᴺ	PIV	strigedoj	猫头鹰科ᴱ
高重複(恣意的)	PEJVO	opalo	蛋白石	PIV	polurkreto	磨ᴾ白石
高重複(恣意的)	PEJVO	opalo	蛋白石	PIV	proteinliza	蛋白解ᴸ
高重複(恣意的)	PEJVO	optikisto	光学家	PIV	citologo	胞ᶜᵀ学家
高重複(恣意的)	PEJVO	optikisto	光学家	PIV	ih^tiologo	鱼ᴵᴴ̂学家
高重複(恣意的)	PEJVO	optikisto	光学家	PIV	iktiologo	鱼ᴵᴷ学家
高重複(恣意的)	PEJVO	optikisto	光学家	PIV	mikologo	菌ᴹ学家
高重複(恣意的)	PEJVO	optikisto	光学家	PIV	pedologo	土ᴾ学家
高重複(恣意的)	PEJVO	optikisto	光学家	PIV	topologo	地ᵀᴾ学家
高重複(恣意的)	PEJVO	optikisto	光学家	PIV	urologo	尿ᵁᴼ学家
高重複(恣意的)	PEJVO	otuso	猫头鹰ᴼ	PIV	strigedoj	猫头鹰科ᴱ
高重複(恣意的)	PEJVO	papajfrukto	木瓜果	PIV	cidoniujo	木瓜ᶜ器
高重複(恣意的)	PEJVO	papajfrukto	木瓜果	PIV	grumis^ambero	木ᴳᴹ浆果
高重複(恣意的)	PEJVO	papajfrukto	木瓜果	PIV	karikfikuso	木瓜ᴷ榕
高重複(恣意的)	PEJVO	peroksido	过ᴾᴱᴿ氧化	PIV	ozonizi	臭氧化
高重複(恣意的)	PEJVO	pimenti	多香果	PIV	plurakeno	多ᴾᴿ瘦果
高重複(恣意的)	PEJVO	pimenti	多香果	PIV	plurdrupo	多ᴾᴿ核果
高重複(恣意的)	PEJVO	pistako	开心果	PIV	sapoto	人心果
高重複(恣意的)	PEJVO	pleu^rito	胸膜炎ᵀ	PIV	brustangino	胸咽炎
高重複(恣意的)	PEJVO	prerilupo	草原ᴾ狼	PIV	stepalau^do	草原雀
高重複(恣意的)	PEJVO	prerilupo	草原ᴾ狼	PIV	stepbuteo	草原鹰ᴮ
高重複(恣意的)	PEJVO	prerilupo	草原ᴾ狼	PIV	stepkoko	草原鸡
高重複(恣意的)	PEJVO	provincialismo	省主义	PIV	abandonismo	弃ᴬᴰ主义
高重複(恣意的)	PEJVO	provincialismo	省主义	PIV	alpismo	峰主义
高重複(恣意的)	PEJVO	provincialismo	省主义	PIV	aneksismo	并ᴬ主义
高重複(恣意的)	PEJVO	provincialismo	省主义	PIV	arg^entismo	银主义
高重複(恣意的)	PEJVO	provincialismo	省主义	PIV	atropismo	颠ᴬ主义
高重複(恣意的)	PEJVO	provincialismo	省主义	PIV	bankismo	银ᴮ主义
高重複(恣意的)	PEJVO	provincialismo	省主义	PIV	bismutismo	金ᴮˢ主义
高重複(恣意的)	PEJVO	provincialismo	省主义	PIV	defetismo	败ᴰ主义
高重複(恣意的)	PEJVO	provincialismo	省主义	PIV	deviaciismo	偏ᴰᶜ主义
高重複(恣意的)	PEJVO	provincialismo	省主义	PIV	direktismo	方主义
高重複(恣意的)	PEJVO	provincialismo	省主义	PIV	ekzistismo	存主义
高重複(恣意的)	PEJVO	provincialismo	省主义	PIV	erotismo	色ᴱᴿ主义
高重複(恣意的)	PEJVO	provincialismo	省主义	PIV	eskapismo	逃ᴱ主义
高重複(恣意的)	PEJVO	provincialismo	省主义	PIV	etnismo	族ᴱ主义
高重複(恣意的)	PEJVO	provincialismo	省主义	PIV	fabismo	豆主义
高重複(恣意的)	PEJVO	provincialismo	省主义	PIV	federaciismo	联ᶠ主义
高重複(恣意的)	PEJVO	provincialismo	省主义	PIV	frakciismo	分ᶠ主义
高重複(恣意的)	PEJVO	provincialismo	省主义	PIV	gnostikismo	知ᴳ主义
高重複(恣意的)	PEJVO	provincialismo	省主义	PIV	hedonismo	乐ᴴ主义
高重複(恣意的)	PEJVO	provincialismo	省主义	PIV	hirtismo	蓬ᴴ主义
高重複(恣意的)	PEJVO	provincialismo	省主义	PIV	humorismo	情ᴴ主义
高重複(恣意的)	PEJVO	provincialismo	省主义	PIV	indiferentismo	冷主义
高重複(恣意的)	PEJVO	provincialismo	省主义	PIV	integrismo	全主义
高重複(恣意的)	PEJVO	provincialismo	省主义	PIV	intimismo	亲ᴵ主义
高重複(恣意的)	PEJVO	provincialismo	省主义	PIV	katarismo	炎主义
高重複(恣意的)	PEJVO	provincialismo	省主义	PIV	kinezismo	动ᴷᶻ主义
高重複(恣意的)	PEJVO	provincialismo	省主义	PIV	konsumismo	耗主义
高重複(恣意的)	PEJVO	provincialismo	省主义	PIV	kultismo	拜ᴷ主义
高重複(恣意的)	PEJVO	provincialismo	省主义	PIV	laringismo	喉ᴸ主义
高重複(恣意的)	PEJVO	provincialismo	省主义	PIV	melanismo	黑ᴹ主义
高重複(恣意的)	PEJVO	provincialismo	省主义	PIV	monah^ismo	僧主义
高重複(恣意的)	PEJVO	provincialismo	省主义	PIV	nanismo	矮主义
高重複(恣意的)	PEJVO	provincialismo	省主义	PIV	negativismo	否主义
高重複(恣意的)	PEJVO	provincialismo	省主义	PIV	novismo	新主义
高重複(恣意的)	PEJVO	provincialismo	省主义	PIV	pas^tismo	牧主义
高重複(恣意的)	PEJVO	provincialismo	省主义	PIV	peonismo	卒主义
高重複(恣意的)	PEJVO	provincialismo	省主义	PIV	personismo	人ᴾ主义
高重複(恣意的)	PEJVO	provincialismo	省主义	PIV	psikismo	心ᴾˢ主义
高重複(恣意的)	PEJVO	provincialismo	省主义	PIV	rabdismo	枝ᴿ主义
高重複(恣意的)	PEJVO	provincialismo	省主义	PIV	revoluciismo	革ᴿ主义
高重複(恣意的)	PEJVO	provincialismo	省主义	PIV	separatismo	隔ˢᵀ主义
高重複(恣意的)	PEJVO	provincialismo	省主义	PIV	separismo	隔ˢᴿ主义
高重複(恣意的)	PEJVO	provincialismo	省主义	PIV	tabakismo	烟ᵀ主义
高重複(恣意的)	PEJVO	provincialismo	省主义	PIV	tajlorismo	裁ᵀᴿ主义
高重複(恣意的)	PEJVO	provincialismo	省主义	PIV	verismo	真主义
高重複(恣意的)	PEJVO	punkcinadlo	穿刺针	PIV	trapikig^i	穿刺成
高重複(恣意的)	PEJVO	rafaneto	萝卜小	PIV	rapo-brasiko	萝卜ᴿᴾo-菜ᴮ
高重複(恣意的)	PEJVO	reakcianto	反应在	PIV	maldevigi	反应使
高重複(恣意的)	PEJVO	reakciilo	反应具	PIV	maldevigi	反应使
高重複(恣意的)	PEJVO	reakcimotoro	反应动ᴹᵀ	PIV	maldevigi	反应使
高重複(恣意的)	PEJVO	reakciulo	反应者	PIV	maldevigi	反应使
高重複(恣意的)	PEJVO	reaktoro	反应堆	PIV	maldevigi	反应使
高重複(恣意的)	PEJVO	s^oserulilo	路ˢ̂卷ᴿ具	PIV	vojindikatoro	路指ᴵ具ᴬ
高重複(恣意的)	PEJVO	samseksamo	同性ˢ爱	PIV	gejino	同性女
高重複(恣意的)	PEJVO	samseksema	同性ˢ倾	PIV	gejino	同性女
高重複(恣意的)	PEJVO	senfamulo	无名ᶠ者	PIV	anonimeco	无ᴬ名ᴼ性
高重複(恣意的)	PEJVO	sensangigi	无血使	PIV	anemiig^i	无ᴬ血ᴱ成
高重複(恣意的)	PEJVO	sensensigi	无感ˢˢ使	PIV	anestezanto	无ᴬ感ᴱ在
高重複(恣意的)	PEJVO	sojherbo	大豆草	PIV	rabarbo-reumo	大黄o-草ᴿᵁ
高重複(恣意的)	PEJVO	spermujo	精液器	PIV	c^urovoj	精液ᶜ̂卵
高重複(恣意的)	PEJVO	spiroketo	螺旋体	PIV	treponemo	密螺旋体
高重複(恣意的)	PEJVO	teraj^isto	地物家	PIV	topologo	地ᵀᴾ学家
高重複(恣意的)	PEJVO	terkultivisto	地栽家	PIV	topologo	地ᵀᴾ学家
高重複(恣意的)	PEJVO	terkulturisto	地耕家	PIV	topologo	地ᵀᴾ学家
高重複(恣意的)	PEJVO	terlaboristo	地劳家	PIV	topologo	地ᵀᴾ学家
高重複(恣意的)	PEJVO	termezuristo	地测家	PIV	topologo	地ᵀᴾ学家
高重複(恣意的)	PEJVO	tonsilito	扁桃ᵀ炎ᵀ	PIV	migdalprunuso	扁桃李ᴾˢ
高重複(恣意的)	PEJVO	torpedisto	鱼雷家	PIV	ih^tiologo	鱼ᴵᴴ̂学家
高重複(恣意的)	PEJVO	torpedisto	鱼雷家	PIV	iktiologo	鱼ᴵᴷ学家
高重複(恣意的)	PEJVO	trah^eito	气管ᵀᴴ̂炎ᵀ	PIV	trakeoido	气管似ᴼ
高重複(恣意的)	PEJVO	trah^eito	气管ᵀᴴ̂炎ᵀ	PIV	trakeuloj	气管者
高重複(恣意的)	PEJVO	troposfero	对流层	PIV	kontrau^gripa	对流感
高重複(恣意的)	PEJVO	unudiisto	一神家	PIV	unitariano	一神员
完全衝突(異義)	PIV	lamprido	月鱼	PIV	lunfis^o	月鱼
完全衝突(異義)	PIV	paleo	内壳	PIV	ens^ele	内壳
完全衝突(異義)	PIV	sinklinalo	向斜	PIV	alklini	向斜
転置(恣意的)	PIV	draj^o	根芽	PIV	g^ermradiko	芽根
高重複(恣意的)	PIV	ahimsano	不害员	PIV	nenocivo	不害能ᴵ
高重複(恣意的)	PIV	ananasfrukto	菠萝果	PIV	jakvo	菠萝蜜
高重複(恣意的)	PIV	arkidiakono	首ᴬ助祭	PIV	c^efvikario	首副祭
高重複(恣意的)	PIV	bigaradujo	酸橙器	PIV	jogurtaparato	酸乳器ᴬ
高重複(恣意的)	PIV	bitumeca	沥青ᴮ性	PIV	pec^blendo	沥青ᴾ甲ᴮ
高重複(恣意的)	PIV	bitumeca	沥青ᴮ性	PIV	pec^erco	沥青ᴾ矿ᴱ
高重複(恣意的)	PIV	bitumoza	沥青ᴮ富ᴼ	PIV	pec^blendo	沥青ᴾ甲ᴮ
高重複(恣意的)	PIV	bitumoza	沥青ᴮ富ᴼ	PIV	pec^erco	沥青ᴾ矿ᴱ
高重複(恣意的)	PIV	bufedoj	蛤蟆科ᴱ	PIV	lofio	蛤蟆鱼
高重複(恣意的)	PIV	c^urovoj	精液ᶜ̂卵	PIV	spermicido	精液杀
高重複(恣意的)	PIV	cianorito	青金盐ᴵ	PIV	bikromiato	二ᴮ金ᴷᴿ盐ᴬ
高重複(恣意的)	PIV	cianorito	青金盐ᴵ	PIV	dikromiato	二ᴰᴵ金ᴷᴿ盐ᴬ
高重複(恣意的)	PIV	cianorito	青金盐ᴵ	PIV	platenato	白金盐ᴬ
高重複(恣意的)	PIV	cidoniujo	木瓜ᶜ器	PIV	karikfikuso	木瓜ᴷ榕
高重複(恣意的)	PIV	citologo	胞ᶜᵀ学家	PIV	dietikisto	节学ᴵ家
高重複(恣意的)	PIV	citologo	胞ᶜᵀ学家	PIV	kladikisto	支ᴷ学ᴵ家
高重複(恣意的)	PIV	citologo	胞ᶜᵀ学家	PIV	komputikisto	算ᴷᴹ学ᴵ家
高重複(恣意的)	PIV	citologo	胞ᶜᵀ学家	PIV	metodikisto	法ᴹ学ᴵ家
高重複(恣意的)	PIV	diazotato	二ᴰᴵ氮ᴬ盐ᴬ	PIV	bisulfito	二ᴮ硫盐ᴵ
高重複(恣意的)	PIV	diazotato	二ᴰᴵ氮ᴬ盐ᴬ	PIV	hiponitrito	亚氮盐ᴵ
高重複(恣意的)	PIV	dietikisto	节学ᴵ家	PIV	ih^tiologo	鱼ᴵᴴ̂学家
高重複(恣意的)	PIV	dietikisto	节学ᴵ家	PIV	iktiologo	鱼ᴵᴷ学家
高重複(恣意的)	PIV	dietikisto	节学ᴵ家	PIV	mikologo	菌ᴹ学家
高重複(恣意的)	PIV	dietikisto	节学ᴵ家	PIV	pedologo	土ᴾ学家
高重複(恣意的)	PIV	dietikisto	节学ᴵ家	PIV	topologo	地ᵀᴾ学家
高重複(恣意的)	PIV	dietikisto	节学ᴵ家	PIV	urologo	尿ᵁᴼ学家
高重複(恣意的)	PIV	dikromiato	二ᴰᴵ金ᴷᴿ盐ᴬ	PIV	bisulfito	二ᴮ硫盐ᴵ
高重複(恣意的)	PIV	diktamn-origano	草ᴰᵀ-香草ᴼ	PIV	herbejkreso	草所草ᴷ
高重複(恣意的)	PIV	dipodedoj	二ᴰᴵ足ᴾᴼ科ᴱ	PIV	dupiedulo	二足者
高重複(恣意的)	PIV	faluseca	阳具ᶠ性	PIV	kacingo	阳具座
高重複(恣意的)	PIV	faluseca	阳具ᶠ性	PIV	kacujo	阳具器
高重複(恣意的)	PIV	frajaj^o	鱼卵物	PIV	fis^ovaro	鱼卵群
高重複(恣意的)	PIV	furunkozo	毒疮ᶠ症ᴼ	PIV	s^ankroida	毒疮似ᴼ
高重複(恣意的)	PIV	globulino	球蛋白	PIV	heteroproteino	异ᴴ蛋白
高重複(恣意的)	PIV	globulino	球蛋白	PIV	lipidproteino	脂ᴸᴾ蛋白
高重複(恣意的)	PIV	harasplenio	毛羊齿ᴬˢ	PIV	reg^filiko	王羊齿
高重複(恣意的)	PIV	harasplenio	毛羊齿ᴬˢ	PIV	vezikfiliko	囊羊齿
高重複(恣意的)	PIV	hipokastanacoj	马栗科ᴬ	PIV	c^evalkas^tanujo	马栗器
高重複(恣意的)	PIV	ih^tiologo	鱼ᴵᴴ̂学家	PIV	kladikisto	支ᴷ学ᴵ家
高重複(恣意的)	PIV	ih^tiologo	鱼ᴵᴴ̂学家	PIV	komputikisto	算ᴷᴹ学ᴵ家
高重複(恣意的)	PIV	ih^tiologo	鱼ᴵᴴ̂学家	PIV	metodikisto	法ᴹ学ᴵ家
高重複(恣意的)	PIV	iktiologo	鱼ᴵᴷ学家	PIV	kladikisto	支ᴷ学ᴵ家
高重複(恣意的)	PIV	iktiologo	鱼ᴵᴷ学家	PIV	komputikisto	算ᴷᴹ学ᴵ家
高重複(恣意的)	PIV	iktiologo	鱼ᴵᴷ学家	PIV	metodikisto	法ᴹ学ᴵ家
高重複(恣意的)	PIV	karjo	山核桃	PIV	pekanarbo	山核桃ᴾ树
高重複(恣意的)	PIV	kasio	腊肠树	PIV	salamo-taktiko	腊肠o-术
高重複(恣意的)	PIV	kladikisto	支ᴷ学ᴵ家	PIV	mikologo	菌ᴹ学家
高重複(恣意的)	PIV	kladikisto	支ᴷ学ᴵ家	PIV	pedologo	土ᴾ学家
高重複(恣意的)	PIV	kladikisto	支ᴷ学ᴵ家	PIV	topologo	地ᵀᴾ学家
高重複(恣意的)	PIV	kladikisto	支ᴷ学ᴵ家	PIV	urologo	尿ᵁᴼ学家
高重複(恣意的)	PIV	komputikisto	算ᴷᴹ学ᴵ家	PIV	mikologo	菌ᴹ学家
高重複(恣意的)	PIV	komputikisto	算ᴷᴹ学ᴵ家	PIV	pedologo	土ᴾ学家
高重複(恣意的)	PIV	komputikisto	算ᴷᴹ学ᴵ家	PIV	topologo	地ᵀᴾ学家
高重複(恣意的)	PIV	komputikisto	算ᴷᴹ学ᴵ家	PIV	urologo	尿ᵁᴼ学家
高重複(恣意的)	PIV	kondrektomio	软骨ᴷᴺ除ᴱᴷ	PIV	kartilagfis^oj	软骨鱼
高重複(恣意的)	PIV	kondrito	软骨ᴷᴺ炎ᵀ	PIV	kartilagfis^oj	软骨鱼
高重複(恣意的)	PIV	kondromo	软骨ᴷᴺ瘤	PIV	kartilagfis^oj	软骨鱼
高重複(恣意的)	PIV	kontrafagoto	反ᴷ大管	PIV	malgrandaj^o	反大物
高重複(恣意的)	PIV	kontrafagoto	反ᴷ大管	PIV	malgrandfida	反大信ᶠ
高重複(恣意的)	PIV	ledkuloto	革短裤	PIV	bans^orto	浴短裤ˢ̂
高重複(恣意的)	PIV	metodikisto	法ᴹ学ᴵ家	PIV	mikologo	菌ᴹ学家
高重複(恣意的)	PIV	metodikisto	法ᴹ学ᴵ家	PIV	pedologo	土ᴾ学家
高重複(恣意的)	PIV	metodikisto	法ᴹ学ᴵ家	PIV	topologo	地ᵀᴾ学家
高重複(恣意的)	PIV	metodikisto	法ᴹ学ᴵ家	PIV	urologo	尿ᵁᴼ学家
高重複(恣意的)	PIV	murasplenio	壁羊齿ᴬˢ	PIV	reg^filiko	王羊齿
高重複(恣意的)	PIV	murasplenio	壁羊齿ᴬˢ	PIV	vezikfiliko	囊羊齿
高重複(恣意的)	PIV	nervizi	神经化	PIV	neu^rito	神经ᴺᵁ̆炎ᵀ
高重複(恣意的)	PIV	nervizi	神经化	PIV	neu^romo	神经ᴺᵁ̆瘤
高重複(恣意的)	PIV	nestasplenio	巢羊齿ᴬˢ	PIV	reg^filiko	王羊齿
高重複(恣意的)	PIV	nestasplenio	巢羊齿ᴬˢ	PIV	vezikfiliko	囊羊齿
高重複(恣意的)	PIV	neu^rito	神经ᴺᵁ̆炎ᵀ	PIV	nervimpulso	神经冲
高重複(恣意的)	PIV	neu^romo	神经ᴺᵁ̆瘤	PIV	nervimpulso	神经冲
高重複(恣意的)	PIV	ozonizi	臭氧化	PIV	dioksido	二ᴰᴵ氧化
高重複(恣意的)	PIV	ozonizi	臭氧化	PIV	monooksido	单氧化
高重複(恣意的)	PIV	ozonizi	臭氧化	PIV	sulfoksido	硫氧化
高重複(恣意的)	PIV	pafarmilo	射武具	PIV	incidindikatoro	射ᴵ指ᴵ具ᴬ
高重複(恣意的)	PIV	sciuredoj	松鼠科ᴱ	PIV	vajro	松鼠皮
高重複(恣意的)	PIV	sportkuloto	体ˢ短裤	PIV	bans^orto	浴短裤ˢ̂
高重複(恣意的)	PIV	tonsilektomio	扁桃ᵀ除ᴱᴷ	PIV	migdalprunuso	扁桃李ᴾˢ
高重複(恣意的)	PIV	viperedoj	毒蛇科ᴱ	PIV	vipurdrako	毒蛇ⱽᵁ龙
高重複(恣意的)	PIV	vorema	贪食倾	PIV	-voranto	贪食在
高重複(恣意的)	PIV	vorema	贪食倾	PIV	-voruloj	贪食者
