groupkey	家族人数	無印語根	無印の層	学習順最初の語根	その層	分類
使	7	ig	文法層	ig	文法層	適合
行	2	ad	文法層	ad	文法層	適合
物	2	aĵ	文法層	aĵ	文法層	適合
成	4	iĝ	文法層	iĝ	文法層	適合
反	4	mal	文法層	mal	文法層	適合
家	3	ist	文法層	ist	文法層	適合
具	4	il	文法層	il	文法層	適合
性	3	ec	文法層	ec	文法層	適合
受	2	it	文法層	it	文法層	適合
所	2	ej	文法層	ej	文法層	適合
无	4	sen	文法層	sen	文法層	適合
在	2	ant	文法層	ant	文法層	適合
小	3	et	文法層	et	文法層	適合
群	3	ar	文法層	ar	文法層	適合
出	3	el	文法層	el	文法層	適合
倾	4	em	文法層	em	文法層	適合
器	5	uj	文法層	uj	文法層	適合
再	2	re	文法層	re	文法層	適合
女	5	in	文法層	in	文法層	適合
巨	7	eg	文法層	eg	文法層	適合
共	2	kun	文法層	kun	文法層	適合
学	7	lern	tier0(CSV2890)	logi	文法層	層またぎ逆転
被	2	at	文法層	at	文法層	適合
下	3	sub	文法層	sub	文法層	適合
散	8	dis	文法層	dis	文法層	適合
离	2	for	文法層	for	文法層	適合
前	5	antaŭ	文法層	antaŭ	文法層	適合
对	4	kontraŭ	文法層	kontraŭ	文法層	適合
上	2	sur	文法層	super	文法層	適合
越	2	trans	文法層	trans	文法層	適合
始	2	ek	文法層	ek	文法層	適合
穿	5	tra	文法層	tra	文法層	適合
富	2	riĉ	tier0(CSV2890)	oz	文法層	層またぎ逆転
三	2	tri	文法層	tri	文法層	適合
过	4	int	文法層	int	文法層	適合
能	5	pov	tier0(CSV2890)	iv	文法層	層またぎ逆転
值	4	ind	文法層	ind	文法層	適合
远	4	tele	文法層	tele	文法層	適合
子	2	id	文法層	id	文法層	適合
后	2	post	文法層	post	文法層	適合
己	3	si	文法層	si	文法層	適合
首	2	ĉef	文法層	ĉef	文法層	適合
长	3	long	tier0(CSV2890)	estr	文法層	層またぎ逆転
粒	6	er	文法層	er	文法層	適合
外	5	krom	文法層	ekster	文法層	適合
四	2	kvar	文法層	kvar	文法層	適合
围	3	ĉirkaŭ	文法層	ĉirkaŭ	文法層	適合
似	3	simil	tier0(CSV2890)	oid	文法層	層またぎ逆転
原	6	pra	文法層	pra	文法層	適合
十	3	dek	文法層	dek	文法層	適合
座	3	ing	文法層	ing	文法層	適合
水	3	akv	tier0(CSV2890)	hidr	文法層	層またぎ逆転
倍	2	obl	文法層	obl	文法層	適合
抗	4	protest	tier0(CSV2890)	anti	文法層	層またぎ逆転
双	3	ge	文法層	ge	文法層	適合
微	4	mikro	文法層	mikro	文法層	適合
地	5	ter	tier0(CSV2890)	geo	文法層	層またぎ逆転
百	3	cent	文法層	cent	文法層	適合
多	3	mult	tier0(CSV2890)	poli	文法層	層またぎ逆転
逆	3	retro	文法層	retro	文法層	適合
此	2	c^i	文法層	c^i	文法層	適合
和	4	pac	tier0(CSV2890)	kaj	文法層	層またぎ逆転
组	2	op	文法層	op	文法層	適合
等	3	egal	tier0(CSV2890)	izo	文法層	層またぎ逆転
因	5	ĉar	文法層	ĉar	文法層	適合
六	3	ses	文法層	ses	文法層	適合
千	3	mil	文法層	mil	文法層	適合
五	2	kvin	文法層	kvin	文法層	適合
情	6	pati	文法層	pati	文法層	適合
至	3	ĝis	文法層	ĝis	文法層	適合
单	4	mono	文法層	mono	文法層	適合
伪	6	fals	tier0(CSV2890)	pseŭdo	文法層	層またぎ逆転
比	3	ol	文法層	ol	文法層	適合
血	4	sang	tier0(CSV2890)	emi	文法層	層またぎ逆転
超	3	hiper	文法層	hiper	文法層	適合
同	5	sam	tier0(CSV2890)	homo	文法層	層またぎ逆転
将	3	ont	文法層	ont	文法層	適合
八	2	ok	文法層	ok	文法層	適合
表	7	tabel	tier0(CSV2890)	epi	文法層	層またぎ逆転
除	3	escept	tier0(CSV2890)	ektomi	文法層	層またぎ逆転
七	2	sep	文法層	sep	文法層	適合
切	6	tranĉ	tier0(CSV2890)	tomi	文法層	層またぎ逆転
待	2	ot	文法層	ot	文法層	適合
还	2	plu	文法層	plu	文法層	適合
内	5	en	文法層	endo	文法層	適合
痛	2	dolor	tier0(CSV2890)	algi	文法層	層またぎ逆転
我	2	mi	文法層	mi	文法層	適合
感	6	sent	tier0(CSV2890)	estez	文法層	層またぎ逆転
解	4	kompren	tier0(CSV2890)	liz	文法層	層またぎ逆転
份	2	da	文法層	da	文法層	適合
即	2	tuj	文法層	tuj	文法層	適合
现	6	nun	文法層	nun	文法層	適合
期	5	dat	tier0(CSV2890)	dum	文法層	層またぎ逆転
代	7	anstataŭ	文法層	anstataŭ	文法層	適合
卑	2	fi	文法層	fi	文法層	適合
事	4	ke	文法層	ke	文法層	適合
加	2	plus	文法層	plus	文法層	適合
人	4	hom	tier0(CSV2890)	oni	文法層	層またぎ逆転
百万	2	milion	文法層	milion	文法層	適合
他	2	li	文法層	li	文法層	適合
明	2	morgaŭ	文法層	morgaŭ	文法層	適合
减	6	minus	文法層	minus	文法層	適合
或	2	aŭ	文法層	aŭ	文法層	適合
才	4	geni	tier0(CSV2890)	apenaŭ	文法層	層またぎ逆転
连	4	eĉ	文法層	eĉ	文法層	適合
喂	3	ho	tier0(CSV2890)	he	文法層	層またぎ逆転
兆	2	bilion	文法層	bilion	文法層	適合
态	3	stat	tier0(CSV2890)	aci	文法層	層またぎ逆転
确	5	cert	tier0(CSV2890)	ja	文法層	層またぎ逆転
分	8	on	文法層	on	文法層	適合
员	3	an	文法層	an	文法層	適合
任	3	ajn	文法層	ajn	文法層	適合
余	4	rest	tier0(CSV2890)	rest	tier0(CSV2890)	適合
战	3	milit	tier0(CSV2890)	milit	tier0(CSV2890)	適合
助	2	help	tier0(CSV2890)	help	tier0(CSV2890)	適合
父	2	patr	tier0(CSV2890)	patr	tier0(CSV2890)	適合
运	2	port	tier0(CSV2890)	port	tier0(CSV2890)	適合
乘	2	vetur	tier0(CSV2890)	vetur	tier0(CSV2890)	適合
词	2	vort	tier0(CSV2890)	vort	tier0(CSV2890)	適合
国	3	land	tier0(CSV2890)	land	tier0(CSV2890)	適合
田	2	kamp	tier0(CSV2890)	kamp	tier0(CSV2890)	適合
名	6	nom	tier0(CSV2890)	nom	tier0(CSV2890)	適合
动	7	mov	tier0(CSV2890)	mov	tier0(CSV2890)	適合
死	3	mort	tier0(CSV2890)	mort	tier0(CSV2890)	適合
有	2	hav	tier0(CSV2890)	hav	tier0(CSV2890)	適合
新	3	nov	tier0(CSV2890)	nov	tier0(CSV2890)	適合
强	3	fort	tier0(CSV2890)	fort	tier0(CSV2890)	適合
路	3	voj	tier0(CSV2890)	voj	tier0(CSV2890)	適合
次	2	foj	tier0(CSV2890)	foj	tier0(CSV2890)	適合
形	6	form	tier0(CSV2890)	form	tier0(CSV2890)	適合
处	3	lok	tier0(CSV2890)	lok	tier0(CSV2890)	適合
示	3	montr	tier0(CSV2890)	montr	tier0(CSV2890)	適合
求	3	pet	tier0(CSV2890)	pet	tier0(CSV2890)	適合
话	2	parol	tier0(CSV2890)	parol	tier0(CSV2890)	適合
近	2	proksim	tier0(CSV2890)	proksim	tier0(CSV2890)	適合
送	2	send	tier0(CSV2890)	send	tier0(CSV2890)	適合
书	2	libr	tier0(CSV2890)	skrib	tier0(CSV2890)	tier0内逆転
高	3	alt	tier0(CSV2890)	alt	tier0(CSV2890)	適合
界	3	lim	tier0(CSV2890)	mond	tier0(CSV2890)	tier0内逆転
速	3	rapid	tier0(CSV2890)	rapid	tier0(CSV2890)	適合
手	2	man	tier0(CSV2890)	man	tier0(CSV2890)	適合
满	2	plen	tier0(CSV2890)	plen	tier0(CSV2890)	適合
室	4	ĉambr	tier0(CSV2890)	ĉambr	tier0(CSV2890)	適合
喜	3	ĝoj	tier0(CSV2890)	ĝoj	tier0(CSV2890)	適合
知	3	sci	tier0(CSV2890)	sci	tier0(CSV2890)	適合
日	4	tag	tier0(CSV2890)	tag	tier0(CSV2890)	適合
童	3	infan	tier0(CSV2890)	infan	tier0(CSV2890)	適合
红	3	ruĝ	tier0(CSV2890)	ruĝ	tier0(CSV2890)	適合
良	4	bon	tier0(CSV2890)	bon	tier0(CSV2890)	適合
欲	2	dezir	tier0(CSV2890)	dezir	tier0(CSV2890)	適合
心	5	kor	tier0(CSV2890)	kor	tier0(CSV2890)	適合
愿	2	vol	tier0(CSV2890)	vol	tier0(CSV2890)	適合
头	4	kap	tier0(CSV2890)	kap	tier0(CSV2890)	適合
生	9	nask	tier0(CSV2890)	okaz	tier0(CSV2890)	tier0内逆転
举	2	lev	tier0(CSV2890)	lev	tier0(CSV2890)	適合
问	2	demand	tier0(CSV2890)	demand	tier0(CSV2890)	適合
清	3	klar	tier0(CSV2890)	klar	tier0(CSV2890)	適合
活	3	viv	tier0(CSV2890)	viv	tier0(CSV2890)	適合
信	7	kred	tier0(CSV2890)	kred	tier0(CSV2890)	適合
认	4	kon	tier0(CSV2890)	kon	tier0(CSV2890)	適合
幼	2	jun	tier0(CSV2890)	jun	tier0(CSV2890)	適合
终	3	fin	tier0(CSV2890)	fin	tier0(CSV2890)	適合
整	7	tut	tier0(CSV2890)	tut	tier0(CSV2890)	適合
大	4	grand	tier0(CSV2890)	grand	tier0(CSV2890)	適合
笑	2	rid	tier0(CSV2890)	rid	tier0(CSV2890)	適合
收	3	ricev	tier0(CSV2890)	ricev	tier0(CSV2890)	適合
重	3	pez	tier0(CSV2890)	grav	tier0(CSV2890)	tier0内逆転
族	5	naci	tier0(CSV2890)	naci	tier0(CSV2890)	適合
像	2	ŝajn	tier0(CSV2890)	ŝajn	tier0(CSV2890)	適合
顶	10	supr	tier0(CSV2890)	supr	tier0(CSV2890)	適合
集	3	kolekt	tier0(CSV2890)	kolekt	tier0(CSV2890)	適合
续	2	daŭr	tier0(CSV2890)	daŭr	tier0(CSV2890)	適合
主	7	mastr	tier0(CSV2890)	precip	tier0(CSV2890)	tier0内逆転
食	2	manĝ	tier0(CSV2890)	manĝ	tier0(CSV2890)	適合
钱	2	mon	tier0(CSV2890)	mon	tier0(CSV2890)	適合
声	4	son	tier0(CSV2890)	son	tier0(CSV2890)	適合
树	4	arb	tier0(CSV2890)	arb	tier0(CSV2890)	適合
点	3	punkt	tier0(CSV2890)	punkt	tier0(CSV2890)	適合
艺	2	art	tier0(CSV2890)	art	tier0(CSV2890)	適合
压	6	prem	tier0(CSV2890)	prem	tier0(CSV2890)	適合
议	5	konsil	tier0(CSV2890)	konsil	tier0(CSV2890)	適合
勇	2	kuraĝ	tier0(CSV2890)	kuraĝ	tier0(CSV2890)	適合
唯	2	sol	tier0(CSV2890)	sol	tier0(CSV2890)	適合
拉	3	tir	tier0(CSV2890)	tir	tier0(CSV2890)	適合
旅	3	vojaĝ	tier0(CSV2890)	vojaĝ	tier0(CSV2890)	適合
目	2	okul	tier0(CSV2890)	okul	tier0(CSV2890)	適合
语	2	lingv	tier0(CSV2890)	lingv	tier0(CSV2890)	適合
睡	2	dorm	tier0(CSV2890)	dorm	tier0(CSV2890)	適合
毛	2	har	tier0(CSV2890)	har	tier0(CSV2890)	適合
鸟	143	bird	tier0(CSV2890)	bird	tier0(CSV2890)	適合
落	2	fal	tier0(CSV2890)	fal	tier0(CSV2890)	適合
缺	3	mank	tier0(CSV2890)	mank	tier0(CSV2890)	適合
怕	2	tim	tier0(CSV2890)	tim	tier0(CSV2890)	適合
转	8	turn	tier0(CSV2890)	turn	tier0(CSV2890)	適合
惊	3	mir	tier0(CSV2890)	mir	tier0(CSV2890)	適合
色	5	kolor	tier0(CSV2890)	kolor	tier0(CSV2890)	適合
建	2	konstru	tier0(CSV2890)	konstru	tier0(CSV2890)	適合
许	3	permes	tier0(CSV2890)	permes	tier0(CSV2890)	適合
育	2	kresk	tier0(CSV2890)	kresk	tier0(CSV2890)	適合
风	7	vent	tier0(CSV2890)	vent	tier0(CSV2890)	適合
钟	2	hor	tier0(CSV2890)	hor	tier0(CSV2890)	適合
饮	2	trink	tier0(CSV2890)	trink	tier0(CSV2890)	適合
思	3	pens	tier0(CSV2890)	pens	tier0(CSV2890)	適合
门	3	pord	tier0(CSV2890)	pord	tier0(CSV2890)	適合
权	4	rajt	tier0(CSV2890)	rajt	tier0(CSV2890)	適合
市	7	urb	tier0(CSV2890)	urb	tier0(CSV2890)	適合
晚	2	vesper	tier0(CSV2890)	vesper	tier0(CSV2890)	適合
听	2	aŭd	tier0(CSV2890)	aŭd	tier0(CSV2890)	適合
治	5	reg	tier0(CSV2890)	reg	tier0(CSV2890)	適合
足	2	pied	tier0(CSV2890)	pied	tier0(CSV2890)	適合
寻	2	serĉ	tier0(CSV2890)	serĉ	tier0(CSV2890)	適合
打	3	bat	tier0(CSV2890)	bat	tier0(CSV2890)	適合
壁	2	mur	tier0(CSV2890)	mur	tier0(CSV2890)	適合
述	2	rakont	tier0(CSV2890)	rakont	tier0(CSV2890)	適合
白	3	blank	tier0(CSV2890)	blank	tier0(CSV2890)	適合
燃	2	brul	tier0(CSV2890)	brul	tier0(CSV2890)	適合
口	4	buŝ	tier0(CSV2890)	buŝ	tier0(CSV2890)	適合
片	4	pec	tier0(CSV2890)	pec	tier0(CSV2890)	適合
窗	2	fenestr	tier0(CSV2890)	fenestr	tier0(CSV2890)	適合
果	23	frukt	tier0(CSV2890)	frukt	tier0(CSV2890)	適合
记	5	memor	tier0(CSV2890)	memor	tier0(CSV2890)	適合
部	5	part	tier0(CSV2890)	part	tier0(CSV2890)	適合
民	4	popol	tier0(CSV2890)	popol	tier0(CSV2890)	適合
投	2	ĵet	tier0(CSV2890)	ĵet	tier0(CSV2890)	適合
变	3	ŝanĝ	tier0(CSV2890)	ŝanĝ	tier0(CSV2890)	適合
指	4	fingr	tier0(CSV2890)	fingr	tier0(CSV2890)	適合
颜	3	vizaĝ	tier0(CSV2890)	vizaĝ	tier0(CSV2890)	適合
黑	3	nigr	tier0(CSV2890)	nigr	tier0(CSV2890)	適合
占	3	okup	tier0(CSV2890)	okup	tier0(CSV2890)	適合
用	2	uz	tier0(CSV2890)	uz	tier0(CSV2890)	適合
真	3	ver	tier0(CSV2890)	ver	tier0(CSV2890)	適合
费	2	kost	tier0(CSV2890)	kost	tier0(CSV2890)	適合
简	3	simpl	tier0(CSV2890)	simpl	tier0(CSV2890)	適合
静	6	trankvil	tier0(CSV2890)	trankvil	tier0(CSV2890)	適合
必	2	neces	tier0(CSV2890)	neces	tier0(CSV2890)	適合
觉	4	konsci	tier0(CSV2890)	rimark	tier0(CSV2890)	tier0内逆転
意	4	ide	tier0(CSV2890)	ide	tier0(CSV2890)	適合
猫	3	kat	tier0(CSV2890)	kat	tier0(CSV2890)	適合
气	17	aer	tier0(CSV2890)	aer	tier0(CSV2890)	適合
石	5	ŝton	tier0(CSV2890)	ŝton	tier0(CSV2890)	適合
鼻	4	naz	tier0(CSV2890)	naz	tier0(CSV2890)	適合
花	20	flor	tier0(CSV2890)	flor	tier0(CSV2890)	適合
快	2	agrabl	tier0(CSV2890)	agrabl	tier0(CSV2890)	適合
务	3	serv	tier0(CSV2890)	serv	tier0(CSV2890)	適合
蓝	4	blu	tier0(CSV2890)	blu	tier0(CSV2890)	適合
导	5	gvid	tier0(CSV2890)	konduk	tier0(CSV2890)	tier0内逆転
标	4	cel	tier0(CSV2890)	mark	tier0(CSV2890)	適合
益	2	util	tier0(CSV2890)	util	tier0(CSV2890)	適合
方	5	direkt	tier0(CSV2890)	direkt	tier0(CSV2890)	適合
选	4	elekt	tier0(CSV2890)	elekt	tier0(CSV2890)	適合
正	4	ĝust	tier0(CSV2890)	ĝust	tier0(CSV2890)	適合
算	3	kalkul	tier0(CSV2890)	kalkul	tier0(CSV2890)	適合
结	7	lig	tier0(CSV2890)	lig	tier0(CSV2890)	適合
鱼	105	fiŝ	tier0(CSV2890)	fiŝ	tier0(CSV2890)	適合
史	2	histori	tier0(CSV2890)	histori	tier0(CSV2890)	適合
烹	3	kuir	tier0(CSV2890)	kuir	tier0(CSV2890)	適合
玩	2	lud	tier0(CSV2890)	lud	tier0(CSV2890)	適合
中	5	mez	tier0(CSV2890)	mez	tier0(CSV2890)	適合
护	5	zorg	tier0(CSV2890)	zorg	tier0(CSV2890)	適合
体	5	korp	tier0(CSV2890)	korp	tier0(CSV2890)	適合
园	2	ĝarden	tier0(CSV2890)	ĝarden	tier0(CSV2890)	適合
注	5	atent	tier0(CSV2890)	atent	tier0(CSV2890)	適合
健	2	san	tier0(CSV2890)	san	tier0(CSV2890)	適合
云	2	nub	tier0(CSV2890)	nub	tier0(CSV2890)	適合
齿	3	dent	tier0(CSV2890)	dent	tier0(CSV2890)	適合
疑	3	dub	tier0(CSV2890)	dub	tier0(CSV2890)	適合
兽	78	best	tier0(CSV2890)	best	tier0(CSV2890)	適合
杯	7	glas	tier0(CSV2890)	glas	tier0(CSV2890)	適合
杂	2	divers	tier0(CSV2890)	divers	tier0(CSV2890)	適合
河	2	river	tier0(CSV2890)	river	tier0(CSV2890)	適合
望	2	esper	tier0(CSV2890)	esper	tier0(CSV2890)	適合
亮	3	hel	tier0(CSV2890)	bril	tier0(CSV2890)	tier0内逆転
乳	5	lakt	tier0(CSV2890)	lakt	tier0(CSV2890)	適合
洗	3	lav	tier0(CSV2890)	lav	tier0(CSV2890)	適合
犬	11	hund	tier0(CSV2890)	hund	tier0(CSV2890)	適合
破	2	romp	tier0(CSV2890)	romp	tier0(CSV2890)	適合
触	2	tuŝ	tier0(CSV2890)	tuŝ	tier0(CSV2890)	適合
月	3	lun	tier0(CSV2890)	monat	tier0(CSV2890)	tier0内逆転
报	8	gazet	tier0(CSV2890)	gazet	tier0(CSV2890)	適合
宽	3	larĝ	tier0(CSV2890)	larĝ	tier0(CSV2890)	適合
怒	2	koler	tier0(CSV2890)	koler	tier0(CSV2890)	適合
商	4	komerc	tier0(CSV2890)	komerc	tier0(CSV2890)	適合
忘	2	forges	tier0(CSV2890)	forges	tier0(CSV2890)	適合
赞	5	laŭd	tier0(CSV2890)	konsent	tier0(CSV2890)	tier0内逆転
异	10	fremd	tier0(CSV2890)	fremd	tier0(CSV2890)	適合
欢	2	gaj	tier0(CSV2890)	gaj	tier0(CSV2890)	適合
想	3	opini	tier0(CSV2890)	opini	tier0(CSV2890)	適合
饱	2	sat	tier0(CSV2890)	sat	tier0(CSV2890)	適合
亲	4	kar	tier0(CSV2890)	kar	tier0(CSV2890)	適合
备	3	pret	tier0(CSV2890)	pret	tier0(CSV2890)	適合
流	2	flu	tier0(CSV2890)	flu	tier0(CSV2890)	適合
邮	3	poŝt	tier0(CSV2890)	poŝt	tier0(CSV2890)	適合
办	3	ag	tier0(CSV2890)	ag	tier0(CSV2890)	適合
团	11	grup	tier0(CSV2890)	grup	tier0(CSV2890)	適合
级	5	klas	tier0(CSV2890)	klas	tier0(CSV2890)	適合
决	2	decid	tier0(CSV2890)	decid	tier0(CSV2890)	適合
推	5	puŝ	tier0(CSV2890)	puŝ	tier0(CSV2890)	適合
作	2	verk	tier0(CSV2890)	verk	tier0(CSV2890)	適合
卡	2	kart	tier0(CSV2890)	kart	tier0(CSV2890)	適合
访	3	vizit	tier0(CSV2890)	vizit	tier0(CSV2890)	適合
土	3	grund	tier0(CSV2890)	sabat	tier0(CSV2890)	tier0内逆転
悦	2	plaĉ	tier0(CSV2890)	plaĉ	tier0(CSV2890)	適合
存	6	ekzist	tier0(CSV2890)	ekzist	tier0(CSV2890)	適合
定	4	fiks	tier0(CSV2890)	fiks	tier0(CSV2890)	適合
教	4	instru	tier0(CSV2890)	instru	tier0(CSV2890)	適合
木	270	lign	tier0(CSV2890)	ĵaŭd	tier0(CSV2890)	tier0内逆転
火	2	fajr	tier0(CSV2890)	mard	tier0(CSV2890)	tier0内逆転
智	3	saĝ	tier0(CSV2890)	saĝ	tier0(CSV2890)	適合
软	2	mol	tier0(CSV2890)	mol	tier0(CSV2890)	適合
金	67	or	tier0(CSV2890)	vendred	tier0(CSV2890)	tier0内逆転
神	3	di	tier0(CSV2890)	di	tier0(CSV2890)	適合
混	2	miks	tier0(CSV2890)	miks	tier0(CSV2890)	適合
卷	5	volv	tier0(CSV2890)	volv	tier0(CSV2890)	適合
茶	4	te	tier0(CSV2890)	te	tier0(CSV2890)	適合
验	4	spert	tier0(CSV2890)	spert	tier0(CSV2890)	適合
偶	9	par	tier0(CSV2890)	par	tier0(CSV2890)	適合
公	3	publik	tier0(CSV2890)	publik	tier0(CSV2890)	適合
院	4	kort	tier0(CSV2890)	kort	tier0(CSV2890)	適合
停	4	halt	tier0(CSV2890)	halt	tier0(CSV2890)	適合
法	3	jur	tier0(CSV2890)	rimed	tier0(CSV2890)	tier0内逆転
马	5	ĉeval	tier0(CSV2890)	ĉeval	tier0(CSV2890)	適合
数	3	nombr	tier0(CSV2890)	nombr	tier0(CSV2890)	適合
糖	9	suker	tier0(CSV2890)	suker	tier0(CSV2890)	適合
线	4	lini	tier0(CSV2890)	lini	tier0(CSV2890)	適合
角	5	angul	tier0(CSV2890)	angul	tier0(CSV2890)	適合
序	2	ord	tier0(CSV2890)	ord	tier0(CSV2890)	適合
种	5	sem	tier0(CSV2890)	spec	tier0(CSV2890)	tier0内逆転
测	5	mezur	tier0(CSV2890)	mezur	tier0(CSV2890)	適合
步	3	paŝ	tier0(CSV2890)	paŝ	tier0(CSV2890)	適合
跳	2	salt	tier0(CSV2890)	salt	tier0(CSV2890)	適合
令	5	ordon	tier0(CSV2890)	ordon	tier0(CSV2890)	適合
醒	2	vek	tier0(CSV2890)	vek	tier0(CSV2890)	適合
颈	2	kol	tier0(CSV2890)	kol	tier0(CSV2890)	適合
独	2	unik	tier0(CSV2890)	apart	tier0(CSV2890)	tier0内逆転
板	8	plank	tier0(CSV2890)	plank	tier0(CSV2890)	適合
噪	2	bru	tier0(CSV2890)	bru	tier0(CSV2890)	適合
厢	2	vagon	tier0(CSV2890)	vagon	tier0(CSV2890)	適合
帽	9	ĉapel	tier0(CSV2890)	ĉapel	tier0(CSV2890)	適合
刻	3	moment	tier0(CSV2890)	moment	tier0(CSV2890)	適合
圆	3	rond	tier0(CSV2890)	rond	tier0(CSV2890)	適合
庆	4	fest	tier0(CSV2890)	fest	tier0(CSV2890)	適合
乐	6	muzik	tier0(CSV2890)	plezur	tier0(CSV2890)	tier0内逆転
玻	3	vitr	tier0(CSV2890)	vitr	tier0(CSV2890)	適合
例	2	ekzempl	tier0(CSV2890)	ekzempl	tier0(CSV2890)	適合
苦	2	sufer	tier0(CSV2890)	sufer	tier0(CSV2890)	適合
铁	2	fer	tier0(CSV2890)	fer	tier0(CSV2890)	適合
羽	2	plum	tier0(CSV2890)	plum	tier0(CSV2890)	適合
理	5	prav	tier0(CSV2890)	prav	tier0(CSV2890)	適合
诉	5	plend	tier0(CSV2890)	plend	tier0(CSV2890)	適合
产	2	produkt	tier0(CSV2890)	produkt	tier0(CSV2890)	適合
车	11	aŭt	tier0(CSV2890)	aŭt	tier0(CSV2890)	適合
王	4	reĝ	tier0(CSV2890)	reĝ	tier0(CSV2890)	適合
袋	4	sak	tier0(CSV2890)	sak	tier0(CSV2890)	適合
斜	6	klin	tier0(CSV2890)	klin	tier0(CSV2890)	適合
酒	8	vin	tier0(CSV2890)	vin	tier0(CSV2890)	適合
叶	5	foli	tier0(CSV2890)	foli	tier0(CSV2890)	適合
式	5	manier	tier0(CSV2890)	manier	tier0(CSV2890)	適合
射	9	paf	tier0(CSV2890)	radi	tier0(CSV2890)	tier0内逆転
底	2	fund	tier0(CSV2890)	fund	tier0(CSV2890)	適合
判	4	juĝ	tier0(CSV2890)	juĝ	tier0(CSV2890)	適合
守	2	gard	tier0(CSV2890)	gard	tier0(CSV2890)	適合
区	3	region	tier0(CSV2890)	region	tier0(CSV2890)	適合
银	2	arĝent	tier0(CSV2890)	arĝent	tier0(CSV2890)	適合
职	3	ofic	tier0(CSV2890)	ofic	tier0(CSV2890)	適合
草	386	herb	tier0(CSV2890)	herb	tier0(CSV2890)	適合
号	3	numer	tier0(CSV2890)	numer	tier0(CSV2890)	適合
医	3	kurac	tier0(CSV2890)	kurac	tier0(CSV2890)	適合
牛	4	bov	tier0(CSV2890)	bov	tier0(CSV2890)	適合
鸡	2	kok	tier0(CSV2890)	kok	tier0(CSV2890)	適合
凳	2	benk	tier0(CSV2890)	benk	tier0(CSV2890)	適合
卵	3	ov	tier0(CSV2890)	ov	tier0(CSV2890)	適合
褐	2	brun	tier0(CSV2890)	brun	tier0(CSV2890)	適合
胸	4	brust	tier0(CSV2890)	brust	tier0(CSV2890)	適合
灰	3	griz	tier0(CSV2890)	griz	tier0(CSV2890)	適合
黄	2	flav	tier0(CSV2890)	flav	tier0(CSV2890)	適合
锁	2	ŝlos	tier0(CSV2890)	ŝlos	tier0(CSV2890)	適合
止	2	ĉes	tier0(CSV2890)	ĉes	tier0(CSV2890)	適合
墨	2	ink	tier0(CSV2890)	ink	tier0(CSV2890)	適合
剪	3	tond	tier0(CSV2890)	tond	tier0(CSV2890)	適合
虫	107	insekt	tier0(CSV2890)	insekt	tier0(CSV2890)	適合
危	2	danĝer	tier0(CSV2890)	danĝer	tier0(CSV2890)	適合
影	3	ombr	tier0(CSV2890)	ombr	tier0(CSV2890)	適合
勺	2	kuler	tier0(CSV2890)	kuler	tier0(CSV2890)	適合
广	2	vast	tier0(CSV2890)	vast	tier0(CSV2890)	適合
礼	3	donac	tier0(CSV2890)	donac	tier0(CSV2890)	適合
背	2	dors	tier0(CSV2890)	dors	tier0(CSV2890)	適合
干	3	sek	tier0(CSV2890)	sek	tier0(CSV2890)	適合
效	3	efik	tier0(CSV2890)	efik	tier0(CSV2890)	適合
包	4	pak	tier0(CSV2890)	pak	tier0(CSV2890)	適合
律	4	leĝ	tier0(CSV2890)	leĝ	tier0(CSV2890)	適合
普	3	ordinar	tier0(CSV2890)	ordinar	tier0(CSV2890)	適合
偷	3	ŝtel	tier0(CSV2890)	ŝtel	tier0(CSV2890)	適合
尊	2	estim	tier0(CSV2890)	estim	tier0(CSV2890)	適合
星	5	stel	tier0(CSV2890)	stel	tier0(CSV2890)	適合
笔	2	penik	tier0(CSV2890)	krajon	tier0(CSV2890)	tier0内逆転
羊	7	ŝaf	tier0(CSV2890)	ŝaf	tier0(CSV2890)	適合
盘	4	teler	tier0(CSV2890)	teler	tier0(CSV2890)	適合
腿	2	krur	tier0(CSV2890)	krur	tier0(CSV2890)	適合
膝	2	genu	tier0(CSV2890)	genu	tier0(CSV2890)	適合
阶	3	ŝtup	tier0(CSV2890)	ŝtup	tier0(CSV2890)	適合
总	3	sum	tier0(CSV2890)	sum	tier0(CSV2890)	適合
封	7	kovert	tier0(CSV2890)	kovert	tier0(CSV2890)	適合
创	5	kre	tier0(CSV2890)	kre	tier0(CSV2890)	適合
罪	3	kulp	tier0(CSV2890)	kulp	tier0(CSV2890)	適合
灵	2	spirit	tier0(CSV2890)	spirit	tier0(CSV2890)	適合
直	2	rekt	tier0(CSV2890)	rekt	tier0(CSV2890)	適合
严	6	sever	tier0(CSV2890)	serioz	tier0(CSV2890)	tier0内逆転
猪	6	pork	tier0(CSV2890)	pork	tier0(CSV2890)	適合
宁	2	seren	tier0(CSV2890)	prefer	tier0(CSV2890)	tier0内逆転
复	11	ripet	tier0(CSV2890)	ripet	tier0(CSV2890)	適合
裂	7	ŝir	tier0(CSV2890)	fend	tier0(CSV2890)	tier0内逆転
拍	4	fot	tier0(CSV2890)	fot	tier0(CSV2890)	適合
储	2	rezerv	tier0(CSV2890)	rezerv	tier0(CSV2890)	適合
接	4	kontakt	tier0(CSV2890)	kontakt	tier0(CSV2890)	適合
响	4	sonor	tier0(CSV2890)	sonor	tier0(CSV2890)	適合
录	4	registr	tier0(CSV2890)	registr	tier0(CSV2890)	適合
适	6	taŭg	tier0(CSV2890)	taŭg	tier0(CSV2890)	適合
划	6	plan	tier0(CSV2890)	strek	tier0(CSV2890)	tier0内逆転
含	3	inkluziv	tier0(CSV2890)	inkluziv	tier0(CSV2890)	適合
伴	6	koleg	tier0(CSV2890)	koleg	tier0(CSV2890)	適合
刺	6	pik	tier0(CSV2890)	pik	tier0(CSV2890)	適合
箱	4	kest	tier0(CSV2890)	kest	tier0(CSV2890)	適合
耕	3	kultur	tier0(CSV2890)	kultur	tier0(CSV2890)	適合
价	4	prez	tier0(CSV2890)	prez	tier0(CSV2890)	適合
规	4	regul	tier0(CSV2890)	regul	tier0(CSV2890)	適合
烟	5	fum	tier0(CSV2890)	fum	tier0(CSV2890)	適合
描	2	pentr	tier0(CSV2890)	pentr	tier0(CSV2890)	適合
获	3	akir	tier0(CSV2890)	rikolt	tier0(CSV2890)	適合
列	3	vic	tier0(CSV2890)	vic	tier0(CSV2890)	適合
旗	3	flag	tier0(CSV2890)	flag	tier0(CSV2890)	適合
防	4	defend	tier0(CSV2890)	defend	tier0(CSV2890)	適合
攻	4	atak	tier0(CSV2890)	atak	tier0(CSV2890)	適合
吹	2	blov	tier0(CSV2890)	blov	tier0(CSV2890)	適合
热	7	hejt	tier0(CSV2890)	hejt	tier0(CSV2890)	適合
叉	4	fork	tier0(CSV2890)	fork	tier0(CSV2890)	適合
锐	2	akr	tier0(CSV2890)	akr	tier0(CSV2890)	適合
舞	2	danc	tier0(CSV2890)	danc	tier0(CSV2890)	適合
科	4	scienc	tier0(CSV2890)	scienc	tier0(CSV2890)	適合
植	5	plant	tier0(CSV2890)	plant	tier0(CSV2890)	適合
障	4	bar	tier0(CSV2890)	bar	tier0(CSV2890)	適合
球	8	pilk	tier0(CSV2890)	pilk	tier0(CSV2890)	適合
轮	2	rad	tier0(CSV2890)	rad	tier0(CSV2890)	適合
网	3	ret	tier0(CSV2890)	ret	tier0(CSV2890)	適合
游	4	naĝ	tier0(CSV2890)	naĝ	tier0(CSV2890)	適合
平	2	eben	tier0(CSV2890)	eben	tier0(CSV2890)	適合
谷	3	val	tier0(CSV2890)	val	tier0(CSV2890)	適合
衫	2	ĉemiz	tier0(CSV2890)	ĉemiz	tier0(CSV2890)	適合
关	2	rilat	tier0(CSV2890)	rilat	tier0(CSV2890)	適合
宣	5	anonc	tier0(CSV2890)	anonc	tier0(CSV2890)	適合
订	2	mend	tier0(CSV2890)	mend	tier0(CSV2890)	適合
符	3	sign	tier0(CSV2890)	sign	tier0(CSV2890)	適合
属	2	aparten	tier0(CSV2890)	aparten	tier0(CSV2890)	適合
支	4	apog	tier0(CSV2890)	apog	tier0(CSV2890)	適合
丝	4	silk	tier0(CSV2890)	faden	tier0(CSV2890)	tier0内逆転
进	3	progres	tier0(CSV2890)	progres	tier0(CSV2890)	適合
灯	2	lamp	tier0(CSV2890)	lamp	tier0(CSV2890)	適合
警	3	polic	tier0(CSV2890)	avert	tier0(CSV2890)	適合
油	2	ole	tier0(CSV2890)	ole	tier0(CSV2890)	適合
骨	2	ost	tier0(CSV2890)	ost	tier0(CSV2890)	適合
客	3	gast	tier0(CSV2890)	gast	tier0(CSV2890)	適合
册	6	kajer	tier0(CSV2890)	kajer	tier0(CSV2890)	適合
瓶	4	botel	tier0(CSV2890)	botel	tier0(CSV2890)	適合
肉	2	viand	tier0(CSV2890)	viand	tier0(CSV2890)	適合
机	2	maŝin	tier0(CSV2890)	ŝanc	tier0(CSV2890)	適合
枝	3	branĉ	tier0(CSV2890)	branĉ	tier0(CSV2890)	適合
伤	2	vund	tier0(CSV2890)	vund	tier0(CSV2890)	適合
皮	8	haŭt	tier0(CSV2890)	haŭt	tier0(CSV2890)	適合
布	4	tol	tier0(CSV2890)	tol	tier0(CSV2890)	適合
尖	3	pint	tier0(CSV2890)	pint	tier0(CSV2890)	適合
扣	3	buton	tier0(CSV2890)	buton	tier0(CSV2890)	適合
猎	2	ĉas	tier0(CSV2890)	ĉas	tier0(CSV2890)	適合
盒	3	skatol	tier0(CSV2890)	skatol	tier0(CSV2890)	適合
服	4	obe	tier0(CSV2890)	obe	tier0(CSV2890)	適合
字	6	liter	tier0(CSV2890)	liter	tier0(CSV2890)	適合
祈	2	preĝ	tier0(CSV2890)	preĝ	tier0(CSV2890)	適合
细	2	delikat	tier0(CSV2890)	delikat	tier0(CSV2890)	適合
密	4	dens	tier0(CSV2890)	dens	tier0(CSV2890)	適合
糊	2	past	tier0(CSV2890)	past	tier0(CSV2890)	適合
印	7	pres	tier0(CSV2890)	pres	tier0(CSV2890)	適合
恒	2	konstant	tier0(CSV2890)	konstant	tier0(CSV2890)	適合
博	4	doktor	tier0(CSV2890)	doktor	tier0(CSV2890)	適合
课	2	kurs	tier0(CSV2890)	lecion	tier0(CSV2890)	tier0内逆転
奖	2	premi	tier0(CSV2890)	premi	tier0(CSV2890)	適合
唇	3	lip	tier0(CSV2890)	lip	tier0(CSV2890)	適合
东	2	orient	tier0(CSV2890)	orient	tier0(CSV2890)	適合
柜	2	ŝrank	tier0(CSV2890)	ŝrank	tier0(CSV2890)	適合
拭	2	viŝ	tier0(CSV2890)	viŝ	tier0(CSV2890)	適合
容	2	mien	tier0(CSV2890)	mien	tier0(CSV2890)	適合
脂	9	gras	tier0(CSV2890)	gras	tier0(CSV2890)	適合
避	2	evit	tier0(CSV2890)	evit	tier0(CSV2890)	適合
忠	2	fidel	tier0(CSV2890)	fidel	tier0(CSV2890)	適合
坚	5	firm	tier0(CSV2890)	firm	tier0(CSV2890)	適合
菜	14	legom	tier0(CSV2890)	legom	tier0(CSV2890)	適合
熟	2	matur	tier0(CSV2890)	matur	tier0(CSV2890)	適合
罚	2	pun	tier0(CSV2890)	pun	tier0(CSV2890)	適合
裤	2	pantalon	tier0(CSV2890)	pantalon	tier0(CSV2890)	適合
扰	3	ĝen	tier0(CSV2890)	ĝen	tier0(CSV2890)	適合
诚	2	honest	tier0(CSV2890)	honest	tier0(CSV2890)	適合
仿	4	imit	tier0(CSV2890)	imit	tier0(CSV2890)	適合
告	3	inform	tier0(CSV2890)	inform	tier0(CSV2890)	適合
舒	2	komfort	tier0(CSV2890)	komfort	tier0(CSV2890)	適合
较	2	kompar	tier0(CSV2890)	kompar	tier0(CSV2890)	適合
责	3	riproĉ	tier0(CSV2890)	riproĉ	tier0(CSV2890)	適合
通	2	korespond	tier0(CSV2890)	korespond	tier0(CSV2890)	適合
忍	3	toler	tier0(CSV2890)	pacienc	tier0(CSV2890)	tier0内逆転
准	2	preciz	tier0(CSV2890)	preciz	tier0(CSV2890)	適合
敬	6	respekt	tier0(CSV2890)	respekt	tier0(CSV2890)	適合
圣	4	sankt	tier0(CSV2890)	sankt	tier0(CSV2890)	適合
秘	9	sekret	tier0(CSV2890)	sekret	tier0(CSV2890)	適合
渴	3	soif	tier0(CSV2890)	soif	tier0(CSV2890)	適合
西	2	okcident	tier0(CSV2890)	okcident	tier0(CSV2890)	適合
骗	7	tromp	tier0(CSV2890)	tromp	tier0(CSV2890)	適合
特	5	special	tier0(CSV2890)	special	tier0(CSV2890)	適合
奇	4	strang	tier0(CSV2890)	strang	tier0(CSV2890)	適合
突	3	subit	tier0(CSV2890)	subit	tier0(CSV2890)	適合
南	2	sud	tier0(CSV2890)	sud	tier0(CSV2890)	適合
掘	2	fos	tier0(CSV2890)	fos	tier0(CSV2890)	適合
磨	5	muel	tier0(CSV2890)	polur	tier0(CSV2890)	tier0内逆転
票	3	bilet	tier0(CSV2890)	bilet	tier0(CSV2890)	適合
米	2	metr	tier0(CSV2890)	metr	tier0(CSV2890)	適合
空	4	spac	tier0(CSV2890)	spac	tier0(CSV2890)	適合
味	2	gust	tier0(CSV2890)	gust	tier0(CSV2890)	適合
军	2	arme	tier0(CSV2890)	arme	tier0(CSV2890)	適合
洞	6	kav	tier0(CSV2890)	kav	tier0(CSV2890)	適合
根	2	radik	tier0(CSV2890)	radik	tier0(CSV2890)	適合
格	3	karakter	tier0(CSV2890)	karakter	tier0(CSV2890)	適合
质	4	esenc	tier0(CSV2890)	kvalit	tier0(CSV2890)	tier0内逆転
塔	2	tur	tier0(CSV2890)	tur	tier0(CSV2890)	適合
央	2	centr	tier0(CSV2890)	centr	tier0(CSV2890)	適合
缝	2	kudr	tier0(CSV2890)	kudr	tier0(CSV2890)	適合
肩	2	ŝultr	tier0(CSV2890)	ŝultr	tier0(CSV2890)	適合
度	2	grad	tier0(CSV2890)	grad	tier0(CSV2890)	適合
传	4	komunik	tier0(CSV2890)	komunik	tier0(CSV2890)	適合
墓	3	tomb	tier0(CSV2890)	tomb	tier0(CSV2890)	適合
量	3	kvant	tier0(CSV2890)	kvant	tier0(CSV2890)	適合
会	7	kongres	tier0(CSV2890)	kongres	tier0(CSV2890)	適合
场	4	scen	tier0(CSV2890)	scen	tier0(CSV2890)	適合
设	2	supoz	tier0(CSV2890)	supoz	tier0(CSV2890)	適合
评	4	taks	tier0(CSV2890)	taks	tier0(CSV2890)	適合
轨	4	rel	tier0(CSV2890)	rel	tier0(CSV2890)	適合
文	5	kler	tier0(CSV2890)	artikol	tier0(CSV2890)	適合
显	3	aspekt	tier0(CSV2890)	aspekt	tier0(CSV2890)	適合
力	2	potenc	tier0(CSV2890)	potenc	tier0(CSV2890)	適合
伸	2	etend	tier0(CSV2890)	etend	tier0(CSV2890)	適合
层	4	etaĝ	tier0(CSV2890)	etaĝ	tier0(CSV2890)	適合
盲	2	blind	tier0(CSV2890)	blind	tier0(CSV2890)	適合
环	5	ring	tier0(CSV2890)	ring	tier0(CSV2890)	適合
租	4	lu	tier0(CSV2890)	lu	tier0(CSV2890)	適合
折	5	fald	tier0(CSV2890)	fald	tier0(CSV2890)	適合
带	12	zon	tier0(CSV2890)	zon	tier0(CSV2890)	適合
检	6	kontrol	tier0(CSV2890)	ekzamen	tier0(CSV2890)	tier0内逆転
堵	3	ŝtop	tier0(CSV2890)	ŝtop	tier0(CSV2890)	適合
升	5	litr	tier0(CSV2890)	litr	tier0(CSV2890)	適合
汁	2	suk	tier0(CSV2890)	suk	tier0(CSV2890)	適合
魅	2	ĉarm	tier0(CSV2890)	ĉarm	tier0(CSV2890)	適合
题	5	tem	tier0(CSV2890)	tem	tier0(CSV2890)	適合
仓	2	magazen	tier0(CSV2890)	magazen	tier0(CSV2890)	適合
骑	2	rajd	tier0(CSV2890)	rajd	tier0(CSV2890)	適合
欠	4	ŝuld	tier0(CSV2890)	ŝuld	tier0(CSV2890)	適合
展	5	evolu	tier0(CSV2890)	evolu	tier0(CSV2890)	適合
雾	2	nebul	tier0(CSV2890)	nebul	tier0(CSV2890)	適合
愈	2	des	tier0(CSV2890)	des	tier0(CSV2890)	適合
利	3	favor	tier0(CSV2890)	favor	tier0(CSV2890)	適合
损	4	difekt	tier0(CSV2890)	difekt	tier0(CSV2890)	適合
腹	3	ventr	tier0(CSV2890)	ventr	tier0(CSV2890)	適合
勤	2	diligent	tier0(CSV2890)	diligent	tier0(CSV2890)	適合
电	5	elektr	tier0(CSV2890)	elektr	tier0(CSV2890)	適合
论	6	diskut	tier0(CSV2890)	diskut	tier0(CSV2890)	適合
政	2	politik	tier0(CSV2890)	politik	tier0(CSV2890)	適合
探	2	esplor	tier0(CSV2890)	esplor	tier0(CSV2890)	適合
汗	2	ŝvit	tier0(CSV2890)	ŝvit	tier0(CSV2890)	適合
省	6	ŝpar	tier0(CSV2890)	ŝpar	tier0(CSV2890)	適合
假	2	feri	tier0(CSV2890)	feri	tier0(CSV2890)	適合
社	4	soci	tier0(CSV2890)	soci	tier0(CSV2890)	適合
婚	2	fianĉ	tier0(CSV2890)	fianĉ	tier0(CSV2890)	適合
饰	4	ornam	tier0(CSV2890)	ornam	tier0(CSV2890)	適合
闪	5	fulm	tier0(CSV2890)	fulm	tier0(CSV2890)	適合
养	4	nutr	tier0(CSV2890)	nutr	tier0(CSV2890)	適合
滑	7	glit	tier0(CSV2890)	glat	tier0(CSV2890)	tier0内逆転
馆	3	hotel	tier0(CSV2890)	hotel	tier0(CSV2890)	適合
谦	2	humil	tier0(CSV2890)	humil	tier0(CSV2890)	適合
披	2	mantel	tier0(CSV2890)	mantel	tier0(CSV2890)	適合
译	2	traduk	tier0(CSV2890)	traduk	tier0(CSV2890)	適合
涉	4	vad	tier0(CSV2890)	koncern	tier0(CSV2890)	tier0内逆転
粗	3	krud	tier0(CSV2890)	krud	tier0(CSV2890)	適合
胃	3	stomak	tier0(CSV2890)	stomak	tier0(CSV2890)	適合
柔	3	mild	tier0(CSV2890)	mild	tier0(CSV2890)	適合
餐	2	restoraci	tier0(CSV2890)	restoraci	tier0(CSV2890)	適合
俗	8	mor	tier0(CSV2890)	mor	tier0(CSV2890)	適合
咕	3	murmur	tier0(CSV2890)	murmur	tier0(CSV2890)	適合
源	3	origin	tier0(CSV2890)	origin	tier0(CSV2890)	適合
私	2	privat	tier0(CSV2890)	privat	tier0(CSV2890)	適合
愚	3	stult	tier0(CSV2890)	stult	tier0(CSV2890)	適合
徒	3	van	tier0(CSV2890)	van	tier0(CSV2890)	適合
温	3	temperatur	tier0(CSV2890)	temperatur	tier0(CSV2890)	適合
调	5	ton	tier0(CSV2890)	ton	tier0(CSV2890)	適合
基	3	baz	tier0(CSV2890)	baz	tier0(CSV2890)	適合
衡	3	ekvilibr	tier0(CSV2890)	ekvilibr	tier0(CSV2890)	適合
景	2	pejzaĝ	tier0(CSV2890)	pejzaĝ	tier0(CSV2890)	適合
系	4	sistem	tier0(CSV2890)	sistem	tier0(CSV2890)	適合
舟	6	boat	tier0(CSV2890)	boat	tier0(CSV2890)	適合
经济	2	ekonomi	tier0(CSV2890)	ekonomi	tier0(CSV2890)	適合
型	3	tip	tier0(CSV2890)	tip	tier0(CSV2890)	適合
厂	2	fabrik	tier0(CSV2890)	fabrik	tier0(CSV2890)	適合
剧	6	teatr	tier0(CSV2890)	teatr	tier0(CSV2890)	適合
拧	2	tord	tier0(CSV2890)	tord	tier0(CSV2890)	適合
联	5	uni	tier0(CSV2890)	asoci	tier0(CSV2890)	tier0内逆転
图	4	map	tier0(CSV2890)	map	tier0(CSV2890)	適合
库	5	kas	tier0(CSV2890)	bibliotek	tier0(CSV2890)	適合
厅	4	hal	tier0(CSV2890)	salon	tier0(CSV2890)	tier0内逆転
献	3	ofer	tier0(CSV2890)	ofer	tier0(CSV2890)	適合
诗	5	poem	tier0(CSV2890)	poem	tier0(CSV2890)	適合
让	3	ced	tier0(CSV2890)	ced	tier0(CSV2890)	適合
脑	3	cerb	tier0(CSV2890)	cerb	tier0(CSV2890)	適合
幻	10	rev	tier0(CSV2890)	rev	tier0(CSV2890)	適合
辨	2	disting	tier0(CSV2890)	disting	tier0(CSV2890)	適合
极	8	ekstrem	tier0(CSV2890)	ekstrem	tier0(CSV2890)	適合
货	3	var	tier0(CSV2890)	var	tier0(CSV2890)	適合
拖	2	tren	tier0(CSV2890)	tren	tier0(CSV2890)	適合
刊	2	revu	tier0(CSV2890)	revu	tier0(CSV2890)	適合
官	5	oficial	tier0(CSV2890)	oficial	tier0(CSV2890)	適合
互	2	reciprok	tier0(CSV2890)	reciprok	tier0(CSV2890)	適合
杉	2	abi	tier0(CSV2890)	abi	tier0(CSV2890)	適合
雕	8	agl	tier0(CSV2890)	agl	tier0(CSV2890)	適合
胶	5	glu	tier0(CSV2890)	glu	tier0(CSV2890)	適合
资	2	kapital	tier0(CSV2890)	burĝ	tier0(CSV2890)	tier0内逆転
臣	2	ministr	tier0(CSV2890)	ministr	tier0(CSV2890)	適合
交	3	trafik	tier0(CSV2890)	trafik	tier0(CSV2890)	適合
句	3	fraz	tier0(CSV2890)	fraz	tier0(CSV2890)	適合
块	3	blok	tier0(CSV2890)	blok	tier0(CSV2890)	適合
视	4	televid	tier0(CSV2890)	televid	tier0(CSV2890)	適合
编	5	plekt	tier0(CSV2890)	redakt	tier0(CSV2890)	tier0内逆転
况	2	situaci	tier0(CSV2890)	situaci	tier0(CSV2890)	適合
档	4	dosier	tier0(CSV2890)	dokument	tier0(CSV2890)	tier0内逆転
素	3	element	tier0(CSV2890)	element	tier0(CSV2890)	適合
提	2	menci	tier0(CSV2890)	menci	tier0(CSV2890)	適合
典	3	klasik	tier0(CSV2890)	klasik	tier0(CSV2890)	適合
谈	2	konversaci	tier0(CSV2890)	konversaci	tier0(CSV2890)	適合
改	3	korekt	tier0(CSV2890)	korekt	tier0(CSV2890)	適合
音	4	prononc	tier0(CSV2890)	prononc	tier0(CSV2890)	適合
讲	3	preleg	tier0(CSV2890)	preleg	tier0(CSV2890)	適合
针	2	nadl	tier0(CSV2890)	pingl	tier0(CSV2890)	tier0内逆転
边	4	rand	tier0(CSV2890)	rand	tier0(CSV2890)	適合
炭	2	karb	tier0(CSV2890)	karb	tier0(CSV2890)	適合
壶	2	pot	tier0(CSV2890)	pot	tier0(CSV2890)	適合
炉	7	forn	tier0(CSV2890)	forn	tier0(CSV2890)	適合
尾	3	vost	tier0(CSV2890)	vost	tier0(CSV2890)	適合
逗	2	kom	tier0(CSV2890)	ŝerc	tier0(CSV2890)	tier0内逆転
扫	2	bala	tier0(CSV2890)	bala	tier0(CSV2890)	適合
桶	4	kuv	tier0(CSV2890)	kuv	tier0(CSV2890)	適合
刷	3	bros	tier0(CSV2890)	bros	tier0(CSV2890)	適合
刮	2	skrap	tier0(CSV2890)	skrap	tier0(CSV2890)	適合
镜	9	spegul	tier0(CSV2890)	spegul	tier0(CSV2890)	適合
铲	3	ŝovel	tier0(CSV2890)	ŝovel	tier0(CSV2890)	適合
蝇	2	muŝ	tier0(CSV2890)	muŝ	tier0(CSV2890)	適合
酪	2	krem	tier0(CSV2890)	fromaĝ	tier0(CSV2890)	tier0内逆転
额	3	frunt	tier0(CSV2890)	frunt	tier0(CSV2890)	適合
蛇	16	serpent	tier0(CSV2890)	serpent	tier0(CSV2890)	適合
爪	2	ung	tier0(CSV2890)	ung	tier0(CSV2890)	適合
命	4	sort	tier0(CSV2890)	sort	tier0(CSV2890)	適合
香	5	spic	tier0(CSV2890)	spic	tier0(CSV2890)	適合
妆	3	tualet	tier0(CSV2890)	tualet	tier0(CSV2890)	適合
垫	2	kusen	tier0(CSV2890)	matrac	tier0(CSV2890)	tier0内逆転
管	7	tub	tier0(CSV2890)	tub	tier0(CSV2890)	適合
锤	2	martel	tier0(CSV2890)	martel	tier0(CSV2890)	適合
霜	3	frost	tier0(CSV2890)	frost	tier0(CSV2890)	適合
框	2	kadr	tier0(CSV2890)	kadr	tier0(CSV2890)	適合
钩	4	hok	tier0(CSV2890)	kroĉ	tier0(CSV2890)	tier0内逆転
钉	4	najl	tier0(CSV2890)	najl	tier0(CSV2890)	適合
粉	4	farun	tier0(CSV2890)	farun	tier0(CSV2890)	適合
砍	4	hak	tier0(CSV2890)	hak	tier0(CSV2890)	適合
革	2	led	tier0(CSV2890)	led	tier0(CSV2890)	適合
庄	3	bien	tier0(CSV2890)	bien	tier0(CSV2890)	適合
激	2	ekscit	tier0(CSV2890)	ekscit	tier0(CSV2890)	適合
狂	9	mani	tier0(CSV2890)	frenez	tier0(CSV2890)	tier0内逆転
砖	2	brik	tier0(CSV2890)	brik	tier0(CSV2890)	適合
织	4	teks	tier0(CSV2890)	teks	tier0(CSV2890)	適合
材	2	material	tier0(CSV2890)	material	tier0(CSV2890)	適合
委	5	deleg	tier0(CSV2890)	komitat	tier0(CSV2890)	tier0内逆転
侍	4	kelner	tier0(CSV2890)	kelner	tier0(CSV2890)	適合
牧	4	paŝt	tier0(CSV2890)	pastr	tier0(CSV2890)	tier0内逆転
坡	4	dekliv	tier0(CSV2890)	dekliv	tier0(CSV2890)	適合
距	3	distanc	tier0(CSV2890)	distanc	tier0(CSV2890)	適合
猜	3	diven	tier0(CSV2890)	diven	tier0(CSV2890)	適合
束	3	fask	tier0(CSV2890)	fask	tier0(CSV2890)	適合
剃	3	raz	tier0(CSV2890)	raz	tier0(CSV2890)	適合
庇	3	ŝirm	tier0(CSV2890)	ŝirm	tier0(CSV2890)	適合
喉	2	gorĝ	tier0(CSV2890)	gorĝ	tier0(CSV2890)	適合
厌	3	enu	tier0(CSV2890)	enu	tier0(CSV2890)	適合
笛	3	fajf	tier0(CSV2890)	fajf	tier0(CSV2890)	適合
炎	3	katar	tier0(CSV2890)	katar	tier0(CSV2890)	適合
兔	2	lepor	tier0(CSV2890)	lepor	tier0(CSV2890)	適合
棉	2	vat	tier0(CSV2890)	koton	tier0(CSV2890)	適合
雅	3	graci	tier0(CSV2890)	graci	tier0(CSV2890)	適合
师	2	majstr	tier0(CSV2890)	majstr	tier0(CSV2890)	適合
爬	3	ramp	tier0(CSV2890)	grimp	tier0(CSV2890)	tier0内逆転
污	2	makul	tier0(CSV2890)	makul	tier0(CSV2890)	適合
曲	4	kurb	tier0(CSV2890)	kurb	tier0(CSV2890)	適合
锅	5	pat	tier0(CSV2890)	kaserol	tier0(CSV2890)	tier0内逆転
岩	2	rok	tier0(CSV2890)	rok	tier0(CSV2890)	適合
供	3	ofert	tier0(CSV2890)	ofert	tier0(CSV2890)	適合
迫	2	persekut	tier0(CSV2890)	persekut	tier0(CSV2890)	適合
松	4	pin	tier0(CSV2890)	pin	tier0(CSV2890)	適合
翻	3	renvers	tier0(CSV2890)	renvers	tier0(CSV2890)	適合
铺	2	stern	tier0(CSV2890)	stern	tier0(CSV2890)	適合
诱	3	tent	tier0(CSV2890)	tent	tier0(CSV2890)	適合
麦	7	tritik	tier0(CSV2890)	tritik	tier0(CSV2890)	適合
叛	5	ribel	tier0(CSV2890)	ribel	tier0(CSV2890)	適合
桦	2	betul	tier0(CSV2890)	betul	tier0(CSV2890)	適合
操	5	operaci	tier0(CSV2890)	operaci	tier0(CSV2890)	適合
道	3	avenu	tier0(CSV2890)	bulvard	tier0(CSV2890)	tier0内逆転
魔	7	sorĉ	tier0(CSV2890)	diabl	tier0(CSV2890)	tier0内逆転
桩	2	stump	tier0(CSV2890)	stump	tier0(CSV2890)	適合
姿	2	gest	tier0(CSV2890)	gest	tier0(CSV2890)	適合
化学	2	kemi	tier0(CSV2890)	ĥemi	tier0(CSV2890)	tier0内逆転
装	8	ŝarg	tier0(CSV2890)	munt	tier0(CSV2890)	tier0内逆転
荣	2	glor	tier0(CSV2890)	glor	tier0(CSV2890)	適合
雹	2	hajl	tier0(CSV2890)	hajl	tier0(CSV2890)	適合
罩	3	mask	tier0(CSV2890)	kitel	tier0(CSV2890)	tier0内逆転
塞	2	kork	tier0(CSV2890)	kork	tier0(CSV2890)	適合
械	6	mekanik	tier0(CSV2890)	meĥanik	tier0(CSV2890)	tier0内逆転
酬	2	rekompenc	tier0(CSV2890)	rekompenc	tier0(CSV2890)	適合
暴风	2	uragan	tier0(CSV2890)	tempest	tier0(CSV2890)	tier0内逆転
葡	2	vit	tier0(CSV2890)	vit	tier0(CSV2890)	適合
蜂	5	abel	tier0(CSV2890)	abel	tier0(CSV2890)	適合
醇	2	alkohol	tier0(CSV2890)	alkohol	tier0(CSV2890)	適合
物理	2	fizik	tier0(CSV2890)	fizik	tier0(CSV2890)	適合
樱	3	ĉeriz	tier0(CSV2890)	ĉeriz	tier0(CSV2890)	適合
湾	2	golf	tier0(CSV2890)	golf	tier0(CSV2890)	適合
杰	3	hero	tier0(CSV2890)	hero	tier0(CSV2890)	適合
辩	9	pled	tier0(CSV2890)	advokat	tier0(CSV2890)	tier0内逆転
吞	3	glut	tier0(CSV2890)	glut	tier0(CSV2890)	適合
柱	5	mast	tier0(CSV2890)	kolon	tier0(CSV2890)	適合
冷	4	indiferent	tier0(CSV2890)	indiferent	tier0(CSV2890)	適合
贴	2	afiŝ	tier0(CSV2890)	afiŝ	tier0(CSV2890)	適合
烧	2	febr	tier0(CSV2890)	febr	tier0(CSV2890)	適合
促	2	akcel	tier0(CSV2890)	akcel	tier0(CSV2890)	適合
宫	2	palac	tier0(CSV2890)	palac	tier0(CSV2890)	適合
配	4	distribu	tier0(CSV2890)	distribu	tier0(CSV2890)	適合
税	2	impost	tier0(CSV2890)	impost	tier0(CSV2890)	適合
链	2	ĉen	tier0(CSV2890)	katen	tier0(CSV2890)	適合
螺	4	ŝraŭb	tier0(CSV2890)	ŝraŭb	tier0(CSV2890)	適合
鸭	4	anas	tier0(CSV2890)	anas	tier0(CSV2890)	適合
天使	2	anĝel	tier0(CSV2890)	anĝel	tier0(CSV2890)	適合
嗅	3	flar	tier0(CSV2890)	flar	tier0(CSV2890)	適合
寓	4	apartament	tier0(CSV2890)	apartament	tier0(CSV2890)	適合
弧	2	ark	tier0(CSV2890)	ark	tier0(CSV2890)	適合
药	7	medikament	tier0(CSV2890)	apotek	tier0(CSV2890)	適合
蛛	9	arane	tier0(CSV2890)	arane	tier0(CSV2890)	適合
保	4	asekur	tier0(CSV2890)	asekur	tier0(CSV2890)	適合
证	7	viz	tier0(CSV2890)	atest	tier0(CSV2890)	tier0内逆転
模	2	model	tier0(CSV2890)	model	tier0(CSV2890)	適合
构	2	struktur	tier0(CSV2890)	struktur	tier0(CSV2890)	適合
冠	8	kron	tier0(CSV2890)	kron	tier0(CSV2890)	適合
神经	2	nerv	tier0(CSV2890)	nerv	tier0(CSV2890)	適合
烤	3	bak	tier0(CSV2890)	bak	tier0(CSV2890)	適合
摇	5	sku	tier0(CSV2890)	balanc	tier0(CSV2890)	適合
壳	6	ŝel	tier0(CSV2890)	ŝel	tier0(CSV2890)	適合
祝	2	ben	tier0(CSV2890)	ben	tier0(CSV2890)	適合
条	3	stri	tier0(CSV2890)	stri	tier0(CSV2890)	適合
竞	3	konkur	tier0(CSV2890)	konkur	tier0(CSV2890)	適合
钻	5	bor	tier0(CSV2890)	bor	tier0(CSV2890)	適合
帆	3	vel	tier0(CSV2890)	vel	tier0(CSV2890)	適合
鼠	38	mus	tier0(CSV2890)	rat	tier0(CSV2890)	適合
顽	2	bub	tier0(CSV2890)	bub	tier0(CSV2890)	適合
棚	6	bud	tier0(CSV2890)	bud	tier0(CSV2890)	適合
引	2	cit	tier0(CSV2890)	cit	tier0(CSV2890)	適合
技	4	teknik	tier0(CSV2890)	inĝenier	tier0(CSV2890)	tier0内逆転
程	4	program	tier0(CSV2890)	proces	tier0(CSV2890)	tier0内逆転
恼	2	irit	tier0(CSV2890)	ĉagren	tier0(CSV2890)	tier0内逆転
袍	5	rob	tier0(CSV2890)	rob	tier0(CSV2890)	適合
栅	2	krad	tier0(CSV2890)	krad	tier0(CSV2890)	適合
矿	9	min	tier0(CSV2890)	min	tier0(CSV2890)	適合
涂	2	ŝmir	tier0(CSV2890)	ŝmir	tier0(CSV2890)	適合
橡	2	kverk	tier0(CSV2890)	kverk	tier0(CSV2890)	適合
筋	2	muskol	tier0(CSV2890)	muskol	tier0(CSV2890)	適合
碎	2	frakas	tier0(CSV2890)	frakas	tier0(CSV2890)	適合
乱	4	konfuz	tier0(CSV2890)	konfuz	tier0(CSV2890)	適合
栓	5	kran	tier0(CSV2890)	kran	tier0(CSV2890)	適合
昏	4	sven	tier0(CSV2890)	sven	tier0(CSV2890)	適合
淋	5	duŝ	tier0(CSV2890)	duŝ	tier0(CSV2890)	適合
醉	3	rav	tier0(CSV2890)	ebri	tier0(CSV2890)	適合
迁	3	migr	tier0(CSV2890)	migr	tier0(CSV2890)	適合
虐	3	turment	tier0(CSV2890)	turment	tier0(CSV2890)	適合
谜	3	enigm	tier0(CSV2890)	enigm	tier0(CSV2890)	適合
泥	3	kot	tier0(CSV2890)	kot	tier0(CSV2890)	適合
夸	2	fanfaron	tier0(CSV2890)	fanfaron	tier0(CSV2890)	適合
槛	2	sojl	tier0(CSV2890)	sojl	tier0(CSV2890)	適合
帘	2	kurten	tier0(CSV2890)	kurten	tier0(CSV2890)	適合
宴	2	festen	tier0(CSV2890)	festen	tier0(CSV2890)	適合
誓	2	ĵur	tier0(CSV2890)	ĵur	tier0(CSV2890)	適合
约	4	kontrakt	tier0(CSV2890)	kontrakt	tier0(CSV2890)	適合
腐	3	putr	tier0(CSV2890)	putr	tier0(CSV2890)	適合
款	3	fason	tier0(CSV2890)	regal	tier0(CSV2890)	tier0内逆転
炸	2	frit	tier0(CSV2890)	frit	tier0(CSV2890)	適合
烫	2	glad	tier0(CSV2890)	glad	tier0(CSV2890)	適合
湿	2	humid	tier0(CSV2890)	humid	tier0(CSV2890)	適合
帝	3	imperi	tier0(CSV2890)	imperi	tier0(CSV2890)	適合
残	3	kruel	tier0(CSV2890)	kruel	tier0(CSV2890)	適合
侮	2	ofend	tier0(CSV2890)	insult	tier0(CSV2890)	tier0内逆転
陡	2	krut	tier0(CSV2890)	krut	tier0(CSV2890)	適合
观	3	observ	tier0(CSV2890)	observ	tier0(CSV2890)	適合
宝	2	juvel	tier0(CSV2890)	juvel	tier0(CSV2890)	適合
阁	3	moŝt	tier0(CSV2890)	kabinet	tier0(CSV2890)	tier0内逆転
肺	3	pulm	tier0(CSV2890)	pulm	tier0(CSV2890)	適合
映	2	kin	tier0(CSV2890)	kin	tier0(CSV2890)	適合
揉	2	kned	tier0(CSV2890)	kned	tier0(CSV2890)	適合
全	3	integr	tier0(CSV2890)	komplet	tier0(CSV2890)	tier0内逆転
蚊	3	moskit	tier0(CSV2890)	moskit	tier0(CSV2890)	適合
毒	6	venen	tier0(CSV2890)	venen	tier0(CSV2890)	適合
弹	5	bomb	tier0(CSV2890)	kugl	tier0(CSV2890)	tier0内逆転
纱	2	vual	tier0(CSV2890)	vual	tier0(CSV2890)	適合
覆	2	teg	tier0(CSV2890)	teg	tier0(CSV2890)	適合
梯	3	lift	tier0(CSV2890)	lift	tier0(CSV2890)	適合
狼	2	lup	tier0(CSV2890)	lup	tier0(CSV2890)	適合
朴	2	naiv	tier0(CSV2890)	naiv	tier0(CSV2890)	適合
贵	4	nobl	tier0(CSV2890)	nobl	tier0(CSV2890)	適合
称	4	pretend	tier0(CSV2890)	pretend	tier0(CSV2890)	適合
弃	3	rezign	tier0(CSV2890)	rezign	tier0(CSV2890)	適合
德	2	virt	tier0(CSV2890)	virt	tier0(CSV2890)	適合
伞	35	ombrel	tier0(CSV2890)	ombrel	tier0(CSV2890)	適合
悔	3	pent	tier0(CSV2890)	pent	tier0(CSV2890)	適合
位	5	situ	tier0(CSV2890)	pozici	tier0(CSV2890)	tier0内逆転
窒	2	sufok	tier0(CSV2890)	sufok	tier0(CSV2890)	適合
概	7	probabl	tier0(CSV2890)	probabl	tier0(CSV2890)	適合
延	2	prokrast	tier0(CSV2890)	prokrast	tier0(CSV2890)	適合
哼	2	ronk	tier0(CSV2890)	ronk	tier0(CSV2890)	適合
敏	2	sagac	tier0(CSV2890)	sagac	tier0(CSV2890)	適合
裁	3	tajl	tier0(CSV2890)	tajl	tier0(CSV2890)	適合
驾	3	ŝofor	tier0(CSV2890)	ŝofor	tier0(CSV2890)	適合
烦	2	ted	tier0(CSV2890)	ted	tier0(CSV2890)	適合
浸	7	tremp	tier0(CSV2890)	tremp	tier0(CSV2890)	適合
径	4	trotuar	tier0(CSV2890)	trotuar	tier0(CSV2890)	適合
寡	2	vidv	tier0(CSV2890)	vidv	tier0(CSV2890)	適合
抽	2	abstrakt	tier0(CSV2890)	abstrakt	tier0(CSV2890)	適合
合	7	kombin	tier0(CSV2890)	konform	tier0(CSV2890)	tier0内逆転
志	2	ambici	tier0(CSV2890)	ambici	tier0(CSV2890)	適合
航	5	aviad	tier0(CSV2890)	aviad	tier0(CSV2890)	適合
碳	3	karbon	tier0(CSV2890)	karbon	tier0(CSV2890)	適合
析	3	analiz	tier0(CSV2890)	analiz	tier0(CSV2890)	適合
版	2	versi	tier0(CSV2890)	versi	tier0(CSV2890)	適合
夹	5	kramp	tier0(CSV2890)	kramp	tier0(CSV2890)	適合
古	9	antikv	tier0(CSV2890)	antikv	tier0(CSV2890)	適合
冲	5	impuls	tier0(CSV2890)	konflikt	tier0(CSV2890)	tier0内逆転
募	2	varb	tier0(CSV2890)	varb	tier0(CSV2890)	適合
鲸	4	balen	tier0(CSV2890)	balen	tier0(CSV2890)	適合
鲨	2	ŝark	tier0(CSV2890)	ŝark	tier0(CSV2890)	適合
账	2	kont	tier0(CSV2890)	kont	tier0(CSV2890)	適合
琴	9	pian	tier0(CSV2890)	gitar	tier0(CSV2890)	tier0内逆転
开	3	ŝalt	tier0(CSV2890)	ŝalt	tier0(CSV2890)	適合
磁	2	magnet	tier0(CSV2890)	magnet	tier0(CSV2890)	適合
码	2	kod	tier0(CSV2890)	kod	tier0(CSV2890)	適合
饼	8	tort	tier0(CSV2890)	biskvit	tier0(CSV2890)	tier0内逆転
台	7	podi	tier0(CSV2890)	podi	tier0(CSV2890)	適合
贝	22	konk	tier0(CSV2890)	konk	tier0(CSV2890)	適合
类	3	klasifik	tier0(CSV2890)	klasifik	tier0(CSV2890)	適合
鼓	3	tambur	tier0(CSV2890)	tambur	tier0(CSV2890)	適合
废	7	rub	tier0(CSV2890)	rub	tier0(CSV2890)	適合
境	2	medi	tier0(CSV2890)	medi	tier0(CSV2890)	適合
参	2	stab	tier0(CSV2890)	stab	tier0(CSV2890)	適合
核	2	kern	tier0(CSV2890)	nukle	tier0(CSV2890)	tier0内逆転
队	9	team	tier0(CSV2890)	team	tier0(CSV2890)	適合
坛	2	forum	tier0(CSV2890)	forum	tier0(CSV2890)	適合
辅	2	asist	tier0(CSV2890)	konsonant	tier0(CSV2890)	tier0内逆転
元	2	vokal	tier0(CSV2890)	vokal	tier0(CSV2890)	適合
节	7	diet	tier0(CSV2890)	silab	tier0(CSV2890)	tier0内逆転
排	6	ekskluziv	tier0(CSV2890)	ekskluziv	tier0(CSV2890)	適合
殖	3	koloni	tier0(CSV2890)	koloni	tier0(CSV2890)	適合
宇	2	kosm	tier0(CSV2890)	univers	tier0(CSV2890)	tier0内逆転
统	2	tradici	tier0(CSV2890)	prezident	tier0(CSV2890)	tier0内逆転
尿	3	urin	tier0(CSV2890)	urin	tier0(CSV2890)	適合
震	3	ŝok	tier0(CSV2890)	ŝok	tier0(CSV2890)	適合
牢	2	karcer	tier0(CSV2890)	karcer	tier0(CSV2890)	適合
段	4	etap	tier0(CSV2890)	epizod	tier0(CSV2890)	tier0内逆転
股	3	koks	tier0(CSV2890)	femur	tier0(CSV2890)	適合
灾	4	katastrof	tier0(CSV2890)	katastrof	tier0(CSV2890)	適合
败	2	fiask	tier0(CSV2890)	fiask	tier0(CSV2890)	適合
暴	5	ŝtorm	tier0(CSV2890)	ŝtorm	tier0(CSV2890)	適合
校	2	lice	tier0(CSV2890)	gimnazi	tier0(CSV2890)	tier0内逆転
菊	69	krizantem	tier0(CSV2890)	krizantem	tier0(CSV2890)	適合
皱	4	ĉif	tier0(CSV2890)	grimac	tier0(CSV2890)	tier0内逆転
怪	3	monstr	tier0(CSV2890)	grotesk	tier0(CSV2890)	tier0内逆転
哀	3	kondolenc	tier0(CSV2890)	ve	tier0(CSV2890)	適合
癌	2	kancer	tier0(CSV2890)	kancer	tier0(CSV2890)	適合
好	3	amator	tier0(CSV2890)	hobi	tier0(CSV2890)	tier0内逆転
横	2	horizontal	tier0(CSV2890)	horizontal	tier0(CSV2890)	適合
谐	5	humur	tier0(CSV2890)	humur	tier0(CSV2890)	適合
索	4	indeks	tier0(CSV2890)	indeks	tier0(CSV2890)	適合
艇	2	jakt	tier0(CSV2890)	jakt	tier0(CSV2890)	適合
喷	5	ŝpruc	tier0(CSV2890)	jet	tier0(CSV2890)	tier0内逆転
矛	2	lanc	tier0(CSV2890)	lanc	tier0(CSV2890)	適合
雀	10	alaŭd	tier0(CSV2890)	kanari	tier0(CSV2890)	tier0内逆転
讽	2	karikatur	tier0(CSV2890)	karikatur	tier0(CSV2890)	適合
肠	6	kolbas	tier0(CSV2890)	kolbas	tier0(CSV2890)	適合
协	2	kooperativ	tier0(CSV2890)	kooperativ	tier0(CSV2890)	適合
丸	2	pilol	tier0(CSV2890)	pilol	tier0(CSV2890)	適合
贡	2	kontribu	tier0(CSV2890)	kontribu	tier0(CSV2890)	適合
蟹	3	krab	tier0(CSV2890)	krab	tier0(CSV2890)	適合
发	2	lanĉ	tier0(CSV2890)	lanĉ	tier0(CSV2890)	適合
盆	2	pelv	tier0(CSV2890)	pelv	tier0(CSV2890)	適合
腰	2	tali	tier0(CSV2890)	lumb	tier0(CSV2890)	tier0内逆転
嘱	2	testament	tier0(CSV2890)	testament	tier0(CSV2890)	適合
稳	2	stabil	tier0(CSV2890)	stabil	tier0(CSV2890)	適合
赛	2	matĉ	tier0(CSV2890)	matĉ	tier0(CSV2890)	適合
鸥	2	mev	tier0(CSV2890)	mev	tier0(CSV2890)	適合
芥	2	mustard	tier0(CSV2890)	mustard	tier0(CSV2890)	適合
否	5	negativ	tier0(CSV2890)	negativ	tier0(CSV2890)	適合
驳	3	refut	tier0(CSV2890)	refut	tier0(CSV2890)	適合
粟	3	panic	tier0(CSV2890)	panic	tier0(CSV2890)	適合
并	2	paralel	tier0(CSV2890)	paralel	tier0(CSV2890)	適合
缀	4	sufiks	tier0(CSV2890)	prefiks	tier0(CSV2890)	適合
栏	5	kolumn	tier0(CSV2890)	rubrik	tier0(CSV2890)	tier0内逆転
丑	7	skandal	tier0(CSV2890)	skandal	tier0(CSV2890)	適合
计	2	statistik	tier0(CSV2890)	statistik	tier0(CSV2890)	適合
迷	2	superstiĉ	tier0(CSV2890)	superstiĉ	tier0(CSV2890)	適合
禁	5	tabu	tier0(CSV2890)	tabu	tier0(CSV2890)	適合
郁	3	tulip	tier0(CSV2890)	tulip	tier0(CSV2890)	適合
老	3	veteran	tier0(CSV2890)	veteran	tier0(CSV2890)	適合
蜜	2	miel	tier0(CSV2890)	miel	tier0(CSV2890)	適合
拜	4	ador	tier0(CSV2890)	ador	tier0(CSV2890)	適合
副	2	adverb	tier0(CSV2890)	adverb	tier0(CSV2890)	適合
隔	8	izol	tier0(CSV2890)	izol	tier0(CSV2890)	適合
悲	5	aflikt	tier0(CSV2890)	aflikt	tier0(CSV2890)	適合
幕	2	akt	tier0(CSV2890)	akt	tier0(CSV2890)	適合
栗	2	kaŝtan	tier0(CSV2890)	kaŝtan	tier0(CSV2890)	適合
瓜	17	melon	tier0(CSV2890)	melon	tier0(CSV2890)	適合
当	2	deĵor	tier0(CSV2890)	deĵor	tier0(CSV2890)	適合
盟	4	sindikat	tier0(CSV2890)	sindikat	tier0(CSV2890)	適合
吸	5	suĉ	tier0(CSV2890)	sorb	tier0(CSV2890)	適合
替	4	altern	tier0(CSV2890)	altern	tier0(CSV2890)	適合
暗	3	alud	tier0(CSV2890)	alud	tier0(CSV2890)	適合
鹿	5	cerv	tier0(CSV2890)	cerv	tier0(CSV2890)	適合
吨	2	tun	tier0(CSV2890)	tun	tier0(CSV2890)	適合
鸽	5	kolomb	tier0(CSV2890)	kolomb	tier0(CSV2890)	適合
肾	2	ren	tier0(CSV2890)	ren	tier0(CSV2890)	適合
断	2	asert	tier0(CSV2890)	asert	tier0(CSV2890)	適合
授	2	profesor	tier0(CSV2890)	profesor	tier0(CSV2890)	適合
柳	4	salik	tier0(CSV2890)	salik	tier0(CSV2890)	適合
竹	2	bambu	tier0(CSV2890)	bambu	tier0(CSV2890)	適合
蕉	2	banan	tier0(CSV2890)	banan	tier0(CSV2890)	適合
椒	2	pipr	tier0(CSV2890)	pipr	tier0(CSV2890)	適合
胞	4	ĉel	tier0(CSV2890)	ĉel	tier0(CSV2890)	適合
鸣	11	tint	tier0(CSV2890)	blek	tier0(CSV2890)	tier0内逆転
样	3	specimen	tier0(CSV2890)	specimen	tier0(CSV2890)	適合
蝶	5	papili	tier0(CSV2890)	papili	tier0(CSV2890)	適合
预算	2	buĝet	tier0(CSV2890)	buĝet	tier0(CSV2890)	適合
芽	4	ĝerm	tier0(CSV2890)	burĝon	tier0(CSV2890)	適合
菌	90	fung	tier0(CSV2890)	fung	tier0(CSV2890)	適合
克	3	gram	tier0(CSV2890)	gram	tier0(CSV2890)	適合
葱	7	cep	tier0(CSV2890)	cep	tier0(CSV2890)	適合
合唱	2	ĥor	tier0(CSV2890)	ĥor	tier0(CSV2890)	適合
派	5	deput	tier0(CSV2890)	deput	tier0(CSV2890)	適合
豆	35	fab	tier0(CSV2890)	fab	tier0(CSV2890)	適合
荡	5	vag	tier0(CSV2890)	vag	tier0(CSV2890)	適合
渠	2	kanal	tier0(CSV2890)	kanal	tier0(CSV2890)	適合
染	3	infekt	tier0(CSV2890)	infekt	tier0(CSV2890)	適合
鸦	4	korv	tier0(CSV2890)	korv	tier0(CSV2890)	適合
券	3	kupon	tier0(CSV2890)	kupon	tier0(CSV2890)	適合
孕	2	graved	tier0(CSV2890)	graved	tier0(CSV2890)	適合
精	8	ekzakt	tier0(CSV2890)	ekzakt	tier0(CSV2890)	適合
撞	4	kolizi	tier0(CSV2890)	kolizi	tier0(CSV2890)	適合
瘫	4	pane	tier0(CSV2890)	pane	tier0(CSV2890)	適合
吐	3	vom	tier0(CSV2890)	kraĉ	tier0(CSV2890)	適合
退	5	emerit	tier0(CSV2890)	emerit	tier0(CSV2890)	適合
案	2	projekt	tier0(CSV2890)	projekt	tier0(CSV2890)	適合
侯	2	princ	tier0(CSV2890)	princ	tier0(CSV2890)	適合
补	5	flik	tier0(CSV2890)	flik	tier0(CSV2890)	適合
虚	5	vant	tier0(CSV2890)	fikci	tier0(CSV2890)	tier0内逆転
茎	2	tig	tier0(CSV2890)	tig	tier0(CSV2890)	適合
逃	3	fuĝ	tier0(CSV2890)	fuĝ	tier0(CSV2890)	適合
剑	3	glav	tier0(CSV2890)	glav	tier0(CSV2890)	適合
宏	2	grandioz	tier0(CSV2890)	grandioz	tier0(CSV2890)	適合
穗	3	spik	tier0(CSV2890)	spik	tier0(CSV2890)	適合
相	4	relativ	tier0(CSV2890)	relativ	tier0(CSV2890)	適合
隆	2	tuber	tier0(CSV2890)	tuber	tier0(CSV2890)	適合
直升机	2	helikopter	tier0(CSV2890)	helikopter	tier0(CSV2890)	適合
苔	5	musk	tier0(CSV2890)	musk	tier0(CSV2890)	適合
卫	3	gvardi	tier0(CSV2890)	higien	tier0(CSV2890)	tier0内逆転
颂	4	himn	tier0(CSV2890)	himn	tier0(CSV2890)	適合
忽	2	ignor	tier0(CSV2890)	ignor	tier0(CSV2890)	適合
缠	3	implik	tier0(CSV2890)	implik	tier0(CSV2890)	適合
韵	2	rim	tier0(CSV2890)	rim	tier0(CSV2890)	適合
个	2	individu	tier0(CSV2890)	individu	tier0(CSV2890)	適合
狱	4	infer	tier0(CSV2890)	infer	tier0(CSV2890)	適合
徽	6	insign	tier0(CSV2890)	insign	tier0(CSV2890)	適合
启	2	inspir	tier0(CSV2890)	inspir	tier0(CSV2890)	適合
沟	3	sulk	tier0(CSV2890)	sulk	tier0(CSV2890)	適合
硬	5	rigid	tier0(CSV2890)	rigid	tier0(CSV2890)	適合
外科	2	kirurg	tier0(CSV2890)	kirurg	tier0(CSV2890)	適合
媚	4	flat	tier0(CSV2890)	koket	tier0(CSV2890)	tier0内逆転
廊	4	koridor	tier0(CSV2890)	koridor	tier0(CSV2890)	適合
鳄	4	krokodil	tier0(CSV2890)	krokodil	tier0(CSV2890)	適合
签	4	lot	tier0(CSV2890)	lot	tier0(CSV2890)	適合
恶	3	malic	tier0(CSV2890)	malic	tier0(CSV2890)	適合
实	3	real	tier0(CSV2890)	real	tier0(CSV2890)	適合
龟	5	testud	tier0(CSV2890)	testud	tier0(CSV2890)	適合
碑	2	monument	tier0(CSV2890)	monument	tier0(CSV2890)	適合
制服	2	uniform	tier0(CSV2890)	uniform	tier0(CSV2890)	適合
鹦	4	papag	tier0(CSV2890)	papag	tier0(CSV2890)	適合
天	2	paradiz	tier0(CSV2890)	paradiz	tier0(CSV2890)	適合
塑	4	plast	tier0(CSV2890)	plast	tier0(CSV2890)	適合
谚	2	proverb	tier0(CSV2890)	proverb	tier0(CSV2890)	適合
萝卜	2	rafan	tier0(CSV2890)	rafan	tier0(CSV2890)	適合
鞭	4	vip	tier0(CSV2890)	vip	tier0(CSV2890)	適合
蛙	11	ran	tier0(CSV2890)	ran	tier0(CSV2890)	適合
审	5	revizi	tier0(CSV2890)	revizi	tier0(CSV2890)	適合
仇	2	venĝ	tier0(CSV2890)	venĝ	tier0(CSV2890)	適合
痒	3	juk	tier0(CSV2890)	tikl	tier0(CSV2890)	tier0内逆転
茄	12	tomat	tier0(CSV2890)	tomat	tier0(CSV2890)	適合
训	2	trejn	tier0(CSV2890)	trejn	tier0(CSV2890)	適合
积	2	volumen	tier0(CSV2890)	volumen	tier0(CSV2890)	適合
杏	2	abrikot	tier0(CSV2890)	abrikot	tier0(CSV2890)	適合
囊	6	vezik	tier0(CSV2890)	vezik	tier0(CSV2890)	適合
痘	3	akn	tier0(CSV2890)	akn	tier0(CSV2890)	適合
蝗	2	akrid	tier0(CSV2890)	akrid	tier0(CSV2890)	適合
轴	2	aks	tier0(CSV2890)	aks	tier0(CSV2890)	適合
面	6	fac	tier0(CSV2890)	fac	tier0(CSV2890)	適合
林	4	ale	tier0(CSV2890)	ale	tier0(CSV2890)	適合
藻	23	alg	tier0(CSV2890)	alg	tier0(CSV2890)	適合
屠	3	buĉ	tier0(CSV2890)	buĉ	tier0(CSV2890)	適合
泡	5	ampol	tier0(CSV2890)	ampol	tier0(CSV2890)	適合
孔	2	apertur	tier0(CSV2890)	apertur	tier0(CSV2890)	適合
丛	3	tuf	tier0(CSV2890)	tuf	tier0(CSV2890)	適合
脉	8	vejn	tier0(CSV2890)	arteri	tier0(CSV2890)	適合
沥青	3	asfalt	tier0(CSV2890)	asfalt	tier0(CSV2890)	適合
纬	2	latitud	tier0(CSV2890)	latitud	tier0(CSV2890)	適合
贩	3	brokant	tier0(CSV2890)	brokant	tier0(CSV2890)	適合
优	3	avantaĝ	tier0(CSV2890)	avantaĝ	tier0(CSV2890)	適合
驼	2	kamel	tier0(CSV2890)	kamel	tier0(CSV2890)	適合
摆	2	pendol	tier0(CSV2890)	bask	tier0(CSV2890)	適合
渣	4	feĉ	tier0(CSV2890)	feĉ	tier0(CSV2890)	適合
露	2	ros	tier0(CSV2890)	ros	tier0(CSV2890)	適合
辱	2	blasfem	tier0(CSV2890)	blasfem	tier0(CSV2890)	適合
勒	2	brid	tier0(CSV2890)	brid	tier0(CSV2890)	適合
蝉	5	cikad	tier0(CSV2890)	cikad	tier0(CSV2890)	適合
桂	2	cinam	tier0(CSV2890)	cinam	tier0(CSV2890)	適合
膏	7	cir	tier0(CSV2890)	cir	tier0(CSV2890)	適合
棺	2	ĉerk	tier0(CSV2890)	ĉerk	tier0(CSV2890)	適合
枣	3	daktil	tier0(CSV2890)	daktil	tier0(CSV2890)	適合
棕	3	palm	tier0(CSV2890)	palm	tier0(CSV2890)	適合
揭	2	rivel	tier0(CSV2890)	denunc	tier0(CSV2890)	適合
反射	2	reflekt	tier0(CSV2890)	reflekt	tier0(CSV2890)	適合
醋栗	2	rib	tier0(CSV2890)	rib	tier0(CSV2890)	適合
凸	7	ĝib	tier0(CSV2890)	ĝib	tier0(CSV2890)	適合
莲	2	lotus	tier0(CSV2890)	lotus	tier0(CSV2890)	適合
执	3	ekzekut	tier0(CSV2890)	ekzekut	tier0(CSV2890)	適合
疫	3	epidemi	tier0(CSV2890)	epidemi	tier0(CSV2890)	適合
松鼠	2	sciur	tier0(CSV2890)	sciur	tier0(CSV2890)	適合
胆	2	gal	tier0(CSV2890)	gal	tier0(CSV2890)	適合
花环	2	girland	tier0(CSV2890)	girland	tier0(CSV2890)	適合
轧	2	grinc	tier0(CSV2890)	grinc	tier0(CSV2890)	適合
套	7	jung	tier0(CSV2890)	jung	tier0(CSV2890)	適合
茧	2	kal	tier0(CSV2890)	kal	tier0(CSV2890)	適合
虾	19	kankr	tier0(CSV2890)	kankr	tier0(CSV2890)	適合
鲤	3	karp	tier0(CSV2890)	karp	tier0(CSV2890)	適合
绒	3	velur	tier0(CSV2890)	velur	tier0(CSV2890)	適合
漆	3	lak	tier0(CSV2890)	lak	tier0(CSV2890)	適合
黄铜	2	latun	tier0(CSV2890)	latun	tier0(CSV2890)	適合
碱	3	lesiv	tier0(CSV2890)	lesiv	tier0(CSV2890)	適合
吼	2	muĝ	tier0(CSV2890)	muĝ	tier0(CSV2890)	適合
猫头鹰	3	strig	tier0(CSV2890)	strig	tier0(CSV2890)	適合
椭圆	2	oval	tier0(CSV2890)	oval	tier0(CSV2890)	適合
潜	2	plonĝ	tier0(CSV2890)	plonĝ	tier0(CSV2890)	適合
无产	2	prolet	tier0(CSV2890)	prolet	tier0(CSV2890)	適合
李	3	prun	tier0(CSV2890)	prun	tier0(CSV2890)	適合
脓	2	pus	tier0(CSV2890)	pus	tier0(CSV2890)	適合
锈	2	rust	tier0(CSV2890)	rust	tier0(CSV2890)	適合
雪车	2	sled	tier0(CSV2890)	sled	tier0(CSV2890)	適合
赛场	2	stadion	tier0(CSV2890)	stadion	tier0(CSV2890)	適合
粪	3	sterk	tier0(CSV2890)	sterk	tier0(CSV2890)	適合
媒	2	svat	tier0(CSV2890)	svat	tier0(CSV2890)	適合
瘤	4	veruk	tier0(CSV2890)	veruk	tier0(CSV2890)	適合
佛	2	budh	tier0(CSV2890)	budh	tier0(CSV2890)	適合
傲	3	arog	tier1(PEJVO)	arogant	tier0(CSV2890)	層またぎ逆転
经	2	bibli	tier0(CSV2890)	bibli	tier0(CSV2890)	適合
厘	2	centi	tier1(PEJVO)	centimetr	tier0(CSV2890)	層またぎ逆転
率	2	procent	tier0(CSV2890)	procent	tier0(CSV2890)	適合
照	3	fotograf	tier0(CSV2890)	fotograf	tier0(CSV2890)	適合
毫	2	mili	tier1(PEJVO)	milimetr	tier0(CSV2890)	層またぎ逆転
拼	2	ortografi	tier0(CSV2890)	ortografi	tier0(CSV2890)	適合
院长	2	abat	tier1(PEJVO)	abat	tier1(PEJVO)	適合
艾	4	moks	tier1(PEJVO)	abrotan	tier1(PEJVO)	適合
君主	2	monark	tier1(PEJVO)	monark	tier1(PEJVO)	適合
赦	2	amnesti	tier1(PEJVO)	absolv	tier1(PEJVO)	適合
醋	2	acet	tier1(PEJVO)	acet	tier1(PEJVO)	適合
慢	2	kronik	tier1(PEJVO)	adag^	tier1(PEJVO)	適合
磷	3	fosf	tier1(PEJVO)	fosf	tier1(PEJVO)	適合
附	4	adher	tier1(PEJVO)	adher	tier1(PEJVO)	適合
膨	2	dilat	tier1(PEJVO)	ekspansi	tier1(PEJVO)	適合
奸	3	kokr	tier1(PEJVO)	adult	tier1(PEJVO)	適合
敌	3	rival	tier1(PEJVO)	advers	tier1(PEJVO)	適合
炮	2	kanon	tier1(PEJVO)	kanon	tier1(PEJVO)	適合
舰	3	flot	tier1(PEJVO)	flot	tier1(PEJVO)	適合
圈	2	boben	tier1(PEJVO)	boben	tier1(PEJVO)	適合
症	3	fobi	tier1(PEJVO)	fobi	tier1(PEJVO)	適合
疮	2	ulcer	tier1(PEJVO)	aft	tier1(PEJVO)	適合
龙舌兰	3	agav	tier1(PEJVO)	agav	tier1(PEJVO)	適合
羊齿	18	filik	tier1(PEJVO)	filik	tier1(PEJVO)	適合
销	2	stift	tier1(PEJVO)	stift	tier1(PEJVO)	適合
农	2	agr	tier1(PEJVO)	agr	tier1(PEJVO)	適合
禾	4	gramine	tier1(PEJVO)	agrostid	tier1(PEJVO)	適合
锥	3	konus	tier1(PEJVO)	piramid	tier1(PEJVO)	適合
囤	2	stapl	tier1(PEJVO)	akapar	tier1(PEJVO)	適合
鹰	7	falk	tier1(PEJVO)	akcipitr	tier1(PEJVO)	適合
辣	2	kapsik	tier1(PEJVO)	kapsik	tier1(PEJVO)	適合
累	2	akumul	tier1(PEJVO)	akumul	tier1(PEJVO)	適合
糖尿	3	diabet	tier1(PEJVO)	diabet	tier1(PEJVO)	適合
发电	2	dinam	tier1(PEJVO)	generator	tier1(PEJVO)	適合
涡	3	kirl	tier1(PEJVO)	kirl	tier1(PEJVO)	適合
枪	2	fusil	tier1(PEJVO)	pistol	tier1(PEJVO)	適合
茅	2	espart	tier2(PIV)	alf	tier1(PEJVO)	層またぎ逆転
炼金	2	alkemi	tier1(PEJVO)	alh^emi	tier1(PEJVO)	適合
秃	2	kalv	tier1(PEJVO)	alopeci	tier1(PEJVO)	適合
杜鹃	2	azale	tier1(PEJVO)	azale	tier1(PEJVO)	適合
祭	2	mes	tier1(PEJVO)	mes	tier1(PEJVO)	適合
立葵	2	alte	tier1(PEJVO)	alte	tier1(PEJVO)	適合
矾	2	alun	tier1(PEJVO)	alun	tier1(PEJVO)	適合
淤	2	aluvi	tier1(PEJVO)	aluvi	tier1(PEJVO)	適合
槽	5	fold	tier1(PEJVO)	alveol	tier1(PEJVO)	適合
薯	2	maniok	tier1(PEJVO)	maniok	tier1(PEJVO)	適合
短长短	2	amfibrak	tier1(PEJVO)	amfibrah^	tier1(PEJVO)	適合
罐	3	amfor	tier1(PEJVO)	amfor	tier1(PEJVO)	適合
偿	4	kvit	tier1(PEJVO)	amortiz	tier1(PEJVO)	適合
振	3	vibr	tier1(PEJVO)	oscil	tier1(PEJVO)	適合
扩	2	amplif	tier1(PEJVO)	amplif	tier1(PEJVO)	適合
无政	3	anark	tier1(PEJVO)	anarh^i	tier1(PEJVO)	適合
咒	3	anatem	tier1(PEJVO)	anatem	tier1(PEJVO)	適合
咽炎	2	angin	tier1(PEJVO)	angin	tier1(PEJVO)	適合
龙	23	drak	tier1(PEJVO)	angvis	tier1(PEJVO)	適合
喘	4	astm	tier1(PEJVO)	anhel	tier1(PEJVO)	適合
缆	2	kabl	tier1(PEJVO)	kabl	tier1(PEJVO)	適合
绞	2	vinc^	tier1(PEJVO)	vinc^	tier1(PEJVO)	適合
柄	2	ans	tier1(PEJVO)	ans	tier1(PEJVO)	適合
龙骨	2	kil	tier1(PEJVO)	kil	tier1(PEJVO)	適合
旋	7	gir	tier1(PEJVO)	ciklon	tier1(PEJVO)	適合
预	2	anticip	tier1(PEJVO)	anticip	tier1(PEJVO)	適合
羚	4	c^am	tier1(PEJVO)	antilop	tier1(PEJVO)	適合
芹	5	celeri	tier1(PEJVO)	api	tier1(PEJVO)	適合
垂	5	perpendikl	tier1(PEJVO)	apik	tier1(PEJVO)	適合
赏	5	aprez	tier1(PEJVO)	aprez	tier1(PEJVO)	適合
金丝燕	3	salangan	tier2(PIV)	apus	tier1(PEJVO)	層またぎ逆転
纹	5	tatu	tier1(PEJVO)	arabesk	tier1(PEJVO)	適合
灌木	2	arbust	tier1(PEJVO)	arbed	tier1(PEJVO)	適合
卤	3	halogen	tier1(PEJVO)	brom	tier1(PEJVO)	適合
牌	2	medal	tier1(PEJVO)	medal	tier1(PEJVO)	適合
群岛	2	arkipelag	tier1(PEJVO)	arh^ipelag	tier1(PEJVO)	適合
建筑	4	arkitekt	tier1(PEJVO)	arh^itekt	tier1(PEJVO)	適合
翅	2	pter	tier1(PEJVO)	pterig	tier1(PEJVO)	適合
凝	3	kaze	tier1(PEJVO)	kondens	tier1(PEJVO)	適合
疗	2	terapi	tier1(PEJVO)	terapi	tier1(PEJVO)	適合
诈	2	frau^d	tier1(PEJVO)	artifik	tier1(PEJVO)	適合
石棉	2	asbest	tier1(PEJVO)	asbest	tier1(PEJVO)	適合
眼镜蛇	2	kobr	tier2(PIV)	aspid	tier1(PEJVO)	層またぎ逆転
害	2	noc	tier1(PEJVO)	atenc	tier1(PEJVO)	適合
衰	3	atenu	tier1(PEJVO)	atenu	tier1(PEJVO)	適合
归	2	atribu	tier1(PEJVO)	atribu	tier1(PEJVO)	適合
自治	2	au^tonom	tier1(PEJVO)	au^tonom	tier1(PEJVO)	適合
氮	2	nitr	tier1(PEJVO)	azot	tier1(PEJVO)	適合
墩	3	sokl	tier1(PEJVO)	sokl	tier1(PEJVO)	適合
役	2	servut	tier1(PEJVO)	kampanj	tier1(PEJVO)	適合
苇	2	kan	tier1(PEJVO)	kan	tier1(PEJVO)	適合
硫	3	sulf	tier1(PEJVO)	sulf	tier1(PEJVO)	適合
低	2	bas	tier1(PEJVO)	bas	tier1(PEJVO)	適合
跷	2	stilz	tier1(PEJVO)	baskul	tier1(PEJVO)	適合
营	5	bivak	tier1(PEJVO)	batalion	tier1(PEJVO)	適合
甘薯	2	batat	tier1(PEJVO)	batat	tier1(PEJVO)	適合
梁	5	trab	tier1(PEJVO)	bau^	tier1(PEJVO)	適合
福	2	beat	tier1(PEJVO)	beat	tier1(PEJVO)	適合
甲	7	kiras	tier1(PEJVO)	skarab	tier1(PEJVO)	適合
颠	3	tang	tier1(PEJVO)	beladon	tier1(PEJVO)	適合
降	3	bemol	tier1(PEJVO)	bemol	tier1(PEJVO)	適合
香柑	2	cedrat	tier1(PEJVO)	bergamot	tier1(PEJVO)	適合
填	5	plomb	tier1(PEJVO)	rembur	tier1(PEJVO)	適合
水苏	2	staki	tier2(PIV)	betonik	tier1(PEJVO)	層またぎ逆転
释	3	ekzegez	tier1(PEJVO)	ekzegez	tier1(PEJVO)	適合
偏执	2	bigot	tier1(PEJVO)	bigot	tier1(PEJVO)	適合
怖	2	teror	tier1(PEJVO)	teror	tier1(PEJVO)	適合
霉	2	s^im	tier1(PEJVO)	s^im	tier1(PEJVO)	適合
盔	2	kask	tier1(PEJVO)	kask	tier1(PEJVO)	適合
陨	2	meteor	tier1(PEJVO)	bolid	tier1(PEJVO)	適合
轰	3	fulmin	tier1(PEJVO)	bombard	tier1(PEJVO)	適合
胆醇	2	kolesterol	tier1(PEJVO)	kolesterol	tier1(PEJVO)	適合
僧	4	monah^	tier1(PEJVO)	bonz	tier1(PEJVO)	適合
缘	2	border	tier1(PEJVO)	border	tier1(PEJVO)	適合
油菜	2	nap	tier1(PEJVO)	nap	tier1(PEJVO)	適合
镑	2	pund	tier1(PEJVO)	pund	tier1(PEJVO)	適合
微风	2	briz	tier1(PEJVO)	briz	tier1(PEJVO)	適合
浮	2	bu	tier1(PEJVO)	bu	tier1(PEJVO)	適合
彩	3	bunt	tier1(PEJVO)	bunt	tier1(PEJVO)	適合
摄氏	2	celsius	tier1(PEJVO)	celsi	tier1(PEJVO)	適合
梗	2	infarkt	tier1(PEJVO)	infarkt	tier1(PEJVO)	適合
脊	3	spin	tier1(PEJVO)	spin	tier1(PEJVO)	適合
青	3	cian	tier1(PEJVO)	cian	tier1(PEJVO)	適合
木瓜	3	papaj	tier1(PEJVO)	cidoni	tier1(PEJVO)	適合
架	7	rak	tier1(PEJVO)	rak	tier1(PEJVO)	適合
苦菜	3	endivi	tier1(PEJVO)	cikori	tier1(PEJVO)	適合
臭虫	2	cim	tier1(PEJVO)	cim	tier1(PEJVO)	適合
朱	2	cinabr	tier1(PEJVO)	cinabr	tier1(PEJVO)	適合
柏	2	cipres	tier1(PEJVO)	cipres	tier1(PEJVO)	適合
豹	4	panter	tier1(PEJVO)	leopard	tier1(PEJVO)	適合
主祭	2	prepost	tier1(PEJVO)	pontifik	tier1(PEJVO)	適合
膜	2	membran	tier1(PEJVO)	membran	tier1(PEJVO)	適合
粘	2	muk	tier1(PEJVO)	muk	tier1(PEJVO)	適合
浆	2	plasm	tier1(PEJVO)	plasm	tier1(PEJVO)	適合
猩	2	goril	tier1(PEJVO)	c^impanz	tier1(PEJVO)	適合
煮	4	poc^	tier1(PEJVO)	poc^	tier1(PEJVO)	適合
胀	4	puf	tier1(PEJVO)	puf	tier1(PEJVO)	適合
嵌	3	marketr	tier1(PEJVO)	damasken	tier1(PEJVO)	適合
缎	2	saten	tier1(PEJVO)	damask	tier1(PEJVO)	適合
抑	4	damp	tier1(PEJVO)	damp	tier1(PEJVO)	適合
数据	2	daten	tier1(PEJVO)	daten	tier1(PEJVO)	適合
初	3	debut	tier1(PEJVO)	debut	tier1(PEJVO)	適合
缩	6	ful	tier1(PEJVO)	deflaci	tier1(PEJVO)	適合
颁	2	dekret	tier1(PEJVO)	dekret	tier1(PEJVO)	適合
偏	5	devi	tier1(PEJVO)	devi	tier1(PEJVO)	適合
痴	3	demenc	tier1(PEJVO)	demenc	tier1(PEJVO)	適合
结石	2	kalkulus	tier1(PEJVO)	kalkulus	tier1(PEJVO)	適合
鳞	2	skvam	tier1(PEJVO)	skvam	tier1(PEJVO)	適合
专制	3	despot	tier1(PEJVO)	despot	tier1(PEJVO)	適合
贬	2	devalut	tier1(PEJVO)	devalut	tier1(PEJVO)	適合
泻	2	laks	tier1(PEJVO)	diare	tier1(PEJVO)	適合
介电	2	permitiv	tier1(PEJVO)	dielektrik	tier1(PEJVO)	適合
白喉	2	difteri	tier1(PEJVO)	difteri	tier1(PEJVO)	適合
稀	2	rar	tier1(PEJVO)	dilu	tier1(PEJVO)	適合
士	2	kavalir	tier1(PEJVO)	licenci	tier1(PEJVO)	適合
续断	2	dipsak	tier1(PEJVO)	dipsak	tier1(PEJVO)	適合
纤	2	fibr	tier1(PEJVO)	fibr	tier1(PEJVO)	適合
谨	2	diskret	tier1(PEJVO)	diskret	tier1(PEJVO)	適合
长椅	2	divan	tier1(PEJVO)	divan	tier1(PEJVO)	適合
柴油	2	dizel	tier1(PEJVO)	dizel	tier1(PEJVO)	適合
柱头	2	kapitel	tier1(PEJVO)	kapitel	tier1(PEJVO)	適合
腺	2	gland	tier1(PEJVO)	gland	tier1(PEJVO)	適合
八度	2	oktav	tier1(PEJVO)	oktav	tier1(PEJVO)	適合
短	2	kurt	tier1(PEJVO)	efemer	tier1(PEJVO)	適合
海胆	2	ekin	tier1(PEJVO)	ekin	tier1(PEJVO)	適合
啪	2	krak	tier1(PEJVO)	krak	tier1(PEJVO)	適合
渗	3	osmoz	tier1(PEJVO)	eksud	tier1(PEJVO)	適合
疹	3	tif	tier1(PEJVO)	ekzantem	tier1(PEJVO)	適合
逐	4	ekzil	tier1(PEJVO)	ekzil	tier1(PEJVO)	適合
驱魔	2	ekzorc	tier1(PEJVO)	ekzorc	tier1(PEJVO)	適合
沉	4	merg	tier1(PEJVO)	merg	tier1(PEJVO)	適合
胚	2	embri	tier1(PEJVO)	embri	tier1(PEJVO)	適合
淡	3	fad	tier1(PEJVO)	fad	tier1(PEJVO)	適合
摘	2	pluk	tier1(PEJVO)	enukle	tier1(PEJVO)	適合
史诗	2	epope	tier1(PEJVO)	epope	tier1(PEJVO)	適合
石南	2	erik	tier1(PEJVO)	erik	tier1(PEJVO)	適合
红胞	2	eritrocit	tier1(PEJVO)	eritrocit	tier1(PEJVO)	適合
隐	3	ermit	tier1(PEJVO)	ermit	tier1(PEJVO)	適合
蚀	3	korod	tier1(PEJVO)	erozi	tier1(PEJVO)	適合
耙	2	erp	tier1(PEJVO)	erp	tier1(PEJVO)	適合
圣餐	2	komuni	tier1(PEJVO)	eu^karisti	tier1(PEJVO)	適合
马车	2	fiakr	tier1(PEJVO)	faeton	tier1(PEJVO)	適合
野鸡	3	tetra	tier1(PEJVO)	fazan	tier1(PEJVO)	適合
弱	3	febl	tier1(PEJVO)	febl	tier1(PEJVO)	適合
瓣	2	klap	tier1(PEJVO)	klap	tier1(PEJVO)	適合
臭	3	fetor	tier1(PEJVO)	fetor	tier1(PEJVO)	適合
汇	3	trat	tier1(PEJVO)	kambi	tier1(PEJVO)	適合
比目鱼	4	pleu^ronekt	tier1(PEJVO)	fles	tier1(PEJVO)	適合
海豹	2	fok	tier1(PEJVO)	fok	tier1(PEJVO)	適合
敷	3	pans	tier1(PEJVO)	foment	tier1(PEJVO)	適合
皮翅	3	dermapter	tier2(PIV)	forfikul	tier1(PEJVO)	層またぎ逆転
结核	2	ftiz	tier1(PEJVO)	ftiz	tier1(PEJVO)	適合
秧鸡	4	ral	tier2(PIV)	fulik	tier1(PEJVO)	層またぎ逆転
堡	2	fuort	tier1(PEJVO)	fuort	tier1(PEJVO)	適合
毒疮	3	s^ankr	tier1(PEJVO)	furunk	tier1(PEJVO)	適合
愈疮木	2	gajak	tier1(PEJVO)	gajak	tier1(PEJVO)	適合
晕	5	halo	tier1(PEJVO)	halo	tier1(PEJVO)	適合
饰带	2	galon	tier1(PEJVO)	galon	tier1(PEJVO)	適合
抽筋	3	spasm	tier1(PEJVO)	spasm	tier1(PEJVO)	適合
漏	2	lik	tier1(PEJVO)	stomi	tier1(PEJVO)	適合
潜鸟	4	gavi	tier1(PEJVO)	gavi	tier1(PEJVO)	適合
草坪	2	gazon	tier1(PEJVO)	gazon	tier1(PEJVO)	適合
玉	4	gem	tier1(PEJVO)	gem	tier1(PEJVO)	適合
游击	2	geril	tier1(PEJVO)	geril	tier1(PEJVO)	適合
甘油	3	glicerin	tier1(PEJVO)	glicerin	tier1(PEJVO)	適合
大豆	3	soj	tier1(PEJVO)	glicine	tier1(PEJVO)	適合
帆船	3	skun	tier1(PEJVO)	goelet	tier1(PEJVO)	適合
锣	2	tamtam	tier1(PEJVO)	gong	tier1(PEJVO)	適合
啼	2	grak	tier1(PEJVO)	grak	tier1(PEJVO)	適合
榴	2	granat	tier1(PEJVO)	granat	tier1(PEJVO)	適合
咏	3	c^ant	tier1(PEJVO)	c^ant	tier1(PEJVO)	適合
牧草	3	gres	tier1(PEJVO)	gres	tier1(PEJVO)	適合
监	2	gvat	tier1(PEJVO)	gvat	tier1(PEJVO)	適合
莺	4	silvi	tier1(PEJVO)	silvi	tier1(PEJVO)	適合
堤	2	g^et	tier1(PEJVO)	g^et	tier1(PEJVO)	適合
蓬	2	vil	tier1(PEJVO)	hirt	tier1(PEJVO)	適合
喻	3	trop	tier1(PEJVO)	trop	tier1(PEJVO)	適合
半	2	hemi	tier1(PEJVO)	hemi	tier1(PEJVO)	適合
嘶	3	hen	tier1(PEJVO)	hen	tier1(PEJVO)	適合
蛾	3	mote	tier2(PIV)	hermini	tier1(PEJVO)	層またぎ逆転
妓	5	prostitu	tier1(PEJVO)	hetajr	tier1(PEJVO)	適合
隙	2	hiat	tier1(PEJVO)	hiat	tier1(PEJVO)	適合
脐	2	umbilik	tier1(PEJVO)	hilum	tier1(PEJVO)	適合
催眠	2	hipnot	tier1(PEJVO)	hipnot	tier1(PEJVO)	適合
疑病	2	hipokondri	tier1(PEJVO)	hipoh^ondri	tier1(PEJVO)	適合
香草	6	lavend	tier1(PEJVO)	hisop	tier1(PEJVO)	適合
滞	3	stagn	tier1(PEJVO)	histerez	tier1(PEJVO)	適合
激素	2	hormon	tier1(PEJVO)	hormon	tier1(PEJVO)	適合
嚎	2	hurl	tier1(PEJVO)	hurl	tier1(PEJVO)	適合
变色龙	2	kameleon	tier1(PEJVO)	h^ameleon	tier1(PEJVO)	適合
混乱	2	kaos	tier1(PEJVO)	h^aos	tier1(PEJVO)	適合
霍乱	2	h^oler	tier1(PEJVO)	h^oler	tier1(PEJVO)	適合
鱼龙	2	iktiosau^r	tier1(PEJVO)	ih^tiosau^r	tier1(PEJVO)	適合
惯	2	rutin	tier1(PEJVO)	inerci	tier1(PEJVO)	適合
杀	2	icid	tier1(PEJVO)	icid	tier1(PEJVO)	適合
插	3	stik	tier1(PEJVO)	insert	tier1(PEJVO)	適合
谋	4	intrig	tier1(PEJVO)	intrig	tier1(PEJVO)	適合
特许	2	patent	tier1(PEJVO)	patent	tier1(PEJVO)	適合
倒	3	kusp	tier1(PEJVO)	inversi	tier1(PEJVO)	適合
峡	3	istm	tier1(PEJVO)	istm	tier1(PEJVO)	適合
酸乳	2	jogurt	tier1(PEJVO)	jahurt	tier1(PEJVO)	適合
离子	2	jon	tier1(PEJVO)	jon	tier1(PEJVO)	適合
水仙	2	narcis	tier1(PEJVO)	jonkvil	tier1(PEJVO)	適合
杜松	2	juniper	tier1(PEJVO)	juniper	tier1(PEJVO)	適合
短裤	2	kulot	tier1(PEJVO)	kulot	tier1(PEJVO)	適合
义	2	justic	tier1(PEJVO)	justic	tier1(PEJVO)	適合
匕	2	ponard	tier1(PEJVO)	ponard	tier1(PEJVO)	適合
屎	2	kak	tier1(PEJVO)	kak	tier1(PEJVO)	適合
象甲	2	kurkuli	tier1(PEJVO)	kalandra	tier1(PEJVO)	適合
踢	2	kalcitr	tier1(PEJVO)	kalcitr	tier1(PEJVO)	適合
旋花	2	kalistegi	tier1(PEJVO)	kalistegi	tier1(PEJVO)	適合
麻	5	kanab	tier1(PEJVO)	kanab	tier1(PEJVO)	適合
袋鼠	2	makrop	tier1(PEJVO)	kanguru	tier1(PEJVO)	適合
劫	2	kaper	tier1(PEJVO)	kaper	tier1(PEJVO)	適合
木棉	2	kapok	tier1(PEJVO)	kapok	tier1(PEJVO)	適合
忍冬	2	kaprifoli	tier1(PEJVO)	kaprifoli	tier1(PEJVO)	適合
丁香	3	siring	tier1(PEJVO)	kariofil	tier1(PEJVO)	適合
软骨	2	kartilag	tier1(PEJVO)	kartilag	tier1(PEJVO)	適合
鹤鸵	2	kazuar	tier1(PEJVO)	kasuar	tier1(PEJVO)	適合
地籍	2	katastr	tier1(PEJVO)	katastr	tier1(PEJVO)	適合
诲	2	katekiz	tier1(PEJVO)	kateh^iz	tier1(PEJVO)	適合
扁桃	2	migdal	tier1(PEJVO)	migdal	tier1(PEJVO)	適合
猴桃	2	kiv	tier1(PEJVO)	kiv	tier1(PEJVO)	適合
修院	2	klostr	tier1(PEJVO)	klau^str	tier1(PEJVO)	適合
击倒	2	nokau^t	tier1(PEJVO)	knokau^t	tier1(PEJVO)	適合
贯	2	koher	tier1(PEJVO)	koher	tier1(PEJVO)	適合
托	2	kolb	tier1(PEJVO)	kolb	tier1(PEJVO)	適合
药瓜	2	kolocint	tier1(PEJVO)	kolocint	tier1(PEJVO)	適合
换	2	komut	tier1(PEJVO)	komut	tier1(PEJVO)	適合
信风	3	trad	tier1(PEJVO)	trad	tier1(PEJVO)	適合
廓	2	profil	tier1(PEJVO)	kontur	tier1(PEJVO)	適合
相关	2	korelaci	tier1(PEJVO)	korelaci	tier1(PEJVO)	適合
檐	2	kornic	tier1(PEJVO)	kornic	tier1(PEJVO)	適合
胖	2	obez	tier1(PEJVO)	korpulent	tier1(PEJVO)	適合
梭	2	naved	tier1(PEJVO)	naved	tier1(PEJVO)	適合
厚叶	2	krasul	tier1(PEJVO)	krasul	tier1(PEJVO)	適合
垛	2	stak	tier1(PEJVO)	krenel	tier1(PEJVO)	適合
辣根	2	kren	tier1(PEJVO)	kren	tier1(PEJVO)	適合
刑	2	kriminal	tier1(PEJVO)	kriminal	tier1(PEJVO)	適合
巡	4	kroz	tier1(PEJVO)	kroz	tier1(PEJVO)	適合
萤	2	lampir	tier1(PEJVO)	lampir	tier1(PEJVO)	適合
龙虾	3	omar	tier1(PEJVO)	langust	tier1(PEJVO)	適合
缓	4	lant	tier1(PEJVO)	lant	tier1(PEJVO)	適合
厕	2	latrin	tier1(PEJVO)	latrin	tier1(PEJVO)	適合
蔓	2	sarment	tier2(PIV)	lian	tier1(PEJVO)	層またぎ逆転
蚌	3	ostr	tier1(PEJVO)	lima	tier1(PEJVO)	適合
菱	2	romb	tier1(PEJVO)	lozang^	tier1(PEJVO)	適合
焊	2	lut	tier1(PEJVO)	lut	tier1(PEJVO)	適合
巫	2	mag	tier1(PEJVO)	mag	tier1(PEJVO)	適合
天竹	2	nandin	tier1(PEJVO)	mahoni	tier1(PEJVO)	適合
猴	32	ceb	tier2(PIV)	makak	tier1(PEJVO)	層またぎ逆転
疟	2	malari	tier1(PEJVO)	malari	tier1(PEJVO)	適合
红树	2	mangl	tier1(PEJVO)	mangl	tier1(PEJVO)	適合
压计	4	manometr	tier1(PEJVO)	manometr	tier1(PEJVO)	適合
髓	2	mjel	tier1(PEJVO)	medol	tier1(PEJVO)	適合
蛤	2	meretrik	tier1(PEJVO)	meretrik	tier1(PEJVO)	適合
蛋白霜	2	mering	tier1(PEJVO)	meringel	tier1(PEJVO)	適合
掌骨	2	metakarp	tier1(PEJVO)	metakarpe	tier1(PEJVO)	適合
亚甲	2	metilen	tier1(PEJVO)	metilen	tier1(PEJVO)	適合
地铁	2	metro	tier1(PEJVO)	metro	tier1(PEJVO)	適合
地鼠	2	talp	tier1(PEJVO)	miogal	tier1(PEJVO)	適合
香脂	2	ladan	tier2(PIV)	mirh	tier1(PEJVO)	層またぎ逆転
腮	2	mumps	tier1(PEJVO)	mumps	tier1(PEJVO)	適合
火枪	2	musked	tier1(PEJVO)	musked	tier1(PEJVO)	適合
钠	2	natri	tier1(PEJVO)	natr	tier1(PEJVO)	適合
睡莲	2	nimfe	tier1(PEJVO)	nimfe	tier1(PEJVO)	適合
淫	3	porn	tier1(PEJVO)	obscen	tier1(PEJVO)	適合
钝	2	obtuz	tier1(PEJVO)	obtuz	tier1(PEJVO)	適合
寡头	2	oligark	tier1(PEJVO)	oligarh^	tier1(PEJVO)	適合
鸦片	2	opi	tier1(PEJVO)	opi	tier1(PEJVO)	適合
叙	2	ordin	tier1(PEJVO)	ordinaci	tier1(PEJVO)	適合
兰	15	orkid	tier1(PEJVO)	orkide	tier1(PEJVO)	適合
批文	2	pamflet	tier1(PEJVO)	pamflet	tier1(PEJVO)	適合
胰	2	pankreat	tier1(PEJVO)	pankreas	tier1(PEJVO)	適合
纸草	2	papirus	tier1(PEJVO)	papirus	tier1(PEJVO)	適合
炫	2	parad	tier1(PEJVO)	parad	tier1(PEJVO)	適合
戏仿	2	parodi	tier1(PEJVO)	parodi	tier1(PEJVO)	適合
堂区	2	parok	tier1(PEJVO)	paroh^	tier1(PEJVO)	適合
梅	2	ume	tier1(PEJVO)	ume	tier1(PEJVO)	適合
柿	3	persimon	tier1(PEJVO)	persimon	tier1(PEJVO)	適合
邪	2	pervers	tier1(PEJVO)	pervers	tier1(PEJVO)	適合
企鹅	3	pingven	tier1(PEJVO)	pingven	tier1(PEJVO)	適合
滩	2	plag^	tier1(PEJVO)	plag^	tier1(PEJVO)	適合
冗	2	pleonasm	tier1(PEJVO)	pleonasm	tier1(PEJVO)	適合
督	5	prefekt	tier1(PEJVO)	prefekt	tier1(PEJVO)	適合
怯	2	timid	tier1(PEJVO)	poltron	tier1(PEJVO)	適合
先例	2	precedenc	tier1(PEJVO)	precedenc	tier1(PEJVO)	適合
草原	2	step	tier1(PEJVO)	preri	tier1(PEJVO)	適合
时效	2	uzukap	tier1(PEJVO)	preskript	tier1(PEJVO)	適合
蛋白	2	protein	tier1(PEJVO)	protein	tier1(PEJVO)	適合
原兽	2	protozo	tier1(PEJVO)	protozo	tier1(PEJVO)	適合
粮	2	proviant	tier1(PEJVO)	proviant	tier1(PEJVO)	適合
耻骨	2	pub	tier1(PEJVO)	pub	tier1(PEJVO)	適合
臀	2	pug	tier1(PEJVO)	pug	tier1(PEJVO)	適合
批	2	ratif	tier1(PEJVO)	ratif	tier1(PEJVO)	適合
垒	2	rempar	tier1(PEJVO)	redut	tier1(PEJVO)	適合
爬虫	2	sau^r	tier2(PIV)	reptili	tier1(PEJVO)	層またぎ逆転
窝	2	ricel	tier1(PEJVO)	ricel	tier1(PEJVO)	適合
犀	2	rinocer	tier1(PEJVO)	rinocer	tier1(PEJVO)	適合
啃	2	rod	tier1(PEJVO)	rod	tier1(PEJVO)	適合
刀	3	sabr	tier1(PEJVO)	sabr	tier1(PEJVO)	適合
割	2	serp	tier1(PEJVO)	sekant	tier1(PEJVO)	適合
查封	3	sekvestr	tier1(PEJVO)	sekestr	tier1(PEJVO)	適合
百里香	2	timian	tier1(PEJVO)	serpil	tier1(PEJVO)	適合
榕	2	fikus	tier2(PIV)	sikomor	tier1(PEJVO)	層またぎ逆転
硅	3	silic	tier1(PEJVO)	silici	tier1(PEJVO)	適合
癣	2	skabi	tier1(PEJVO)	skabi	tier1(PEJVO)	適合
千足	2	kilopod	tier2(PIV)	skolopendr	tier1(PEJVO)	層またぎ逆転
侦	2	skolt	tier1(PEJVO)	skolt	tier1(PEJVO)	適合
肛交	2	sodomi	tier1(PEJVO)	sodomi	tier1(PEJVO)	適合
精液	2	sperm	tier1(PEJVO)	sperm	tier1(PEJVO)	適合
自发	2	spontan	tier1(PEJVO)	spontan	tier1(PEJVO)	適合
歌	2	uta	tier1(PEJVO)	tanka	tier1(PEJVO)	適合
钳	3	tenajl	tier1(PEJVO)	tenajl	tier1(PEJVO)	適合
甲状	2	tiroid	tier1(PEJVO)	tiroid	tier1(PEJVO)	適合
气管	2	trake	tier1(PEJVO)	trah^e	tier1(PEJVO)	適合
三角	2	trigonometri	tier1(PEJVO)	trigonometri	tier1(PEJVO)	適合
蠕	3	helmint	tier2(PIV)	trikin	tier1(PEJVO)	層またぎ逆転
巨嘴鸟	2	tukan	tier1(PEJVO)	tukan	tier1(PEJVO)	適合
尿素	2	ure	tier1(PEJVO)	ure	tier1(PEJVO)	適合
性病	2	vener	tier1(PEJVO)	vener	tier1(PEJVO)	適合
蝠	3	vespert	tier1(PEJVO)	vespert	tier1(PEJVO)	適合
毒蛇	2	viper	tier1(PEJVO)	viper	tier1(PEJVO)	適合
寄	2	visk	tier1(PEJVO)	visk	tier1(PEJVO)	適合
姜	9	zingibr	tier1(PEJVO)	zingibr	tier1(PEJVO)	適合
气生	2	aerobi	tier2(PIV)	aerobi	tier2(PIV)	適合
气计	4	gasmetr	tier2(PIV)	aerometr	tier2(PIV)	適合
农学	2	agronom	tier2(PIV)	agronomi	tier2(PIV)	適合
地测	2	geometri	tier2(PIV)	geometri	tier2(PIV)	適合
高计	3	altometr	tier2(PIV)	altometr	tier2(PIV)	適合
无感	2	anestez	tier2(PIV)	anestez	tier2(PIV)	適合
抗粒	2	antipartikl	tier2(PIV)	antikorpuskl	tier2(PIV)	適合
卤化	2	bromid	tier2(PIV)	bromid	tier2(PIV)	適合
古主义	2	arh^aism	tier2(PIV)	arh^aism	tier2(PIV)	適合
古学	3	arh^eologi	tier2(PIV)	arh^eologi	tier2(PIV)	適合
古学家	3	arh^eolog	tier2(PIV)	arh^eolog	tier2(PIV)	適合
节炎	2	artrit	tier2(PIV)	artrit	tier2(PIV)	適合
星学	2	astronom	tier2(PIV)	astrologi	tier2(PIV)	適合
张	2	toni	tier2(PIV)	toni	tier2(PIV)	適合
菌吞	2	bakteriofag	tier2(PIV)	bakteriofag	tier2(PIV)	適合
菌学	4	mikologi	tier2(PIV)	bakteriologi	tier2(PIV)	適合
硫盐	3	sulfat	tier2(PIV)	sulfat	tier2(PIV)	適合
苔植	2	brifit	tier2(PIV)	briofit	tier2(PIV)	適合
氮盐	2	nitrat	tier2(PIV)	nitrat	tier2(PIV)	適合
栓症	2	emboloz	tier2(PIV)	tromboz	tier2(PIV)	適合
神主义	2	teism	tier2(PIV)	deism	tier2(PIV)	適合
神家	2	teist	tier2(PIV)	deist	tier2(PIV)	適合
皮炎	2	dermit	tier2(PIV)	dermatit	tier2(PIV)	適合
心记	2	kardiograf	tier2(PIV)	kardiograf	tier2(PIV)	適合
电解	2	elektrolit	tier2(PIV)	elektrolit	tier2(PIV)	適合
电计	2	elektrometr	tier2(PIV)	elektrometr	tier2(PIV)	適合
电镜	2	elektroskop	tier2(PIV)	elektroskop	tier2(PIV)	適合
胚源	2	embrigenez	tier2(PIV)	embriogenez	tier2(PIV)	適合
肠炎	2	enterit	tier2(PIV)	enterit	tier2(PIV)	適合
咽镜	2	faringoskop	tier2(PIV)	faringoskop	tier2(PIV)	適合
声计	2	sonmetr	tier2(PIV)	fonometr	tier2(PIV)	適合
磷盐	2	fosfat	tier2(PIV)	fosfat	tier2(PIV)	適合
胃镜	2	gastroskop	tier2(PIV)	gastroskopi	tier2(PIV)	適合
地记	2	geograf	tier2(PIV)	geograf	tier2(PIV)	適合
地学	2	geologi	tier2(PIV)	geologi	tier2(PIV)	適合
地学家	2	geolog	tier2(PIV)	geolog	tier2(PIV)	適合
高测	2	altometri	tier2(PIV)	hipsometri	tier2(PIV)	適合
虫杀	2	insekticid	tier2(PIV)	insekticid	tier2(PIV)	適合
等形	2	izomorf	tier2(PIV)	izomorf	tier2(PIV)	適合
心学家	2	psikolog	tier2(PIV)	psikolog	tier2(PIV)	適合
斜计	2	klinometr	tier2(PIV)	klinometr	tier2(PIV)	適合
色计	2	kolormetr	tier2(PIV)	kolorometr	tier2(PIV)	適合
髓炎	2	mjelit	tier2(PIV)	medolit	tier2(PIV)	適合
气学	4	meteologi	tier2(PIV)	meteologi	tier2(PIV)	適合
气学家	3	meteolog	tier2(PIV)	meteolog	tier2(PIV)	適合
中子	2	mezon	tier2(PIV)	mezon	tier2(PIV)	適合
神经学	2	nervologi	tier2(PIV)	neu^rologi	tier2(PIV)	適合
乐主义	2	optimism	tier2(PIV)	optimism	tier2(PIV)	適合
乐家	2	optimist	tier2(PIV)	optimist	tier2(PIV)	適合
丸炎	2	orkidit	tier2(PIV)	orkidit	tier2(PIV)	適合
振具	2	vibrator	tier2(PIV)	oscilator	tier2(PIV)	適合
渗计	2	osmozmetr	tier2(PIV)	osmozometr	tier2(PIV)	適合
围心	2	perikard	tier2(PIV)	perikardi	tier2(PIV)	適合
政学家	2	politolog	tier2(PIV)	politolog	tier2(PIV)	適合
原型	2	prototip	tier2(PIV)	prototip	tier2(PIV)	適合
射声	2	radiofon	tier2(PIV)	radiofoni	tier2(PIV)	適合
射计	2	radiometr	tier2(PIV)	radiometr	tier2(PIV)	適合
射疗	2	radioterapi	tier2(PIV)	radioterapi	tier2(PIV)	適合
速计	2	rapidometr	tier2(PIV)	rapidometr	tier2(PIV)	適合
直肠镜	2	rektumoskop	tier2(PIV)	rektumoskopi	tier2(PIV)	適合
震记	2	sismograf	tier2(PIV)	sismograf	tier2(PIV)	適合
震学	2	sismologi	tier2(PIV)	sismologi	tier2(PIV)	適合
谱镜	2	spektroskop	tier2(PIV)	spektroskopi	tier2(PIV)	適合
立体声	2	stereofon	tier2(PIV)	stereofoni	tier2(PIV)	適合
立体镜	2	stereoskop	tier2(PIV)	stereoskopi	tier2(PIV)	適合
胃炎	2	gastrit	tier2(PIV)	stomakit	tier2(PIV)	適合
闪镜	2	stroboskop	tier2(PIV)	stroboskop	tier2(PIV)	適合
神治	2	teokrat	tier2(PIV)	teokrati	tier2(PIV)	適合
毒学	2	toksologi	tier2(PIV)	toksologi	tier2(PIV)	適合
毒学家	2	toksolog	tier2(PIV)	toksolog	tier2(PIV)	適合
气管炎	2	trah^eit	tier2(PIV)	trah^eit	tier2(PIV)	適合
气管切	2	trah^eotomi	tier2(PIV)	trah^eotomi	tier2(PIV)	適合
脉炎	5	flebit	tier2(PIV)	vejnit	tier2(PIV)	適合
腺病	2	adenpati	tier2(PIV)	adenpati	tier2(PIV)	適合
炼	2	kupel	tier2(PIV)	afinaci	tier2(PIV)	適合
异形	2	alotrop	tier2(PIV)	alomorf	tier2(PIV)	適合
树学	2	arbologi	tier2(PIV)	arbologi	tier2(PIV)	適合
矿化	2	arsenid	tier2(PIV)	arsenid	tier2(PIV)	適合
囊菌	2	askomicet	tier2(PIV)	askomicet	tier2(PIV)	適合
菌学家	3	mikolog	tier2(PIV)	bakteriolog	tier2(PIV)	適合
菌杀	2	fungicid	tier2(PIV)	baktericid	tier2(PIV)	適合
藻藻	4	fukofic	tier2(PIV)	bangific	tier2(PIV)	適合
担子菌	4	bazidimicet	tier2(PIV)	bazidimicet	tier2(PIV)	適合
血虫	2	bilharzi	tier2(PIV)	bilharzi	tier2(PIV)	適合
金盐	7	orat	tier2(PIV)	bismutat	tier2(PIV)	適合
矿盐	4	borat	tier2(PIV)	borat	tier2(PIV)	適合
帆索	2	bras	tier2(PIV)	bras	tier2(PIV)	適合
支镜	2	bronkoskop	tier2(PIV)	bronkoskop	tier2(PIV)	適合
囊炎	2	bursit	tier2(PIV)	bursit	tier2(PIV)	適合
青植	2	cianfit	tier2(PIV)	cianfit	tier2(PIV)	適合
胞学	2	c^elologi	tier2(PIV)	citologi	tier2(PIV)	適合
聚伞	2	cum	tier2(PIV)	cum	tier2(PIV)	適合
潮解	2	likvesk	tier2(PIV)	delikvesk	tier2(PIV)	適合
胚植	2	embrifit	tier2(PIV)	embrifit	tier2(PIV)	適合
胚切	2	embritomi	tier2(PIV)	embritomi	tier2(PIV)	適合
正视	2	eu^metrop	tier2(PIV)	emetrop	tier2(PIV)	適合
食管镜	2	ezofagoskop	tier2(PIV)	ezofagoskop	tier2(PIV)	適合
阳具	2	kac	tier2(PIV)	falus	tier2(PIV)	適合
限	2	fini	tier2(PIV)	fini	tier2(PIV)	適合
光疗	2	lumterapi	tier2(PIV)	fototerapi	tier2(PIV)	適合
糖血	2	glukemi	tier2(PIV)	glukemi	tier2(PIV)	適合
土学家	2	pedolog	tier2(PIV)	grundolog	tier2(PIV)	適合
超感	2	hiperestez	tier2(PIV)	hiperestezi	tier2(PIV)	適合
垂体	2	hipofiz	tier2(PIV)	hipofiz	tier2(PIV)	適合
蹄兔	2	prokavi	tier2(PIV)	hirak	tier2(PIV)	適合
全形	2	holomorf	tier2(PIV)	holomorf	tier2(PIV)	適合
同形	2	homomorf	tier2(PIV)	homomorf	tier2(PIV)	適合
鱼学家	2	ih^tiolog	tier2(PIV)	ih^tiolog	tier2(PIV)	適合
脓疮	2	impetig	tier2(PIV)	impetig	tier2(PIV)	適合
吐根	2	ipek	tier2(PIV)	ipek	tier2(PIV)	適合
春化	2	vernaliz	tier2(PIV)	jaroviz	tier2(PIV)	適合
心病	3	psikopat	tier2(PIV)	kardiopati	tier2(PIV)	適合
等分	2	mitoz	tier2(PIV)	kariokinez	tier2(PIV)	適合
山核桃	2	karj	tier2(PIV)	karj	tier2(PIV)	適合
氯盐	2	klorat	tier2(PIV)	klorat	tier2(PIV)	適合
色测	2	kolormetri	tier2(PIV)	kolormetri	tier2(PIV)	適合
冻	2	krio	tier2(PIV)	kongel	tier2(PIV)	適合
冠炎	2	mitrit	tier2(PIV)	koronariit	tier2(PIV)	適合
甜柠	2	limed	tier2(PIV)	limed	tier2(PIV)	適合
木植	2	magnolifit	tier2(PIV)	magnolifit	tier2(PIV)	適合
髓病	3	medolpati	tier2(PIV)	medolpati	tier2(PIV)	適合
械疗	2	meh^anoterapi	tier2(PIV)	meh^anoterapi	tier2(PIV)	適合
中肠	3	mesenter	tier2(PIV)	mesenter	tier2(PIV)	適合
核配	2	nuklegami	tier2(PIV)	nuklegami	tier2(PIV)	適合
目镜	2	oftalmoskop	tier2(PIV)	oftalmoskop	tier2(PIV)	適合
骨病	2	ostopati	tier2(PIV)	ostopati	tier2(PIV)	適合
耳镜	2	otoskop	tier2(PIV)	otoskop	tier2(PIV)	適合
卵源	2	ovogoni	tier2(PIV)	ovogenez	tier2(PIV)	適合
肾盆	2	pjel	tier2(PIV)	piel	tier2(PIV)	適合
多色	2	pleokro	tier2(PIV)	pleokro	tier2(PIV)	適合
铅盐	2	plumbat	tier2(PIV)	plumbat	tier2(PIV)	適合
雨计	2	pluvmetr	tier2(PIV)	pluvmetr	tier2(PIV)	適合
肺炎	2	pulmit	tier2(PIV)	pneu^monit	tier2(PIV)	適合
政学	2	politologi	tier2(PIV)	politikologi	tier2(PIV)	適合
递归	2	rikur	tier2(PIV)	rekursi	tier2(PIV)	適合
硅盐	2	siliciat	tier2(PIV)	siliciat	tier2(PIV)	適合
锡盐	2	stanat	tier2(PIV)	stanat	tier2(PIV)	適合
口镜	2	stomatoskop	tier2(PIV)	stomatoskop	tier2(PIV)	適合
毛癣菌	2	trikofit	tier2(PIV)	trih^ofit	tier2(PIV)	適合
侧柏	2	tujan	tier2(PIV)	tujan	tier2(PIV)	適合
尿学	2	urologi	tier2(PIV)	urologi	tier2(PIV)	適合
尿酸盐	2	urat	tier2(PIV)	urat	tier2(PIV)	適合
火硫盐	2	pirosulfat	tier2(PIV)	pirosulfat	tier2(PIV)	適合
