版	区分	層	行	見出し	描画	別解析の復号
学習者版	S2adj	PEJVO	L258	adiau^/i	再见/i	revidi
学習者版	S2adj	PEJVO	L259	adiau^/o	再见/o	revido
学習者版	S2adj	PEJVO	L449	aer/tub/o	气/管/o	trakeo
学習者版	S2adj	PEJVO	L862	log^/ej/o	住/所/o	domicilo
学習者版	S2adj	PEJVO	L1181	aline/o	换行/o	komutado
学習者版	S2adj	PEJVO	L2572	asket/o	苦行/o	suferado
学習者版	S2adj	PEJVO	L2650	atas^e/o	随员/o	sekvano
学習者版	S2adj	PEJVO	L5343	c^ef/mast/o	首/柱/o	steveno
学習者版	S2adj	CSV2890	L5490	c^ia	全a	integra
学習者版	S2adj	CSV2890	L5506	c^io	全o	integro
学習者版	S2adj	CSV2890	L5702	c^iu	全u	integru
学習者版	S2adj	PEJVO	L5715	c^iu/j	全u/j	integruj
学習者版	S2adj	PEJVO	L7428	domicil/o	住所/o	log^ejo
学習者版	S2adj	PEJVO	L7765	du/kolor/a	二/色/a	dikroa
学習者版	S2adj	PEJVO	L11968	frak/ul/o	燕尾/者/o	hirundvostulo
学習者版	S2adj	PEJVO	L13067	glit/s^ton/o	滑/石/o	talko
学習者版	S2adj	PEJVO	L14430	hipotenuz/o	斜边/o	klinrando
学習者版	S2adj	CSV2890	L15591	integr/a	全/a	c^ia
学習者版	S2adj	PEJVO	L15841	interpunkci/o	标点/o	celpunkto
学習者版	S2adj	PEJVO	L17158	kap/tuk/o	头/巾/o	turbano
学習者版	S2adj	PEJVO	L18046	klin/angul/o	斜/角/o	skaleno
学習者版	S2adj	PEJVO	L18071	klin/rand/o	斜/边/o	hipotenuzo
学習者版	S2adj	PEJVO	L18355	kol/har/oj	颈/毛/oj	krinoj
学習者版	S2adj	PEJVO	L18824	komut/ad/o	换/行/o	alineo
学習者版	S2adj	PEJVO	L19603	konvekt/o	对流/o	kontrau^fluo
学習者版	S2adj	PEJVO	L21707	lavend/o	香草/o	spicherbo
学習者版	S2adj	PEJVO	L26370	mult/angul/a	多/角/a	poligona
学習者版	S2adj	PEJVO	L26371	mult/angul/o	多/角/o	poligono
学習者版	S2adj	PEJVO	L26408	mult/kolor/a	多/色/a	pleokroa
学習者版	S2adj	PEJVO	L26409	mult/kolor/ec/o	多/色/性/o	pleokroeco
学習者版	S2adj	PEJVO	L27198	ne/long/a	不/长/a	nelga
学習者版	S2adj	CSV2890	L27235	nenio	无o	seno
学習者版	S2adj	CSV2890	L27239	neniu	无u	senu
学習者版	S2adj	PEJVO	L28257	ok/on/o	八/分/o	oktanto
学習者版	S2adj	PEJVO	L28278	oktant/o	八分/o	okono
学習者版	S2adj	CSV2890	L28813	ort/o	直角/o	ortangulo
学習者版	S2adj	PEJVO	L29687	pavez/o	船壁/o	s^ipmuro
学習者版	S2adj	PEJVO	L31058	poligon/o	多角/o	multangulo
学習者版	S2adj	PEJVO	L31371	steven/o	首柱/o	c^efmasto
学習者版	S2adj	PEJVO	L32741	punkci/i	穿刺/i	trapiki
学習者版	S2adj	PEJVO	L33187	reakci/ig/i	反应/使/i	maldevigi
学習者版	S2adj	CSV2890	L33575	rekt/angul/o	直/角/o	ortangulo
学習者版	S2adj	PEJVO	L34017	re/vid/i	再/见/i	adiau^i
学習者版	S2adj	PEJVO	L34018	re/vid/o	再/见/o	adiau^o
学習者版	S2adj	PEJVO	L35014	sam/ec/o	同/性/o	gejo
学習者版	S2adj	PEJVO	L37043	skun/o	帆船/o	vels^ipo
学習者版	S2adj	PEJVO	L37611	spic/herb/o	香/草/o	lavendo
学習者版	S2adj	PEJVO	L38497	sufer/ad/o	苦/行/o	asketo
学習者版	S2adj	PEJVO	L39860	talk/o	滑石/o	glits^tono
学習者版	S2adj	PEJVO	L39865	talp/o	地鼠/o	termuso
学習者版	S2adj	PEJVO	L40309	teozof/i/o	神智/i/o	disag^io
学習者版	S2adj	PEJVO	L40426	ter/mus/o	地/鼠/o	talpo
学習者版	S2adj	PEJVO	L40992	trake/o	气管/o	aertubo
学習者版	S2adj	PEJVO	L41210	tra/pik/i	穿/刺/i	punkcii
学習者版	S2adj	PEJVO	L41794	turban/o	头巾/o	kaptuko
学習者版	S2adj	PEJVO	L42123	unu/di/ism/o	一/神/主义/o	unitariismo
学習者版	S2adj	PEJVO	L42127	unu/ec/a	一/性/a	monofizita
学習者版	S2adj	PEJVO	L42129	unu/ec/o	一/性/o	monofizito
学習者版	S2adj	PEJVO	L42885	vel/s^ip/o	帆/船/o	skuno
学習者版	S2adj	PIV	L46745	dikro/a	二色/a	dukolora
学習者版	S2adj	PIV	L48263	gej/o	同性/o	sameco
学習者版	S2adj	PIV	L49486	integr/o	全/o	c^io
学習者版	S2adj	PIV	L51259	lamprid/o	月鱼/o	lunfis^o
学習者版	S2adj	PIV	L52180	monofizit/o	一性/o	unueco
学習者版	S2adj	PIV	L52181	monofizit/a	一性/a	unueca
学習者版	S2adj	PIV	L52396	nelg/a	不长/a	nelonga
学習者版	S2adj	PIV	L52554	nov/ism/o	新/主义/o	neismo
学習者版	S2adj	PIV	L53569	pleokro/a	多色/a	multkolora
学習者版	S2adj	PIV	L53570	pleokro/ec/o	多色/性/o	multkoloreco
学習者版	S2adj	PIV	L53652	poligon/a	多角/a	multangula
学習者版	S2adj	PIV	L54829	sen/o	无/o	nenio
学習者版	S2adj	PIV	L55084	skalen/o	斜角/o	klinangulo
学習者版	S2adj	PIV	L56609	unitari/ism/o	一神/主义/o	unudiismo
学習者版	S2adj	PIV	L58028	mal/dev/ig/i	反/应/使/i	reakciigi
学習者版	S2adj	PIV	L58435	lun/fis^/o	月/鱼/o	lamprido
学習者版	S2adj	PIV	L58509	kontrau^/flu/o	对/流/o	konvekto
学習者版	S2adj	PIV	L59982	s^ip/mur/o	船/壁/o	pavezo
学習者版	S2adj	PIV	L60601	cel/punkt/o	标/点/o	interpunkcio
学習者版	S2adj	PIV	L61469	pra/teri/oj	原/兽ᵀ/oj	tripanosomoj
学習者版	S2adj	PIV	L61783	hirund/vost/ul/o	燕/尾/者/o	frakulo
学習者版	S2syn	PEJVO	L1037	alburn/o	白鱼/o	blankfis^o
学習者版	S2syn	PEJVO	L2605	asteri/o	海星/o	marstelo
学習者版	S2syn	PEJVO	L2869	au^tonom/ec/o	自治/性/o	memregeco
学習者版	S2syn	PEJVO	L3590	best/kurac/a	兽/医/a	veterinara
学習者版	S2syn	PEJVO	L4508	brust/ost/o	胸/骨/o	sternumo
学習者版	S2syn	PEJVO	L4620	bum/o	帆杆/o	velstango
学習者版	S2syn	PEJVO	L6117	dek/du/edr/o	十/二/面ᴱ/o	dodekaedro
学習者版	S2syn	PEJVO	L7781	korol/o	花冠/o	florkrono
学習者版	S2syn	PEJVO	L8130	egal/potencial/a	等/势/a	ekvipotenciala
学習者版	S2syn	PEJVO	L8380	ekskori/i	擦伤/i	frotvundi
学習者版	S2syn	PEJVO	L11373	flor/kron/o	花/冠/o	korolo
学習者版	S2syn	CSV2890	L11584	fontan/o	喷泉/o	s^prucfonto
学習者版	S2syn	PEJVO	L12137	frit/kuk/o	炸/糕/o	benjeto
学習者版	S2syn	PEJVO	L12201	frot/vund/i	擦/伤/i	ekskorii
学習者版	S2syn	PEJVO	L13427	gres/o	牧草/o	pas^therbo
学習者版	S2syn	PEJVO	L14197	hepat/herb/o	肝/草/o	hepatiko
学習者版	S2syn	PEJVO	L14198	hepatik/o	肝草/o	hepatherbo
学習者版	S2syn	PEJVO	L14199	hepatik/oj	肝草/oj	hepatherboj
学習者版	S2syn	PEJVO	L15016	imperialism/o	帝主义/o	imperiismo
学習者版	S2syn	PEJVO	L15017	imperialist/o	帝家/o	imperiisto
学習者版	S2syn	PEJVO	L15026	imperi/ism/o	帝/主义/o	imperialismo
学習者版	S2syn	PEJVO	L15027	imperi/ist/o	帝/家/o	imperialisto
学習者版	S2syn	PEJVO	L15478	inocent/a	无罪/a	senkulpa
学習者版	S2syn	PEJVO	L17060	kap/hau^t/o	头/皮/o	skalpo
学習者版	S2syn	PEJVO	L21132	kvin/angul/o	五/角/o	pentagono
学習者版	S2syn	PEJVO	L24389	mar/hirund/o	海/燕/o	procelario
学習者版	S2syn	PEJVO	L24482	mar/stel/o	海/星/o	asterio
学習者版	S2syn	PEJVO	L24975	mem/reg/ec/o	自/治/性/o	au^tonomeco
学習者版	S2syn	PEJVO	L25505	mil/jar/o	千/年/o	milenio
学習者版	S2syn	PEJVO	L26470	mur/paper/o	壁/纸/o	tapeto
学習者版	S2syn	PEJVO	L27199	ne/long/e	不/长/e	nelge
学習者版	S2syn	PEJVO	L27578	nimbus/o	雨云/o	pluvnubo
学習者版	S2syn	PEJVO	L27889	nov/stel/o	新/星/o	novao
学習者版	S2syn	CSV2890	L28804	ort/a	直角/a	rektangula
学習者版	S2syn	PEJVO	L28805	ort/aj	直角/aj	rektangulaj
学習者版	S2syn	PEJVO	L29599	pas^t/herb/o	牧/草/o	greso
学習者版	S2syn	PEJVO	L29863	pentagon/o	五角/o	kvinangulo
学習者版	S2syn	PEJVO	L30931	pluv/nub/o	雨/云/o	nimbuso
学習者版	S2syn	PEJVO	L31391	post/gvardi/o	后/卫/o	ariero
学習者版	S2syn	PEJVO	L31539	pou^p/o	船尾/o	s^ipvosto
学習者版	S2syn	PEJVO	L33574	rekt/angul/a	直/角/a	orta
学習者版	S2syn	PEJVO	L35067	sam/temp/a	同/时/a	simultana
学習者版	S2syn	PEJVO	L35069	sam/temp/ec/o	同/时/性/o	simultaneco
学習者版	S2syn	PEJVO	L35938	sen/kulp/a	无/罪/a	inocenta
学習者版	S2syn	PEJVO	L36384	ses/angul/o	六/角/o	heksagono
学習者版	S2syn	PEJVO	L36658	simultan/ec/o	同时/性/o	samtempeco
学習者版	S2syn	PEJVO	L36846	skalp/o	头皮/o	kaphau^to
学習者版	S2syn	PEJVO	L36976	skorpi/fis^/o	蝎/鱼/o	skorpeno
学習者版	S2syn	PEJVO	L37956	sternum/o	胸骨/o	brustosto
学習者版	S2syn	PEJVO	L39296	s^ip/vost/o	船/尾/o	pou^po
学習者版	S2syn	PEJVO	L39449	s^pruc/font/o	喷/泉/o	fontano
学習者版	S2syn	CSV2890	L39926	tapet/o	壁纸/o	murpapero
学習者版	S2syn	PEJVO	L41296	tren/ret/o	拖/网/o	trolo
学習者版	S2syn	PEJVO	L41446	trip/kolbas/o	肚/肠/o	andujo
学習者版	S2syn	PEJVO	L41532	trol/o	拖网/o	trenreto
学習者版	S2syn	PEJVO	L42883	vel/stang/o	帆/杆/o	bumo
学習者版	S2syn	PEJVO	L43216	veterinar/a	兽医/a	bestkuraca
学習者版	S2syn	PIV	L45013	anduj/o	肚肠/o	tripkolbaso
学習者版	S2syn	PIV	L45266	arier/o	后卫/o	postgvardio
学習者版	S2syn	PIV	L45768	benjet/o	炸糕/o	fritkuko
学習者版	S2syn	PIV	L46869	dodeka/edr/o	十二/面ᴱ/o	dekduedro
学習者版	S2syn	PIV	L47093	ekvipotencial/a	等势/a	egalpotenciala
学習者版	S2syn	PIV	L48797	heksagon/o	六角/o	sesangulo
学習者版	S2syn	PIV	L48798	heksagon/a	六角/a	sesangula
学習者版	S2syn	PIV	L52067	mileni/o	千年/o	miljaro
学習者版	S2syn	PIV	L52395	nelg/e	不长/e	nelonge
学習者版	S2syn	PIV	L52555	nova/o	新星/o	novstelo
学習者版	S2syn	PIV	L53833	procelari/o	海燕/o	marhirundo
学習者版	S2syn	PIV	L55021	simultan/a	同时/a	samtempa
学習者版	S2syn	PIV	L55133	skorpen/o	蝎鱼/o	skorpifis^o
学習者版	S2syn	PIV	L57527	ses/angul/a	六/角/a	heksagona
学習者版	S2syn	PIV	L58429	blank/fis^/o	白/鱼/o	alburno
学習者版	S2syn	PIV	L59452	du/kotiledon/oj	二/子叶/oj	dikotiledonoj
学習者版	S2syn	PIV	L60161	fis^/ov/oj	鱼/卵/oj	frajoj
学習者版	S2syn	PIV	L61121	mar/stel/oj	海/星/oj	asterioj
学習者版	S1迂回	CSV2890	L1142	en	内	end
学習者版	S1迂回	PEJVO	L1868	du/on/o	二/分/o	diono
学習者版	S1迂回	CSV2890	L2450	herb/o	草/o	poo
学習者版	S1迂回	PEJVO	L2740	a/toni/o	无ᴬ/张/o	antonio
学習者版	S1迂回	PEJVO	L3411	baz/i	基/i	ili
学習者版	S1迂回	CSV2890	L3419	baz/o	基/o	ilo
学習者版	S1迂回	CSV2890	L3697	si	己	heks
学習者版	S1迂回	PEJVO	L5132	citrus/o	柑/o	citro
学習者版	S1迂回	PEJVO	L5479	c^eval/kas^tan/o	马/栗/o	hipokas^tano
学習者版	S1迂回	PEJVO	L5479	c^eval/kas^tan/o	马/栗/o	hipokastano
学習者版	S1迂回	CSV2890	L6115	du	二	di
学習者版	S1迂回	PEJVO	L6559	si/n	己/n	heksn
学習者版	S1迂回	CSV2890	L7361	valut/o	币/o	duro
学習者版	S1迂回	PEJVO	L7675	du/a	二/a	dia
学習者版	S1迂回	PEJVO	L7738	du/ec/o	二/性/o	dieco
学習者版	S1迂回	PEJVO	L7752	du/ig/i	二/使/i	diigi
学習者版	S1迂回	PEJVO	L7819	du/o	二/o	dio
学習者版	S1迂回	PEJVO	L7837	du/on-	二/分	dion
学習者版	S1迂回	PEJVO	L7938	dur/o	币/o	valuto
学習者版	S1迂回	PEJVO	L7960	du/valent/a	二/价ⱽ/a	divalenta
学習者版	S1迂回	PEJVO	L8694	urin/o	尿/o	urio
学習者版	S1迂回	PEJVO	L9427	end/osmoz/o	内/渗/o	enosmozo
学習者版	S1迂回	PEJVO	L9576	en/o	内/o	endo
学習者版	S1迂回	PEJVO	L9957	nov/an	新/an	nean
学習者版	S1迂回	PEJVO	L10543	si/an	己/an	heksan
学習者版	S1迂回	PEJVO	L13114	glut/ej/o	吞/所/o	fagejo
学習者版	S1迂回	PEJVO	L13120	glut/o	吞/o	fago
学習者版	S1迂回	PEJVO	L13314	gras/a	脂/a	lipa
学習者版	S1迂回	PEJVO	L13322	gras/i	脂/i	lipi
学習者版	S1迂回	CSV2890	L13326	gras/o	脂/o	lipo
学習者版	S1迂回	PEJVO	L14412	hipo/kas^tan/o	马/栗/o	c^evalkas^tano
学習者版	S1迂回	PEJVO	L14412	hipo/kas^tan/o	马/栗/o	hipokastano
学習者版	S1迂回	PEJVO	L16783	kalkul/baz/o	算/基/o	kalkulilo
学習者版	S1迂回	PEJVO	L17873	kiras/i	甲/i	meti
学習者版	S1迂回	PEJVO	L17874	kiras/o	甲/o	meto
学習者版	S1迂回	PEJVO	L18287	koks/a	股/a	kata
学習者版	S1迂回	CSV2890	L18289	koks/o	股/o	kato
学習者版	S1迂回	PEJVO	L24880	membran/o	膜/o	himeno
学習者版	S1迂回	PEJVO	L25244	mez/a	中/a	mesa
学習者版	S1迂回	CSV2890	L25283	mez/o	中/o	mesoo
学習者版	S1迂回	CSV2890	L25283	mez/o	中/o	meso
学習者版	S1迂回	CSV2890	L27814	nov/a	新/a	nea
学習者版	S1迂回	PEJVO	L27819	nov/aj	新/aj	neaj
学習者版	S1迂回	PEJVO	L27844	nov/e	新/e	nee
学習者版	S1迂回	PEJVO	L27860	nov/ig/i	新/使/i	neigi
学習者版	S1迂回	CSV2890	L33562	rekt/a	直/a	orta
学習者版	S1迂回	PEJVO	L33592	rekt/il/o	直/具/o	ortilo
学習者版	S1迂回	PEJVO	L33593	rekt/o	直/o	orto
学習者版	S1迂回	PEJVO	L34948	saliv/o	唾/o	sialo
学習者版	S1迂回	PEJVO	L35671	sen/baz/a	无/基/a	senila
学習者版	S1迂回	PEJVO	L36440	si/a	己/a	heksa
学習者版	S1迂回	PEJVO	L40067	teks/baz/o	织/基/o	teksilo
学習者版	S1迂回	PEJVO	L42542	valut/a	币/a	dura
学習者版	S1迂回	CSV2890	L43156	veruk/o	瘤/o	omo
学習者版	S1迂回	PIV	L48352	gir/i	旋/i	torni
学習者版	S1迂回	PIV	L48794	heks	己	si
学習者版	S1迂回	PIV	L48795	heks/an/o	己/an/o	siano
学習者版	S1迂回	PIV	L48875	herb/et/o	草/小/o	poeto
学習者版	S1迂回	PIV	L49034	hipo/kastan/o	马/栗/o	hipokas^tano
学習者版	S1迂回	PIV	L49034	hipo/kastan/o	马/栗/o	c^evalkas^tano
学習者版	S1迂回	PIV	L50309	kiras/a	甲/a	meta
学習者版	S1迂回	PIV	L51933	mes/enter/o	中/肠ᴱ/o	mezentero
学習者版	S1迂回	PIV	L51933	mes/enter/o	中/肠ᴱ/o	mesoentero
学習者版	S1迂回	PIV	L51937	meso/o	中/o	meso
学習者版	S1迂回	PIV	L51937	meso/o	中/o	mezo
学習者版	S1迂回	PIV	L51938	meso/enter/o	中/肠ᴱ/o	mezentero
学習者版	S1迂回	PIV	L51938	meso/enter/o	中/肠ᴱ/o	mesentero
学習者版	S1迂回	PIV	L51986	mez/enter/o	中/肠ᴱ/o	mesentero
学習者版	S1迂回	PIV	L51986	mez/enter/o	中/肠ᴱ/o	mesoentero
学習者版	S1迂回	PIV	L58123	plen/du/t/o	满/二/t/o	plendito
学習者版	S1迂回	PIV	L60156	en/osmoz/o	内/渗/o	endosmozo
学習者版	S1迂回	PIV	L60436	du/ploid/a	二/倍ᴾ/a	diploida
学習者版	S1迂回	PIV	L62175	po/o	草/o	herbo
学術版	S2adj	PEJVO	L258	adiau^/i	再见/i	revidi
学術版	S2adj	PEJVO	L259	adiau^/o	再见/o	revido
学術版	S2adj	PEJVO	L449	aer/tub/o	气/管/o	trakeo
学術版	S2adj	PEJVO	L815	akromat/a	无色/a	senkolora
学術版	S2adj	PEJVO	L862	log^/ej/o	住/所/o	domicilo
学術版	S2adj	PEJVO	L1181	aline/o	换行/o	komutado
学術版	S2adj	PEJVO	L1359	alternator/o	替具/o	alternilo
学術版	S2adj	PEJVO	L1587	amorf/a	无形/a	senforma
学術版	S2adj	PEJVO	L1616	amplifikator/o	扩具/o	amplifilo
学術版	S2adj	PEJVO	L1947	antau^/parol/o	前/话/o	prologo
学術版	S2adj	PEJVO	L2572	asket/o	苦行/o	suferado
学術版	S2adj	PEJVO	L2650	atas^e/o	随员/o	sekvano
学術版	S2adj	PEJVO	L5343	c^ef/mast/o	首/柱/o	steveno
学術版	S2adj	CSV2890	L5490	c^ia	全a	integra
学術版	S2adj	CSV2890	L5506	c^io	全o	integro
学術版	S2adj	CSV2890	L5702	c^iu	全u	integru
学術版	S2adj	PEJVO	L5715	c^iu/j	全u/j	integruj
学術版	S2adj	PEJVO	L7428	domicil/o	住所/o	log^ejo
学術版	S2adj	PEJVO	L7431	dominant/o	治在/o	reganto
学術版	S2adj	PEJVO	L7765	du/kolor/a	二/色/a	dikroa
学術版	S2adj	PEJVO	L7820	du/obl/a	二/倍/a	diploida
学術版	S2adj	PEJVO	L8602	ekstrem/ism/o	极/主义/o	paroksismo
学術版	S2adj	PEJVO	L9427	endosmoz/o	内渗/o	enosmozo
学術版	S2adj	PEJVO	L9752	epilog/o	后话/o	postparolo
学術版	S2adj	PEJVO	L10365	falc^/il/o	收割/具/o	falc^atoro
学術版	S2adj	PEJVO	L11968	frak/ul/o	燕尾/者/o	hirundvostulo
学術版	S2adj	PEJVO	L13067	glit/s^ton/o	滑/石/o	talko
学術版	S2adj	PEJVO	L14430	hipotenuz/o	斜边/o	klinrando
学術版	S2adj	CSV2890	L15591	integr/a	全/a	c^ia
学術版	S2adj	PEJVO	L15841	interpunkci/o	标点/o	celpunkto
学術版	S2adj	PEJVO	L17158	kap/tuk/o	头/巾/o	turbano
学術版	S2adj	CSV2890	L18038	klimat/iz/i	气候/化/i	aklimatizi
学術版	S2adj	PEJVO	L18046	klin/angul/o	斜/角/o	skaleno
学術版	S2adj	PEJVO	L18071	klin/rand/o	斜/边/o	hipotenuzo
学術版	S2adj	PEJVO	L18355	kol/har/oj	颈/毛/oj	krinoj
学術版	S2adj	PEJVO	L18624	kompensator/o	补具/o	flikilo
学術版	S2adj	PEJVO	L18824	komut/ad/o	换/行/o	alineo
学術版	S2adj	PEJVO	L19073	du/obl/aj	二/倍/aj	diploidaj
学術版	S2adj	PEJVO	L19603	konvekt/o	对流/o	kontrau^fluo
学術版	S2adj	PEJVO	L21707	lavend/o	香草/o	spicherbo
学術版	S2adj	PEJVO	L21948	lev/il/o	举/具/o	levatoro
学術版	S2adj	PEJVO	L23370	reg/ant/o	治/在/o	dominanto
学術版	S2adj	PEJVO	L24261	manipulator/o	操具/o	operaciilo
学術版	S2adj	PEJVO	L25612	min/sal/o	矿/盐/o	borato
学術版	S2adj	PEJVO	L26370	mult/angul/a	多/角/a	poligona
学術版	S2adj	PEJVO	L26371	mult/angul/o	多/角/o	poligono
学術版	S2adj	PEJVO	L26408	mult/kolor/a	多/色/a	pleokroa
学術版	S2adj	PEJVO	L26409	mult/kolor/ec/o	多/色/性/o	pleokroeco
学術版	S2adj	PEJVO	L26418	mult/obl/a	多/倍/a	poliploida
学術版	S2adj	PEJVO	L26557	muzik/ist/o	乐/家/o	optimisto
学術版	S2adj	PEJVO	L27198	ne/long/a	不/长/a	nelga
学術版	S2adj	CSV2890	L27235	nenio	无o	seno
学術版	S2adj	CSV2890	L27239	neniu	无u	senu
学術版	S2adj	PEJVO	L27975	numerator/o	号具/o	numerilo
学術版	S2adj	PEJVO	L27978	numer/il/o	号/具/o	numeratoro
学術版	S2adj	PEJVO	L28257	ok/on/o	八/分/o	oktanto
学術版	S2adj	PEJVO	L28278	oktant/o	八分/o	okono
学術版	S2adj	PEJVO	L28493	operaci/il/o	操/具/o	manipulatoro
学術版	S2adj	PEJVO	L28555	optimist/o	乐家/o	muzikisto
学術版	S2adj	PEJVO	L28710	orientalist/o	东家/o	orientisto
学術版	S2adj	PEJVO	L28727	orient/ist/o	东/家/o	orientalisto
学術版	S2adj	PEJVO	L28979	paf/il/o	射/具/o	projekciatoro
学術版	S2adj	PEJVO	L29426	paroksism/o	极主义/o	ekstremismo
学術版	S2adj	PEJVO	L29687	pavez/o	船壁/o	s^ipmuro
学術版	S2adj	PEJVO	L31058	poligon/o	多角/o	multangulo
学術版	S2adj	PEJVO	L31371	steven/o	首柱/o	c^efmasto
学術版	S2adj	PEJVO	L31426	post/parol/o	后/话/o	epilogo
学術版	S2adj	PEJVO	L32285	prolog/o	前话/o	antau^parolo
学術版	S2adj	PEJVO	L32434	protozo/oj	原兽/oj	prabestoj
学術版	S2adj	PEJVO	L32741	punkci/i	穿刺/i	trapiki
学術版	S2adj	PEJVO	L32853	rabot/il/o	刨/具/o	rabotatoro
学術版	S2adj	PEJVO	L33187	reakci/ig/i	反应/使/i	maldevigi
学術版	S2adj	PEJVO	L34017	re/vid/i	再/见/i	adiau^i
学術版	S2adj	PEJVO	L34018	re/vid/o	再/见/o	adiau^o
学術版	S2adj	PEJVO	L35014	sam/ec/o	同/性/o	gejo
学術版	S2adj	PEJVO	L35809	sen/form/a	无/形/a	amorfa
学術版	S2adj	PEJVO	L35897	sen/kolor/a	无/色/a	akromata
学術版	S2adj	PEJVO	L36128	sen/sent/a	无/感/a	anesteza
学術版	S2adj	PEJVO	L36990	skrap/il/o	刮/具/o	skrapatoro
学術版	S2adj	PEJVO	L37043	skun/o	帆船/o	vels^ipo
学術版	S2adj	PEJVO	L37611	spic/herb/o	香/草/o	lavendo
学術版	S2adj	PEJVO	L37669	spirit/ism/o	灵/主义/o	spiritualismo
学術版	S2adj	PEJVO	L37670	spirit/ist/o	灵/家/o	spiritualisto
学術版	S2adj	PEJVO	L37673	spiritualism/o	灵主义/o	spiritismo
学術版	S2adj	PEJVO	L37674	spiritualist/o	灵家/o	spiritisto
学術版	S2adj	PEJVO	L38030	stomak/dolor/o	胃/痛/o	gastralgio
学術版	S2adj	PEJVO	L38497	sufer/ad/o	苦/行/o	asketo
学術版	S2adj	PEJVO	L39604	s^top/il/o	堵/具/o	obturatoro
学術版	S2adj	PEJVO	L39860	talk/o	滑石/o	glits^tono
学術版	S2adj	PEJVO	L39865	talp/o	地鼠/o	termuso
学術版	S2adj	PEJVO	L40309	teozof/i/o	神智/i/o	disag^io
学術版	S2adj	PEJVO	L40337	ter/centr/a	地/央/a	geocentra
学術版	S2adj	PEJVO	L40426	ter/mus/o	地/鼠/o	talpo
学術版	S2adj	PEJVO	L40992	trake/o	气管/o	aertubo
学術版	S2adj	PEJVO	L41210	tra/pik/i	穿/刺/i	punkcii
学術版	S2adj	PEJVO	L41325	tri/angul/a	三/角/a	trigonometria
学術版	S2adj	PEJVO	L41363	trigonometri/a	三角/a	triangula
学術版	S2adj	PEJVO	L41582	tropism/o	向主义/o	alismo
学術版	S2adj	PEJVO	L41794	turban/o	头巾/o	kaptuko
学術版	S2adj	PEJVO	L42123	unu/di/ism/o	一/神/主义/o	unitariismo
学術版	S2adj	PEJVO	L42127	unu/ec/a	一/性/a	monofizita
学術版	S2adj	PEJVO	L42129	unu/ec/o	一/性/o	monofizito
学術版	S2adj	PEJVO	L42885	vel/s^ip/o	帆/船/o	skuno
学術版	S2adj	PEJVO	L43283	vibr/il/o	振/具/o	vibratoro
学術版	S2adj	PIV	L44609	aklimatiz/i	气候化/i	klimatizi
学術版	S2adj	PIV	L44843	altern/il/o	替/具/o	alternatoro
学術版	S2adj	PIV	L44952	amplif/il/o	扩/具/o	amplifikatoro
学術版	S2adj	PIV	L45023	anestez/a	无感/a	sensenta
学術版	S2adj	PIV	L45726	bazidimicet/oj	担子菌/oj	bazidifungoj
学術版	S2adj	PIV	L45970	borat/o	矿盐/o	minsalo
学術版	S2adj	PIV	L46745	dikro/a	二色/a	dukolora
学術版	S2adj	PIV	L46756	dilat/il/o	膨/具/o	dilatatoro
学術版	S2adj	PIV	L46758	dilatator/o	膨具/o	dilatilo
学術版	S2adj	PIV	L46793	diploid/a	二倍/a	duobla
学術版	S2adj	PIV	L47180	embrifit/oj	胚植/oj	embriplantoj
学術版	S2adj	PIV	L47580	falc^ator/o	收割具/o	falc^ilo
学術版	S2adj	PIV	L47865	flik/il/o	补/具/o	kompensatoro
学術版	S2adj	PIV	L48241	gastralgi/o	胃痛/o	stomakdoloro
学術版	S2adj	PIV	L48263	gej/o	同性/o	sameco
学術版	S2adj	PIV	L48286	geocentr/a	地央/a	tercentra
学術版	S2adj	PIV	L49134	homofon/o	同声/o	samsono
学術版	S2adj	PIV	L49486	integr/o	全/o	c^io
学術版	S2adj	PIV	L49597	izometri/a	等测/a	egalmezura
学術版	S2adj	PIV	L50051	karburator/o	碳具/o	karbonilo
学術版	S2adj	PIV	L51041	kserofit/o	干植/o	sekplanto
学術版	S2adj	PIV	L51259	lamprid/o	月鱼/o	lunfis^o
学術版	S2adj	PIV	L51407	levator/o	举具/o	levilo
学術版	S2adj	PIV	L52180	monofizit/o	一性/o	unueco
学術版	S2adj	PIV	L52181	monofizit/a	一性/a	unueca
学術版	S2adj	PIV	L52396	nelg/a	不长/a	nelonga
学術版	S2adj	PIV	L52619	obturator/o	堵具/o	s^topilo
学術版	S2adj	PIV	L53569	pleokro/a	多色/a	multkolora
学術版	S2adj	PIV	L53570	pleokro/ec/o	多色/性/o	multkoloreco
学術版	S2adj	PIV	L53652	poligon/a	多角/a	multangula
学術版	S2adj	PIV	L53667	poliploid/a	多倍/a	multobla
学術版	S2adj	PIV	L53861	projekciator/o	射具/o	pafilo
学術版	S2adj	PIV	L53963	protozo/o	原兽/o	prabesto
学術版	S2adj	PIV	L54124	rabotator/o	刨具/o	rabotilo
学術版	S2adj	PIV	L54829	sen/o	无/o	nenio
学術版	S2adj	PIV	L55084	skalen/o	斜角/o	klinangulo
学術版	S2adj	PIV	L55140	skrapator/o	刮具/o	skrapilo
学術版	S2adj	PIV	L55431	sterilizator/o	不育化具/o	sterilizilo
学術版	S2adj	PIV	L55432	steril/iz/il/o	不育/化/具/o	sterilizatoro
学術版	S2adj	PIV	L56609	unitari/ism/o	一神/主义/o	unudiismo
学術版	S2adj	PIV	L56865	vibrator/o	振具/o	vibrilo
学術版	S2adj	PIV	L57766	pra/best/o	原/兽/o	protozoo
学術版	S2adj	PIV	L58028	mal/dev/ig/i	反/应/使/i	reakciigi
学術版	S2adj	PIV	L58435	lun/fis^/o	月/鱼/o	lamprido
学術版	S2adj	PIV	L58509	kontrau^/flu/o	对/流/o	konvekto
学術版	S2adj	PIV	L58691	bazidi/fung/oj	担子/菌/oj	bazidimicetoj
学術版	S2adj	PIV	L58965	antau^/histori/o	前/史/o	prehistorio
学術版	S2adj	PIV	L58966	prehistori/o	前史/o	antau^historio
学術版	S2adj	PIV	L59869	egal/mezur/a	等/测/a	izometria
学術版	S2adj	PIV	L59982	s^ip/mur/o	船/壁/o	pavezo
学術版	S2adj	PIV	L60156	en/osmoz/o	内/渗/o	endosmozo
学術版	S2adj	PIV	L60396	embri/plant/oj	胚/植/oj	embrifitoj
学術版	S2adj	PIV	L60406	sek/plant/o	干/植/o	kserofito
学術版	S2adj	PIV	L60601	cel/punkt/o	标/点/o	interpunkcio
学術版	S2adj	PIV	L61469	pra/teri/oj	原/兽ᵀ/oj	tripanosomoj
学術版	S2adj	PIV	L61783	hirund/vost/ul/o	燕/尾/者/o	frakulo
学術版	S2syn	PEJVO	L420	aerolit/o	气石/o	aers^tono
学術版	S2syn	PEJVO	L442	aer/s^ton/o	气/石/o	aerolito
学術版	S2syn	PEJVO	L1037	alburn/o	白鱼/o	blankfis^o
学術版	S2syn	PEJVO	L1778	anhidr/a	无水/a	senakva
学術版	S2syn	PEJVO	L1833	anonim/a	无名/a	sennoma
学術版	S2syn	PEJVO	L1942	antau^/molar/o	前/臼/o	premolaro
学術版	S2syn	PEJVO	L2605	asteri/o	海星/o	marstelo
学術版	S2syn	PEJVO	L2652	ateism/o	无神主义/o	sendiismo
学術版	S2syn	PEJVO	L2654	ateist/o	无神家/o	sendiisto
学術版	S2syn	PEJVO	L2740	atoni/o	无张/o	sentonio
学術版	S2syn	PEJVO	L2831	au^tobiografi/o	自生志/o	membiografio
学術版	S2syn	PEJVO	L2869	au^tonom/ec/o	自治/性/o	memregeco
学術版	S2syn	PEJVO	L3590	best/kurac/a	兽/医/a	veterinara
学術版	S2syn	PEJVO	L4500	perimetr/o	围测/o	c^irkau^mezuro
学術版	S2syn	PEJVO	L4508	brust/ost/o	胸/骨/o	sternumo
学術版	S2syn	PEJVO	L4620	bum/o	帆杆/o	velstango
学術版	S2syn	PEJVO	L5406	c^el/plasm/o	胞/浆/o	citoplasmo
学術版	S2syn	PEJVO	L5479	c^eval/kas^tan/o	马/栗/o	hipokas^tano
学術版	S2syn	PEJVO	L5638	c^irkau^/fraz/o	围/句/o	perifrazo
学術版	S2syn	PEJVO	L5652	c^irkau^/mezur/o	围/测/o	perimetro
学術版	S2syn	PEJVO	L6817	di/ism/o	神/主义/o	teismo
学術版	S2syn	PEJVO	L6818	di/ist/o	神/家/o	teisto
学術版	S2syn	PEJVO	L7781	korol/o	花冠/o	florkrono
学術版	S2syn	PEJVO	L8130	egal/potencial/a	等/势/a	ekvipotenciala
学術版	S2syn	PEJVO	L8380	ekskori/i	擦伤/i	frotvundi
学術版	S2syn	PEJVO	L8737	ekzistencialism/o	存主义/o	ekzistismo
学術版	S2syn	PEJVO	L11042	filologi/ist/o	爱学/家/o	filologo
学術版	S2syn	PEJVO	L11044	filolog/o	爱学家/o	filologiisto
学術版	S2syn	PEJVO	L11373	flor/kron/o	花/冠/o	korolo
学術版	S2syn	CSV2890	L11584	fontan/o	喷泉/o	s^prucfonto
学術版	S2syn	PEJVO	L12137	frit/kuk/o	炸/糕/o	benjeto
学術版	S2syn	PEJVO	L12201	frot/vund/i	擦/伤/i	ekskorii
学術版	S2syn	PEJVO	L13427	gres/o	牧草/o	pas^therbo
学術版	S2syn	PEJVO	L14197	hepat/herb/o	肝/草/o	hepatiko
学術版	S2syn	PEJVO	L14198	hepatik/o	肝草/o	hepatherbo
学術版	S2syn	PEJVO	L14199	hepatik/oj	肝草/oj	hepatherboj
学術版	S2syn	PEJVO	L14412	hipokas^tan/o	马栗/o	c^evalkas^tano
学術版	S2syn	PEJVO	L15016	imperialism/o	帝主义/o	imperiismo
学術版	S2syn	PEJVO	L15017	imperialist/o	帝家/o	imperiisto
学術版	S2syn	PEJVO	L15026	imperi/ism/o	帝/主义/o	imperialismo
学術版	S2syn	PEJVO	L15027	imperi/ist/o	帝/家/o	imperialisto
学術版	S2syn	PEJVO	L15220	individualism/o	个主义/o	individuismo
学術版	S2syn	PEJVO	L15221	individualist/o	个家/o	individuisto
学術版	S2syn	PEJVO	L15226	individu/ism/o	个/主义/o	individualismo
学術版	S2syn	PEJVO	L15227	individu/ist/o	个/家/o	individualisto
学術版	S2syn	PEJVO	L15478	inocent/a	无罪/a	senkulpa
学術版	S2syn	PEJVO	L17060	kap/hau^t/o	头/皮/o	skalpo
学術版	S2syn	PEJVO	L18825	komutator/o	换具/o	komutilo
学術版	S2syn	PEJVO	L18830	komut/il/o	换/具/o	komutatoro
学術版	S2syn	PEJVO	L19051	tri/angul/oj	三/角/oj	trigonometrioj
学術版	S2syn	PEJVO	L21132	kvin/angul/o	五/角/o	pentagono
学術版	S2syn	PEJVO	L24389	mar/hirund/o	海/燕/o	procelario
学術版	S2syn	PEJVO	L24482	mar/stel/o	海/星/o	asterio
学術版	S2syn	PEJVO	L24824	mekanik/ist/o	械/家/o	meh^anisto
学術版	S2syn	PEJVO	L24877	mem/biografi/o	自/生志/o	au^tobiografio
学術版	S2syn	PEJVO	L24975	mem/reg/ec/o	自/治/性/o	au^tonomeco
学術版	S2syn	PEJVO	L25505	mil/jar/o	千/年/o	milenio
学術版	S2syn	PEJVO	L26470	mur/paper/o	壁/纸/o	tapeto
学術版	S2syn	PEJVO	L26848	naz/katar/o	鼻/炎/o	rinito
学術版	S2syn	PEJVO	L27199	ne/long/e	不/长/e	nelge
学術版	S2syn	PEJVO	L27578	nimbus/o	雨云/o	pluvnubo
学術版	S2syn	PEJVO	L27889	nov/stel/o	新/星/o	novao
学術版	S2syn	PEJVO	L28634	orel/dolor/o	耳/痛/o	otalgio
学術版	S2syn	PEJVO	L28714	tuj/o	侧柏/o	tujano
学術版	S2syn	CSV2890	L28804	ort/a	直角/a	rektangula
学術版	S2syn	PEJVO	L28805	ort/aj	直角/aj	rektangulaj
学術版	S2syn	CSV2890	L28809	tri/angul/o	三/角/o	trigonometrio
学術版	S2syn	CSV2890	L28813	ort/o	直角/o	rektangulo
学術版	S2syn	PEJVO	L28936	pacifism/o	和主义/o	pacismo
学術版	S2syn	PEJVO	L28937	pacifist/o	和家/o	pacisto
学術版	S2syn	PEJVO	L28944	pac/ism/o	和/主义/o	pacifismo
学術版	S2syn	PEJVO	L28945	pac/ist/o	和/家/o	pacifisto
学術版	S2syn	PEJVO	L29599	pas^t/herb/o	牧/草/o	greso
学術版	S2syn	PEJVO	L29863	pentagon/o	五角/o	kvinangulo
学術版	S2syn	PEJVO	L30931	pluv/nub/o	雨/云/o	nimbuso
学術版	S2syn	PEJVO	L31391	post/gvardi/o	后/卫/o	ariero
学術版	S2syn	PEJVO	L31539	pou^p/o	船尾/o	s^ipvosto
学術版	S2syn	PEJVO	L31649	pra/tip/o	原/型/o	prototipo
学術版	S2syn	PEJVO	L31754	premolar/o	前臼/o	antau^molaro
学術版	S2syn	PEJVO	L32433	prototip/o	原型/o	pratipo
学術版	S2syn	PEJVO	L33448	regulator/o	规具/o	regulilo
学術版	S2syn	PEJVO	L33458	regul/il/o	规/具/o	regulatoro
学術版	S2syn	PEJVO	L33574	rekt/angul/a	直/角/a	orta
学術版	S2syn	CSV2890	L33575	rekt/angul/o	直/角/o	orto
学術版	S2syn	PEJVO	L35067	sam/temp/a	同/时/a	simultana
学術版	S2syn	PEJVO	L35069	sam/temp/ec/o	同/时/性/o	simultaneco
学術版	S2syn	PEJVO	L35729	sen/di/ism/o	无/神/主义/o	ateismo
学術版	S2syn	PEJVO	L35730	sen/di/ist/o	无/神/家/o	ateisto
学術版	S2syn	PEJVO	L35938	sen/kulp/a	无/罪/a	inocenta
学術版	S2syn	PEJVO	L36002	sen/nom/a	无/名/a	anonima
学術版	S2syn	PEJVO	L36384	ses/angul/o	六/角/o	heksagono
学術版	S2syn	PEJVO	L36658	simultan/ec/o	同时/性/o	samtempeco
学術版	S2syn	PEJVO	L36846	skalp/o	头皮/o	kaphau^to
学術版	S2syn	PEJVO	L36976	skorpi/fis^/o	蝎/鱼/o	skorpeno
学術版	S2syn	PEJVO	L37144	sociologi/ist/o	社学/家/o	sociologo
学術版	S2syn	PEJVO	L37146	sociolog/o	社学家/o	sociologiisto
学術版	S2syn	PEJVO	L37956	sternum/o	胸骨/o	brustosto
学術版	S2syn	PEJVO	L39296	s^ip/vost/o	船/尾/o	pou^po
学術版	S2syn	PEJVO	L39449	s^pruc/font/o	喷/泉/o	fontano
学術版	S2syn	CSV2890	L39926	tapet/o	壁纸/o	murpapero
学術版	S2syn	PEJVO	L40044	teism/o	神主义/o	diismo
学術版	S2syn	PEJVO	L40045	teist/o	神家/o	diisto
学術版	S2syn	PEJVO	L40296	teologi/ist/o	神学/家/o	teologo
学術版	S2syn	PEJVO	L40298	teolog/o	神学家/o	teologiisto
学術版	S2syn	PEJVO	L41093	transformator/o	越形具/o	transformilo
学術版	S2syn	PEJVO	L41095	trans/form/il/o	越/形/具/o	transformatoro
学術版	S2syn	PEJVO	L41296	tren/ret/o	拖/网/o	trolo
学術版	S2syn	PEJVO	L41364	trigonometri/o	三角/o	triangulo
学術版	S2syn	PEJVO	L41446	trip/kolbas/o	肚/肠/o	andujo
学術版	S2syn	PEJVO	L41532	trol/o	拖网/o	trenreto
学術版	S2syn	PEJVO	L42883	vel/stang/o	帆/杆/o	bumo
学術版	S2syn	PEJVO	L43046	verd/alg/oj	绿/藻/oj	kloroficoj
学術版	S2syn	PEJVO	L43216	veterinar/a	兽医/a	bestkuraca
学術版	S2syn	PIV	L45013	anduj/o	肚肠/o	tripkolbaso
学術版	S2syn	PIV	L45266	arier/o	后卫/o	postgvardio
学術版	S2syn	PIV	L45507	au^tokataliz/o	自催/o	memkatalizo
学術版	S2syn	PIV	L45768	benjet/o	炸糕/o	fritkuko
学術版	S2syn	PIV	L46385	citoplasm/o	胞浆/o	c^elplasmo
学術版	S2syn	PIV	L46742	dikotiledon/oj	二子叶/oj	dukotiledonoj
学術版	S2syn	PIV	L46764	dimorf/a	二形/a	duforma
学術版	S2syn	PIV	L46765	dimorf/ec/o	二形/性/o	duformeco
学術版	S2syn	PIV	L46766	dimorf/ism/o	二形/主义/o	duformismo
学術版	S2syn	PIV	L47093	ekvipotencial/a	等势/a	egalpotenciala
学術版	S2syn	PIV	L47103	ekzist/ism/o	存/主义/o	ekzistencialismo
学術版	S2syn	PIV	L48797	heksagon/o	六角/o	sesangulo
学術版	S2syn	PIV	L48798	heksagon/a	六角/a	sesangula
学術版	S2syn	PIV	L50428	klorofic/oj	绿藻/oj	verdalgoj
学術版	S2syn	PIV	L51853	meh^anist/o	械家/o	mekanikisto
学術版	S2syn	PIV	L52067	mileni/o	千年/o	miljaro
学術版	S2syn	PIV	L52395	nelg/e	不长/e	nelonge
学術版	S2syn	PIV	L52555	nova/o	新星/o	novstelo
学術版	S2syn	PIV	L52837	ornitopod/o	鸟足/o	birdpiedo
学術版	S2syn	PIV	L52888	otalgi/o	耳痛/o	oreldoloro
学術版	S2syn	PIV	L53276	perifraz/o	围句/o	c^irkau^frazo
学術版	S2syn	PIV	L53833	procelari/o	海燕/o	marhirundo
学術版	S2syn	PIV	L54426	rinit/o	鼻炎/o	nazkataro
学術版	S2syn	PIV	L55021	simultan/a	同时/a	samtempa
学術版	S2syn	PIV	L55133	skorpen/o	蝎鱼/o	skorpifis^o
学術版	S2syn	PIV	L56532	tujan/o	侧柏/o	tujo
学術版	S2syn	PIV	L57442	sen/akv/a	无/水/a	anhidra
学術版	S2syn	PIV	L57527	ses/angul/a	六/角/a	heksagona
学術版	S2syn	PIV	L58429	blank/fis^/o	白/鱼/o	alburno
学術版	S2syn	PIV	L58570	du/form/a	二/形/a	dimorfa
学術版	S2syn	PIV	L58571	du/form/ec/o	二/形/性/o	dimorfeco
学術版	S2syn	PIV	L58572	du/form/ism/o	二/形/主义/o	dimorfismo
学術版	S2syn	PIV	L59229	mem/kataliz/o	自/催/o	au^tokatalizo
学術版	S2syn	PIV	L59452	du/kotiledon/oj	二/子叶/oj	dikotiledonoj
学術版	S2syn	PIV	L60161	fis^/ov/oj	鱼/卵/oj	frajoj
学術版	S2syn	PIV	L60345	bird/pied/o	鸟/足/o	ornitopodo
学術版	S2syn	PIV	L61121	mar/stel/oj	海/星/oj	asterioj
学術版	S2syn	PIV	L61525	sen/toni/o	无/张/o	atonio
学術版	S1迂回	CSV2890	L2450	herb/o	草/o	poo
学術版	S1迂回	CSV2890	L3697	si	己	heks
学術版	S1迂回	PEJVO	L6559	si/n	己/n	heksn
学術版	S1迂回	CSV2890	L7361	valut/o	币/o	duro
学術版	S1迂回	PEJVO	L7938	dur/o	币/o	valuto
学術版	S1迂回	PEJVO	L10543	si/an	己/an	heksan
学術版	S1迂回	PEJVO	L17873	kiras/i	甲/i	meti
学術版	S1迂回	PEJVO	L17874	kiras/o	甲/o	meto
学術版	S1迂回	PEJVO	L18737	kompren/o	解/o	lizino
学術版	S1迂回	CSV2890	L25283	mez/o	中/o	mesoo
学術版	S1迂回	PEJVO	L36440	si/a	己/a	heksa
学術版	S1迂回	PEJVO	L42542	valut/a	币/a	dura
学術版	S1迂回	PIV	L48794	heks	己	si
学術版	S1迂回	PIV	L48875	herb/et/o	草/小/o	poeto
学術版	S1迂回	PIV	L50309	kiras/a	甲/a	meta
学術版	S1迂回	PIV	L51937	meso/o	中/o	mezo
学術版	S1迂回	PIV	L62175	po/o	草/o	herbo
