字	延べ出現	語根数	主な層	画数	中国語コーパス頻度
义	658	64	文法層	3	32
倾	456	6	文法層	10	14
员	441	10	文法層	7	23
鱼	288	132	PEJVO	8	10
鸟	280	163	PIV	5	17
电	242	37	CSV2890	5	54
间	234	7	文法層	7	30
过	225	8	文法層	6	34
语	212	8	CSV2890	9	65
记	210	57	PEJVO	5	29
书	205	6	CSV2890	4	35
长	205	16	文法層	4	36
对	204	8	文法層	5	47
车	202	24	CSV2890	4	37
动	196	17	CSV2890	6	138
值	193	4	文法層	10	23
盐	190	65	文法層	10	5
风	182	33	CSV2890	4	29
树	181	15	CSV2890	9	16
兽	175	91	CSV2890	11	5
劳	172	1	CSV2890	7	7
时	171	21	CSV2890	7	50
满	169	2	CSV2890	13	8
压	166	23	CSV2890	6	10
头	163	33	CSV2890	5	42
带	163	18	CSV2890	9	42
强	163	5	CSV2890	12	25
测	157	50	PEJVO	9	11
热	155	42	CSV2890	10	26
战	151	9	CSV2890	9	10
计	151	98	CSV2890	4	64
镜	141	71	PEJVO	16	6
线	140	10	CSV2890	8	40
变	139	20	CSV2890	8	19
齿	137	24	CSV2890	8	5
团	132	15	CSV2890	6	22
远	119	18	文法層	7	10
转	118	10	CSV2890	8	258
结	117	23	CSV2890	9	36
环	113	17	CSV2890	8	18
经	111	27	CSV2890	8	31
给	110	1	CSV2890	9	17
节	107	32	CSV2890	5	33
导	105	8	CSV2890	6	14
纸	105	8	CSV2890	7	17
顶	105	14	CSV2890	8	11
爱	103	14	CSV2890	10	17
词	103	11	CSV2890	7	64
种	102	9	CSV2890	9	31
务	101	4	CSV2890	5	16
标	101	8	CSV2890	9	23
话	100	12	CSV2890	8	19
红	99	21	CSV2890	6	8
艺	99	5	CSV2890	4	12
围	97	16	文法層	7	9
圆	97	11	CSV2890	10	12
复	93	16	CSV2890	9	23
检	93	9	CSV2890	11	11
盘	92	12	CSV2890	11	15
见	92	3	CSV2890	4	13
侧	91	4	CSV2890	8	5
养	91	11	CSV2890	9	22
矿	91	21	CSV2890	8	6
链	91	14	CSV2890	12	4
马	91	19	CSV2890	3	21
处	90	7	CSV2890	5	37
乐	89	15	CSV2890	5	45
产	86	9	CSV2890	6	17
铁	86	12	CSV2890	10	12
办	85	5	CSV2890	4	10
弹	85	10	CSV2890	11	10
现	84	9	CSV2890	8	33
权	83	6	CSV2890	6	14
钱	81	3	CSV2890	10	6
误	80	1	文法層	9	5
丝	79	10	CSV2890	5	10
黑	79	9	CSV2890	12	7
质	78	16	CSV2890	8	38
轮	78	6	CSV2890	8	11
调	76	11	CSV2890	10	30
钟	74	5	CSV2890	9	6
图	73	21	CSV2890	8	17
议	73	9	CSV2890	5	29
护	72	9	CSV2890	7	23
步	72	4	CSV2890	7	13
浆	72	13	CSV2890	10	2
飞	72	2	CSV2890	3	12
证	71	11	CSV2890	7	19
说	71	4	CSV2890	9	31
细	70	7	CSV2890	8	17
伪	68	11	文法層	6	4
应	68	3	CSV2890	7	18
肠	67	29	PEJVO	7	2
续	66	4	CSV2890	11	12
传	65	7	CSV2890	6	28
规	65	8	CSV2890	8	20
剧	64	11	CSV2890	10	26
单	64	32	文法層	8	40
龙	64	41	PEJVO	5	3
报	63	10	CSV2890	7	35
脑	63	17	CSV2890	10	3
认	63	4	CSV2890	4	15
论	63	8	CSV2890	6	29
卖	62	2	CSV2890	8	8
别	61	1	CSV2890	7	25
职	60	4	CSV2890	11	25
级	59	5	CSV2890	6	18
终	59	4	CSV2890	8	1
伤	58	6	CSV2890	6	12
绿	58	6	CSV2890	11	2
边	58	9	CSV2890	5	12
邮	58	3	CSV2890	7	10
闭	58	2	CSV2890	6	5
摇	57	6	CSV2890	13	10
组	57	3	文法層	8	18
编	57	8	CSV2890	12	20
门	57	11	CSV2890	3	13
伞	55	38	PIV	6	2
坚	55	7	CSV2890	7	11
层	55	11	CSV2890	7	12
疗	55	34	PEJVO	7	5
觉	55	6	CSV2890	9	20
评	55	4	CSV2890	7	15
软	55	11	CSV2890	8	8
备	54	4	CSV2890	8	18
蓝	54	6	CSV2890	13	2
补	54	9	CSV2890	7	23
举	53	3	CSV2890	9	15
货	53	4	PEJVO	8	17
轨	53	4	CSV2890	6	4
闪	53	10	CSV2890	5	5
诱	52	3	PEJVO	9	5
鸡	52	14	CSV2890	7	3
击	51	8	PEJVO	5	10
猎	51	3	CSV2890	11	2
银	51	4	CSV2890	11	5
织	50	7	CSV2890	8	18
题	50	7	CSV2890	15	23
总	49	5	CSV2890	9	15
荡	49	8	CSV2890	9	2
赞	49	5	CSV2890	16	14
选	49	5	CSV2890	9	10
纯	48	1	CSV2890	7	5
废	47	7	CSV2890	8	4
态	47	10	CSV2890	8	30
读	47	2	CSV2890	10	9
资	47	4	CSV2890	10	14
辩	47	12	PEJVO	16	9
验	47	7	CSV2890	10	8
鹰	47	14	PEJVO	18	3
专	45	5	CSV2890	4	14
亲	45	4	CSV2890	9	22
发	45	13	PEJVO	5	80
录	45	4	CSV2890	8	13
订	45	2	CSV2890	4	14
许	45	5	CSV2890	6	11
问	45	3	CSV2890	6	18
创	44	6	CSV2890	6	11
喷	44	7	CSV2890	12	10
实	44	6	CSV2890	8	47
岁	44	2	CSV2890	6	0
竞	44	3	CSV2890	10	4
药	44	14	PEJVO	9	19
视	44	9	CSV2890	8	13
贝	44	26	PIV	4	3
钩	44	5	CSV2890	9	4
块	43	5	CSV2890	7	12
骗	43	7	CSV2890	12	3
军	42	11	CSV2890	6	28
开	42	6	CSV2890	4	44
济	42	3	CSV2890	9	5
绳	42	1	CSV2890	11	4
试	42	1	CSV2890	8	7
饮	42	2	CSV2890	7	9
严	41	7	CSV2890	7	15
亚	41	17	文法層	6	7
污	41	2	PEJVO	6	5
钻	41	6	CSV2890	10	3
饰	41	8	CSV2890	8	11
关	40	5	CSV2890	6	31
载	40	3	CSV2890	10	5
庆	39	5	CSV2890	6	5
约	39	6	CSV2890	6	18
连	39	5	PEJVO	7	19
饱	39	2	CSV2890	8	1
鸣	39	12	CSV2890	8	8
壶	38	4	CSV2890	10	5
扰	38	4	CSV2890	7	1
杂	38	4	CSV2890	6	9
偷	37	4	CSV2890	11	1
样	37	8	文法層	10	26
缝	37	4	CSV2890	13	6
译	37	3	CSV2890	7	3
业	36	1	CSV2890	5	24
库	36	7	CSV2890	7	9
损	36	4	CSV2890	10	7
紧	36	1	CSV2890	10	9
谐	36	6	PEJVO	11	5
进	36	5	CSV2890	7	26
队	36	11	CSV2890	4	15
颈	36	5	CSV2890	11	4
东	35	6	CSV2890	5	9
妆	35	4	CSV2890	6	3
桥	35	3	CSV2890	10	7
欢	35	5	CSV2890	6	10
针	35	4	CSV2890	7	13
铜	35	6	CSV2890	11	3
锅	35	8	CSV2890	12	6
驱	35	3	CSV2890	7	6
宽	34	3	CSV2890	10	13
码	34	4	CSV2890	8	10
荣	34	2	CSV2890	9	8
获	34	3	CSV2890	10	7
诉	34	6	CSV2890	7	9
锁	34	3	CSV2890	12	7
锐	34	5	CSV2890	12	2
储	33	2	CSV2890	12	7
德	33	3	CSV2890	15	9
拧	33	3	CSV2890	8	2
联	33	6	CSV2890	12	20
诗	33	9	CSV2890	8	18
错	33	1	CSV2890	13	8
尘	32	3	CSV2890	6	3
氯	32	9	PEJVO	12	0
简	32	3	CSV2890	13	8
肿	32	7	CSV2890	8	2
胜	32	1	CSV2890	9	6
观	32	4	CSV2890	6	16
兰	31	21	PEJVO	5	4
涡	31	3	PEJVO	10	0
疮	31	11	PEJVO	9	0
缩	31	9	PEJVO	14	7
罚	31	2	CSV2890	9	2
虾	31	25	PIV	9	2
阶	31	3	CSV2890	6	15
领	31	6	CSV2890	11	26
为	30	1	文法層	4	36
让	30	3	CSV2890	5	5
课	30	2	CSV2890	10	9
谢	30	2	CSV2890	12	5
颜	30	3	CSV2890	15	2
厢	29	2	CSV2890	11	1
晚	29	2	CSV2890	11	3
皱	29	6	PEJVO	10	7
纹	29	8	PEJVO	7	5
财	29	3	CSV2890	7	5
贵	29	4	PEJVO	9	6
阴	29	14	PEJVO	6	8
饼	29	9	PEJVO	9	3
兑	28	1	CSV2890	7	0
剑	28	4	CSV2890	9	1
夹	28	7	CSV2890	6	5
抢	28	1	CSV2890	7	2
汇	28	9	PEJVO	5	7
绘	28	2	CSV2890	9	2
继	28	1	CSV2890	10	4
设	28	3	CSV2890	6	23
账	28	2	CSV2890	8	8
轴	28	5	CSV2890	9	3
习	27	2	CSV2890	3	13
烧	27	3	CSV2890	10	7
裤	27	4	CSV2890	12	4
访	27	3	CSV2890	6	4
钉	27	5	CSV2890	7	5
锤	27	5	CSV2890	13	3
锥	27	5	PEJVO	13	0
驾	27	3	PEJVO	8	6
鸦	27	8	CSV2890	9	3
审	26	7	PEJVO	8	7
宫	26	5	PEJVO	9	3
涉	26	6	CSV2890	10	6
纤	26	9	PEJVO	6	2
肾	26	9	PIV	8	1
蚀	26	6	PEJVO	9	4
预	26	6	PEJVO	10	19
颤	26	3	CSV2890	19	2
骑	26	2	CSV2890	11	3
买	25	1	CSV2890	6	6
岛	25	5	CSV2890	7	1
巢	25	5	CSV2890	11	2
贪	25	2	CSV2890	8	6
还	25	2	文法層	7	8
酱	25	3	CSV2890	13	3
铅	25	5	CSV2890	10	2
鸽	25	5	CSV2890	11	1
寻	24	2	CSV2890	6	2
师	24	4	CSV2890	6	9
扬	24	3	PEJVO	6	6
每	24	1	文法層	7	3
浇	24	1	CSV2890	9	1
缆	24	4	PEJVO	12	0
诚	24	2	CSV2890	8	7
费	24	3	CSV2890	9	10
雾	24	2	CSV2890	13	3
频	24	2	PEJVO	13	2
鹅	24	6	CSV2890	12	3
卫	23	5	CSV2890	3	11
厌	23	5	CSV2890	6	7
吞	23	8	CSV2890	7	4
场	23	7	CSV2890	6	31
扫	23	5	CSV2890	6	4
显	23	3	CSV2890	9	6
杀	23	14	PEJVO	6	4
栅	23	2	CSV2890	9	2
篮	23	1	CSV2890	16	1
粪	23	3	PEJVO	12	1
胀	23	4	PEJVO	8	3
脓	23	9	PIV	10	1
鲸	23	7	CSV2890	16	1
势	22	5	PEJVO	8	12
换	22	4	PEJVO	10	5
皂	22	2	CSV2890	7	1
砖	22	3	CSV2890	9	5
讲	22	7	PEJVO	6	13
哑	21	4	CSV2890	9	3
泻	21	5	PEJVO	8	1
类	21	5	CSV2890	9	51
统	21	4	CSV2890	9	17
蝇	21	3	CSV2890	14	2
谦	21	2	CSV2890	12	4
锯	21	1	CSV2890	13	2
驼	21	7	CSV2890	8	2
农	20	6	PEJVO	6	1
厅	20	4	CSV2890	4	3
啪	20	2	PEJVO	11	0
枪	20	6	PEJVO	8	2
纺	20	2	CSV2890	7	3
绒	20	6	PEJVO	9	4
缓	20	5	PEJVO	12	2
萝	20	6	PEJVO	11	3
谋	20	5	PEJVO	11	1
须	20	5	文法層	9	2
颊	20	1	CSV2890	12	1
丛	19	3	CSV2890	5	2
丧	19	2	CSV2890	8	5
垫	19	2	CSV2890	9	5
恶	19	5	PEJVO	10	13
桩	19	2	CSV2890	10	3
樱	19	4	CSV2890	15	1
汤	19	2	CSV2890	6	2
狮	19	4	CSV2890	9	1
瘫	19	5	PEJVO	15	0
馏	19	2	PEJVO	13	2
协	18	4	PEJVO	6	10
挥	18	3	CSV2890	9	5
泵	18	1	CSV2890	9	3
签	18	4	CSV2890	13	2
纪	18	1	CSV2890	6	8
诊	18	3	CSV2890	7	5
诺	18	1	CSV2890	10	2
贩	18	3	CSV2890	8	0
跷	18	2	PEJVO	13	0
较	18	2	CSV2890	10	8
键	18	2	CSV2890	13	3
洁	17	1	PEJVO	9	4
稳	17	3	CSV2890	14	4
莲	17	6	CSV2890	10	1
训	17	2	CSV2890	5	6
谱	17	9	PEJVO	14	1
贴	17	3	CSV2890	9	6
赌	17	1	CSV2890	12	3
钢	17	1	CSV2890	9	3
锈	17	2	CSV2890	12	2
鸭	17	4	CSV2890	10	4
鹦	17	6	CSV2890	16	1
偿	16	4	PEJVO	11	6
垄	16	2	CSV2890	8	2
宪	16	2	CSV2890	9	2
惯	16	2	PEJVO	11	7
揭	16	2	CSV2890	12	3
查	16	4	CSV2890	9	15
滤	16	1	CSV2890	13	3
缠	16	3	CSV2890	13	3
罢	16	1	CSV2890	10	2
询	16	2	CSV2890	8	3
责	16	3	CSV2890	8	14
铸	16	3	PEJVO	12	2
铺	16	2	CSV2890	12	3
阀	16	1	PEJVO	9	0
项	16	3	CSV2890	9	10
颅	16	5	CSV2890	11	1
额	16	3	PEJVO	15	7
鲜	16	1	CSV2890	14	1
乌	15	2	PEJVO	4	3
币	15	1	CSV2890	4	6
戏	15	5	PEJVO	6	14
执	15	5	PEJVO	6	8
沥	15	3	PEJVO	7	1
渗	15	6	PEJVO	11	1
渴	15	4	CSV2890	12	4
灭	15	2	CSV2890	5	7
焊	15	2	PEJVO	11	0
笼	15	2	CSV2890	11	3
纱	15	3	CSV2890	7	2
绝	15	1	CSV2890	9	8
舱	15	4	CSV2890	10	3
虑	15	2	CSV2890	10	5
锚	15	1	PEJVO	13	2
页	15	1	CSV2890	6	3
骄	15	1	CSV2890	9	1
鹤	15	3	CSV2890	15	1
卤	14	6	PEJVO	7	0
岗	14	2	CSV2890	7	1
晕	14	6	PEJVO	10	0
枣	14	4	PEJVO	8	2
监	14	3	PEJVO	10	4
积	14	5	PEJVO	10	8
竖	14	2	CSV2890	9	3
苇	14	2	PEJVO	7	0
轰	14	4	PEJVO	8	2
销	14	2	PEJVO	12	3
鳞	14	2	PEJVO	20	1
龟	14	5	CSV2890	7	2
优	13	4	PEJVO	6	9
够	13	1	CSV2890	11	3
毁	13	1	CSV2890	13	4
烫	13	2	CSV2890	10	2
狱	13	4	CSV2890	9	3
癣	13	6	PEJVO	19	0
缘	13	3	PEJVO	12	6
营	13	5	PEJVO	11	5
诈	13	2	PEJVO	7	1
遗	13	4	PEJVO	12	9
钠	13	2	PEJVO	9	0
险	13	1	CSV2890	9	10
顽	13	2	CSV2890	10	4
馆	13	3	CSV2890	11	8
仓	12	3	PEJVO	4	1
奖	12	2	CSV2890	9	6
抚	12	1	CSV2890	7	9
摄	12	4	PEJVO	13	11
槛	12	2	CSV2890	14	2
烦	12	2	CSV2890	10	8
矾	12	2	PEJVO	8	0
纳	12	1	CSV2890	7	5
绣	12	1	PEJVO	10	0
聋	12	1	CSV2890	11	1
荧	12	2	PEJVO	10	0
蚁	12	2	CSV2890	9	1
谜	12	3	CSV2890	11	2
铃	12	5	PEJVO	10	3
铲	12	3	CSV2890	11	3
锻	12	1	CSV2890	14	6
阁	12	3	CSV2890	9	4
鳄	12	5	CSV2890	17	2
历	11	2	CSV2890	4	12
娱	11	1	CSV2890	10	0
搅	11	2	CSV2890	12	2
摆	11	2	CSV2890	13	8
柠	11	5	PEJVO	9	1
秃	11	3	PEJVO	7	1
纬	11	2	CSV2890	7	2
练	11	1	CSV2890	8	7
谨	11	2	PEJVO	13	2
贯	11	2	PEJVO	8	0
贿	11	1	PEJVO	10	1
赛	11	5	PEJVO	14	5
赢	11	1	CSV2890	17	1
辅	11	2	CSV2890	11	2
锡	11	3	CSV2890	13	2
陆	11	1	CSV2890	7	3
颂	11	4	PEJVO	10	1
们	10	2	文法層	5	4
张	10	3	PIV	7	9
扩	10	3	PEJVO	6	3
捣	10	2	PEJVO	10	0
敌	10	5	PEJVO	10	0
炼	10	5	PIV	9	6
砾	10	4	PEJVO	10	1
祸	10	1	CSV2890	11	2
绞	10	4	PEJVO	9	0
缀	10	4	CSV2890	11	64
讽	10	3	CSV2890	6	5
锌	10	2	CSV2890	12	1
饶	10	1	CSV2890	9	2
伦	9	4	CSV2890	6	3
冻	9	8	PIV	7	2
凯	9	1	PEJVO	8	0
嗡	9	1	CSV2890	13	2
帐	9	1	CSV2890	7	3
庙	9	2	CSV2890	8	0
恼	9	2	CSV2890	9	5
愤	9	1	CSV2890	12	2
栏	9	5	PEJVO	9	5
歼	9	1	PEJVO	7	0
爷	9	1	CSV2890	6	2
绵	9	2	CSV2890	11	3
舰	9	4	PEJVO	10	0
茧	9	2	CSV2890	9	1
莺	9	5	PEJVO	10	1
谍	9	1	PEJVO	11	0
谎	9	1	CSV2890	11	2
谣	9	1	CSV2890	12	1
贞	9	2	CSV2890	6	3
邻	9	1	CSV2890	7	2
释	9	3	PEJVO	12	6
闸	9	1	PEJVO	8	0
闹	9	1	CSV2890	8	7
顾	9	2	文法層	10	6
驯	9	3	CSV2890	6	2
驳	9	3	PEJVO	7	1
鲨	9	3	CSV2890	15	1
鸵	9	4	CSV2890	10	1
鹃	9	4	CSV2890	12	1
侦	8	2	PEJVO	8	0
兴	8	2	PEJVO	6	7
则	8	1	CSV2890	6	7
垛	8	2	PEJVO	9	0
宠	8	1	CSV2890	8	1
庐	8	1	CSV2890	7	0
归	8	4	PEJVO	5	5
彻	8	1	PEJVO	7	2
椭	8	2	PEJVO	12	1
泽	8	2	PEJVO	8	3
溅	8	1	PEJVO	12	0
烛	8	2	CSV2890	10	1
窝	8	3	PEJVO	12	3
筛	8	1	PEJVO	12	0
篡	8	2	PEJVO	16	1
纵	8	4	PEJVO	7	4
聪	8	1	CSV2890	15	2
谤	8	1	CSV2890	12	1
贡	8	2	CSV2890	7	2
轧	8	2	CSV2890	5	0
违	8	2	PEJVO	7	4
钙	8	1	PEJVO	9	0
钳	8	4	PEJVO	10	0
钾	8	2	PEJVO	10	0
隐	8	3	PEJVO	11	3
飘	8	1	CSV2890	15	1
驴	8	1	CSV2890	7	1
劝	7	2	CSV2890	4	7
婴	7	1	CSV2890	11	1
忧	7	2	PEJVO	7	2
悬	7	2	PEJVO	11	7
挤	7	1	CSV2890	9	2
斋	7	1	CSV2890	10	1
暂	7	1	CSV2890	12	6
榄	7	1	CSV2890	13	2
罗	7	2	PEJVO	8	9
苍	7	1	CSV2890	7	3
诲	7	2	PEJVO	9	0
诵	7	1	PEJVO	9	0
谬	7	1	CSV2890	13	1
赏	7	5	PEJVO	12	4
轻	7	2	PEJVO	9	11
钝	7	2	PEJVO	9	1
陨	7	3	PEJVO	9	0
驻	7	2	PEJVO	8	1
临	6	2	PEJVO	9	5
仪	6	2	PEJVO	5	8
喻	6	3	PEJVO	12	5
嚎	6	2	PEJVO	17	0
坛	6	2	PEJVO	7	1
拦	6	1	PEJVO	8	0
涩	6	2	PEJVO	10	1
滥	6	1	PEJVO	13	1
疟	6	4	PEJVO	8	0
维	6	1	CSV2890	11	7
绸	6	1	PEJVO	11	2
缎	6	2	PEJVO	12	0
脐	6	2	PEJVO	10	0
蜕	6	1	PIV	13	0
谚	6	4	CSV2890	11	1
贺	6	1	CSV2890	9	2
输	6	2	PEJVO	13	7
铝	6	3	CSV2890	11	1
颁	6	2	PEJVO	10	0
颠	6	3	PEJVO	16	2
鲤	6	3	PEJVO	15	1
尔	5	1	PEJVO	5	4
懒	5	2	PEJVO	16	0
拥	5	1	PEJVO	8	5
胁	5	1	CSV2890	8	2
谈	5	2	CSV2890	10	8
谓	5	2	PEJVO	11	1
败	5	2	PIV	8	3
贬	5	2	PIV	8	1
镐	5	1	CSV2890	15	1
镑	5	2	PEJVO	15	1
饲	5	1	CSV2890	8	5
鸥	5	2	CSV2890	9	1
鹊	5	1	CSV2890	13	1
齐	5	2	PEJVO	6	1
仅	4	1	文法層	4	3
劲	4	1	PEJVO	7	1
呕	4	1	CSV2890	7	2
啃	4	2	PEJVO	11	2
垒	4	3	PEJVO	9	0
孙	4	1	CSV2890	6	4
枫	4	1	PEJVO	8	0
桨	4	1	PEJVO	10	1
润	4	1	CSV2890	10	6
滩	4	2	PEJVO	13	0
牺	4	1	CSV2890	10	3
琐	4	1	CSV2890	11	1
矫	4	1	PEJVO	11	0
硕	4	1	PEJVO	11	0
绎	4	1	PEJVO	8	1
缚	4	1	CSV2890	13	4
腾	4	1	PEJVO	13	3
荆	4	1	PEJVO	9	1
贫	4	3	PEJVO	8	1
辉	4	1	PEJVO	12	1
这	4	1	文法層	7	7
递	4	2	PIV	10	3
锄	4	1	PIV	12	1
锦	4	1	PEJVO	13	2
难	4	3	PEJVO	10	11
饺	4	1	PEJVO	9	0
驰	4	1	PEJVO	6	0
鹉	4	1	PIV	13	1
厕	3	2	PIV	8	0
吗	3	1	文法層	6	1
坠	3	1	PEJVO	7	0
奋	3	1	PEJVO	8	4
娇	3	1	PIV	9	1
怀	3	2	PEJVO	7	7
拟	3	1	PEJVO	7	5
晓	3	1	CSV2890	10	1
术	3	1	CSV2890	5	23
杨	3	1	PEJVO	7	0
桦	3	2	CSV2890	10	1
浊	3	1	PIV	9	0
涨	3	1	PEJVO	10	1
玛	3	1	PEJVO	7	0
绕	3	1	PIV	9	3
脏	3	1	PEJVO	10	4
腻	3	1	PEJVO	13	2
苏	3	3	PIV	7	1
萤	3	2	PEJVO	11	0
讥	3	1	PEJVO	4	1
讹	3	1	PEJVO	6	0
赚	3	1	PIV	14	0
鉴	3	1	PEJVO	13	0
锣	3	2	PEJVO	13	0
锰	3	2	PEJVO	13	0
阵	3	1	PEJVO	6	5
顺	3	3	PEJVO	9	6
驮	3	1	PIV	6	0
亩	2	1	文法層	7	0
亿	2	1	文法層	3	1
凿	2	1	PIV	12	0
刚	2	1	文法層	6	5
叹	2	1	PEJVO	5	5
啰	2	1	PIV	11	0
增	2	1	PIV	15	7
妇	2	1	PEJVO	6	0
宾	2	1	CSV2890	10	4
户	2	1	PEJVO	4	6
拨	2	1	PEJVO	8	1
挣	2	1	CSV2890	9	1
灿	2	1	PIV	7	0
础	2	1	PEJVO	10	4
绊	2	1	PEJVO	8	0
翘	2	1	PEJVO	12	0
蜗	2	1	PIV	13	1
讨	2	1	PEJVO	5	3
诡	2	1	PEJVO	8	0
赠	2	1	PEJVO	16	2
轿	2	1	PEJVO	10	0
辐	2	1	PEJVO	13	3
辙	2	1	PIV	16	1
迟	2	1	PEJVO	7	2
闲	2	1	PEJVO	7	4
闻	2	1	CSV2890	9	5
际	2	2	PIV	7	9
颖	2	1	PEJVO	13	0
颗	2	1	PIV	14	2
骂	2	1	PEJVO	9	7
乡	1	1	PEJVO	3	2
凤	1	1	PEJVO	4	0
篱	1	1	CSV2890	16	2
虽	1	1	文法層	9	1
诞	1	1	PEJVO	8	3
赖	1	1	PIV	13	3
铭	1	1	PEJVO	11	0
锹	1	1	PEJVO	14	0
顷	1	1	CSV2890	8	1
氢	0	1	-	9	0
贷	0	1	-	9	2
