種別	実在語	見出し語	面	最上位層	マークで分断	中国語の出所
偽友候補	一侧	unu/flank/a	一侧a	CSV2890側		vango
偽友候補	一侧	unu/flank/a	一侧a	CSV2890側		vango
偽友候補	一侧	unu/flank/e	一侧e	CSV2890側		vango
偽友候補	三月	tri/monat/a	三月a	CSV2890側		marto
偽友候補	三月	tri/monat/a	三月a	CSV2890側		marto
偽友候補	三月	tri/monat/a	三月a	CSV2890側		marto
偽友候補	上面	akv/o/sur/fac/a	水o上面a	CSV2890側		supro
偽友候補	上面	akv/o/sur/fac/o	水o上面o	CSV2890側		supro
偽友候補	上面	sur/fac/o	上面o	CSV2890側		supro
偽友候補	上面	sur/fac/o	上面o	CSV2890側		supro
偽友候補	上面	sur/fac/o	上面o	CSV2890側		supro
偽友候補	上面	sur/fac/o	上面o	CSV2890側		supro
偽友候補	上面	nivel/sur/fac/o	平上面o	CSV2890側		supro
偽友候補	上面	sur/fac/o	上面o	CSV2890側		supro
偽友候補	上面	sur/fac/a	上面a	CSV2890側		supro
偽友候補	上面	sur/fac/aktiv/aj^/o	上面活物o	CSV2890側		supro
偽友候補	上面	sur/fac/a	上面a	CSV2890側		supro
偽友候補	上面	sur/fac/o	上面o	CSV2890側		supro
偽友候補	上面	sur/fac/tensi/o	上面压o	CSV2890側		supro
偽友候補	上面	sur/pan/aj^/o	上面包物o	CSV2890側		supro
偽友候補	上面	sur/fac/aj^/o	上面物o	CSV2890側		supro
偽友候補	上面	sur/fac/ampleks/o	上面广o	CSV2890側		supro
偽友候補	上面	hejt/o/sur/fac/o	热o上面o	CSV2890側		supro
偽友候補	上面	rul/sur/fac/o	卷上面o	CSV2890側		supro
偽友候補	不再	ne/re/kon/ebl/a	不再认可a	CSV2890側		ĉesi
偽友候補	不再	ne/re/nov/ig/ebl/a	不再新使可a	CSV2890側		ĉesi
偽友候補	不再	ne/re/nov/ig/ebl/a	不再新使可a	CSV2890側		ĉesi
偽友候補	不再	ne/re/nov/ig/ebl/a	不再新使可a	CSV2890側		ĉesi
偽友候補	不再	ne/re/ven/ebl/a	不再来可a	CSV2890側		ĉesi
偽友候補	不再	ne/re/ven/ig/ebl/a	不再来使可a	CSV2890側		ĉesi
偽友候補	不再	ne/re/ven/ig/ebl/e	不再来使可e	CSV2890側		ĉesi
偽友候補	不再	ne/re/vok/ebl/a	不再呼可a	CSV2890側		ĉesi
偽友候補	不再	ne/re/san/ig/ebl/a	不再健使可a	CSV2890側		ĉesi
偽友候補	不再	ne/re/ten/ebl/a	不再持可a	CSV2890側		ĉesi
偽友候補	不变	ne/s^ang^/ebl/a	不变可a	CSV2890側		konstanta
偽友候補	不变	ne/vari/a	不变a	CSV2890側		konstanta
偽友候補	不宜	ne/dec/a	不宜a	CSV2890側		tezo
偽友候補	不忠	ne/lojal/a	不忠a	CSV2890側		perfidi
偽友候補	不快	ne/agrabl/a	不快a	CSV2890側		suferi
偽友候補	不满	ne/kontent/ig/a	不满使a	CSV2890側		fi!
偽友候補	不满	ne/plen/ag^/a	不满岁a	CSV2890側		fi!
偽友候補	不满	ne/plen/ag^/ec/o	不满岁性o	CSV2890側		fi!
偽友候補	不满	ne/plen/ag^/ul/o	不满岁者o	CSV2890側		fi!
偽友候補	不满	ne/kontent/a	不满a	CSV2890側		fi!
偽友候補	不理	ne/logik/a	不理a	CSV2890側		ignori
偽友候補	不理	ne/raci/a	不理a	CSV2890側		ignori
偽友候補	不理	ne/racional/a	不理a	PEJVO		ignori
偽友候補	不理	ne/racional/a	不理a	PEJVO		ignori
偽友候補	不理	ne/racional/o	不理o	PEJVO		ignori
偽友候補	不过	ne/preter/vid/ebl/a	不过见可a	CSV2890側		nur
偽友候補	不过	ne/preter/vid/ebl/e	不过见可e	CSV2890側		nur
偽友候補	专家	fak/ist/o	专家o	CSV2890側		-isto
偽友候補	业主	industri/ism/o	业主义o	CSV2890側		mastro
偽友候補	个性	individu/ec/o	个性o	CSV2890側		karaktero
偽友候補	主义者	afor/ism/ul/o	afor主义者o	文法のみ		-ist- -isto
偽友候補	主义者	au^t/ism/ul/o	自主义者o	CSV2890側		-ist- -isto
偽友候補	主义者	reu^mat/ism/ul/o	风湿主义者o	PEJVO		-ist- -isto
偽友候補	主义者	saf/ism/ul/in/o	saf主义者女o	文法のみ		-ist- -isto
偽友候補	主义者	sapf/ism/ul/in/o	sapf主义者女o	文法のみ		-ist- -isto
偽友候補	举行	lev/ad/o	举行o	CSV2890側		celebri okazi
偽友候補	举行	hosti/lev/ad/o	圣饼举行o	CSV2890側		celebri okazi
偽友候補	二月	du/monat/a	二月a	CSV2890側		februaro
偽友候補	二月	du/monat/a	二月a	CSV2890側		februaro
偽友候補	人群	hom/ar/an/ism/o	人群员主义o	CSV2890側		amaso
偽友候補	人群	hom/ar/an/ist/o	人群员家o	CSV2890側		amaso
偽友候補	人群	hom/ar/an/o	人群员o	CSV2890側		amaso
偽友候補	人群	hom/ar/o	人群o	CSV2890側		amaso
偽友候補	人群	person/ar/o	人群o	CSV2890側	Y	amaso
偽友候補	人群	hom/ar/o	人群o	CSV2890側		amaso
偽友候補	价值	prez/ind/a	价值a	CSV2890側		valoro
偽友候補	会员	kongres/an/o	会员o	CSV2890側		membro
偽友候補	使者	misi/ul/o	使者o	PEJVO	Y	heroldo
偽友候補	六月	ses/monat/a	六月a	CSV2890側		junio
偽友候補	内心	endo/kard/it/o	内心炎o	PEJVO	Y	sino
偽友候補	内心	endo/kard/o	内心o	PEJVO	Y	sino
偽友候補	内心	endo/kardi/o	内心o	CSV2890側	Y	sino
偽友候補	再现	re/aper/ant/o	再现在o	CSV2890側		reprezenti
偽友候補	再现	re/aper/i	再现i	CSV2890側		reprezenti
偽友候補	再见	re/vid/o!	再见o!	CSV2890側		adiaŭ
偽友候補	再见	re/vid/i	再见i	CSV2890側		adiaŭ
偽友候補	再见	re/vid/o	再见o	CSV2890側		adiaŭ
偽友候補	再见	re/vid/ig/i	再见使i	CSV2890側		adiaŭ
偽友候補	出示	el/montr/i	出示i	CSV2890側		prezenti
偽友候補	出示	el/montr/ig^/em/a	出示成倾a	CSV2890側		prezenti
偽友候補	出示	el/montr/ig^/i	出示成i	CSV2890側		prezenti
偽友候補	出示	el/montr/ad/o	出示行o	CSV2890側		prezenti
偽友候補	分钟	du/on/hor/o	二分钟o	CSV2890側		minuto
偽友候補	分钟	kvar/on/hor/o	四分钟o	CSV2890側		minuto
偽友候補	包布	pak/tol/o	包布o	CSV2890側		vindo
偽友候補	包布	pak/tol/o	包布o	CSV2890側		vindo
偽友候補	单调	mono/ton/a	单调a	CSV2890側		plata
偽友候補	单调	mono/ton/ec/o	单调性o	CSV2890側		plata
偽友候補	原子	pra/id/o	原子o	文法のみ		atomo
偽友候補	反响	mal/lau^t/a	反响a	CSV2890側		eĥo
偽友候補	反响	mal/lau^t/a	反响a	CSV2890側		eĥo
偽友候補	反响	mal/lau^t/e	反响e	CSV2890側		eĥo
偽友候補	反响	mal/lau^t/ig/i	反响使i	CSV2890側		eĥo
偽友候補	反响	mal/lau^t/ig^/i	反响成i	CSV2890側		eĥo
偽友候補	反应	mal/dev/ig/i	反应使i	CSV2890側		reakcio renkonti
偽友候補	反抗	mal/protest/o	反抗o	CSV2890側		rezisti ribeli
偽友候補	发行	lanc^/ad/o	发行o	CSV2890側		aperi el/doni
偽友候補	变成	s^ang^/ig^/o	变成o	CSV2890側		-iĝ- -iĝi
偽友候補	变成	klimat/s^ang^/ig^/o	气候变成o	CSV2890側		-iĝ- -iĝi
偽友候補	变成	s^ang^/ig^/em/a	变成倾a	CSV2890側		-iĝ- -iĝi
偽友候補	变成	s^ang^/ig^/i	变成i	CSV2890側		-iĝ- -iĝi
偽友候補	变成	alteraci/ig^/i	蚀变成i	PIV		-iĝ- -iĝi
偽友候補	变成	s^ang^/ig^/o	变成o	CSV2890側		-iĝ- -iĝi
偽友候補	同意	mal/sam/signif/a	反同意a	CSV2890側		konsenti
偽友候補	同意	sam/ide/an/a	同意员a	CSV2890側		konsenti
偽友候補	同意	sam/ide/an/e	同意员e	CSV2890側		konsenti
偽友候補	同意	sam/ide/an/o	同意员o	CSV2890側		konsenti
偽友候補	同意	sam/senc/a	同意a	CSV2890側		konsenti
偽友候補	同意	sam/signif/a	同意a	CSV2890側		konsenti
偽友候補	同意	sam/ide/an/ar/o	同意员群o	CSV2890側		konsenti
偽友候補	同行	asimil/ad/o	同行o	CSV2890側	Y	kolego
偽友候補	向往	al/ir/ebl/a	向往可a	CSV2890側		sopiri
偽友候補	向往	al/ir/ej/o	向往所o	CSV2890側		sopiri
偽友候補	向往	al/ir/i	向往i	CSV2890側		sopiri
偽友候補	向往	al/ir/i	向往i	CSV2890側		sopiri
偽友候補	向往	al/ir/o	向往o	CSV2890側		sopiri
偽友候補	向往	al/ir/permes/o	向往许o	CSV2890側		sopiri
偽友候補	向往	al/ir/temp/o	向往时o	CSV2890側		sopiri
偽友候補	向往	disk/al/ir/o	盘向往o	CSV2890側		sopiri
偽友候補	响声	lau^t/voc^/a	响声a	CSV2890側	Y	sonoro
偽友候補	响声	lau^t/voc^/e	响声e	CSV2890側	Y	sonoro
偽友候補	圆形	rond/form/a	圆形a	CSV2890側		cirklo
偽友候補	地球	geo/sfer/o	地球o	CSV2890側	Y	globo tero
偽友候補	场所	antau^/scen/ej/o	前场所o	CSV2890側		loko
偽友候補	场所	scen/ej/muzik/o	场所乐o	CSV2890側		loko
偽友候補	场所	scen/ej/o	场所o	CSV2890側		loko
偽友候補	场所	tabul/scen/ej/o	板场所o	CSV2890側		loko
偽友候補	壁毯	mur/tapis^/o	壁毯o	CSV2890側		tapeto
偽友候補	壁纸	mur/paper/o	壁纸o	CSV2890側		tapeto
偽友候補	声带	son/bend/il/o	声带具o	CSV2890側		kordo
偽友候補	声带	son/bend/o	声带o	CSV2890側		kordo
偽友候補	声带	son/bend/registr/il/o	声带录具o	CSV2890側		kordo
偽友候補	声量	son/kvant/o	声量o	CSV2890側		organo
偽友候補	外皮	ekto/derm/o	外皮o	CSV2890側	Y	haŭto ŝelo
偽友候補	大使	grand/ig/i	大使i	CSV2890側		ambasadoro
偽友候補	大使	majuskl/ig/a	大使a	CSV2890側	Y	ambasadoro
偽友候補	大使	majuskl/ig/i	大使i	CSV2890側	Y	ambasadoro
偽友候補	大使	mal/grand/ig/i	反大使i	CSV2890側		ambasadoro
偽友候補	大使	pli/grand/ig/i	更大使i	CSV2890側		ambasadoro
偽友候補	大使	pli/grand/ig/il/o	更大使具o	CSV2890側		ambasadoro
偽友候補	大使	pli/grand/ig/it/a	更大使受a	CSV2890側		ambasadoro
偽友候補	大使	pli/grand/ig/o	更大使o	CSV2890側		ambasadoro
偽友候補	大使	pli/mal/grand/ig/i	更反大使i	CSV2890側		ambasadoro
偽友候補	大使	tro/grand/ig/i	太大使i	CSV2890側		ambasadoro
偽友候補	大小	majuskl/et/o	大小o	CSV2890側	Y	amplekso dimensio
偽友候補	大小	grand/et/a	大小a	CSV2890側		amplekso dimensio
偽友候補	头巾	kap/tuk/o	头巾o	CSV2890側		vualo
偽友候補	委员	komision/an/o	委员o	CSV2890側	Y	komisaro
偽友候補	委员	komitat/an/o	委员o	CSV2890側	Y	komisaro
偽友候補	子弹	atom/bomb/a	子弹a	CSV2890側	Y	kuglo
偽友候補	子弹	atom/bomb/it/a	子弹受a	CSV2890側	Y	kuglo
偽友候補	子弹	atom/bomb/o	子弹o	CSV2890側	Y	kuglo
偽友候補	存在	depon/ant/o	存在o	CSV2890側	Y	ekzisti esti
偽友候補	存在	konserv/ant/o	存在o	CSV2890側	Y	ekzisti esti
偽友候補	对应	kontrau^/dev/a	对应a	CSV2890側		korespondi respondi
偽友候補	对立	kontrau^/star/i	对立i	CSV2890側		opozicio
偽友候補	对立	kontrau^/star/ig/i	对立使i	CSV2890側		opozicio
偽友候補	对立	kontrau^/star/o	对立o	CSV2890側		opozicio
偽友候補	对话	kontrau^/parol/i	对话i	CSV2890側		dialogo
偽友候補	对话	kontrau^/parol/o	对话o	CSV2890側		dialogo
偽友候補	对话	kontrau^/parol/a	对话a	CSV2890側		dialogo
偽友候補	射线	paf/lini/o	射线o	CSV2890側		radio
偽友候補	干线	trunk/lini/o	干线o	CSV2890側	Y	arterio
偽友候補	床垫	lit/kusen/o	床垫o	CSV2890側		matraco
偽友候補	强使	fort/ig/i	强使i	CSV2890側		trudi
偽友候補	强使	mal/fort/ig/i	反强使i	CSV2890側		trudi
偽友候補	强使	pli/fort/ig/i	更强使i	CSV2890側		trudi
偽友候補	强使	pli/fort/ig/i	更强使i	CSV2890側		trudi
偽友候補	强使	sen/fort/ig/i	无强使i	CSV2890側		trudi
偽友候補	强使	fort/ig/a	强使a	CSV2890側		trudi
偽友候補	微粒	mikro/grajn/a	微粒a	CSV2890側		atomo polvo
偽友候補	急使	urg^/ig/i	急使i	CSV2890側		ekspreso
偽友候補	性向	seks/al/log/o	性向诱o	CSV2890側	Y	tendenco
偽友候補	性爱	sam/seks/am/o	同性爱o	CSV2890側	Y	amoro
偽友候補	怪物	grotesk/aj^/o	怪物o	CSV2890側	Y	monstro
偽友候補	手套	man/muf/o	手套o	CSV2890側		ganto
偽友候補	手链	man/katen/o	手链o	CSV2890側		braceleto
偽友候補	推测	s^ov/mezur/il/o	推测具o	CSV2890側	Y	konjekti
偽友候補	文书	tekst/libr/o	文书o	CSV2890側	Y	akto dokumento papero
偽友候補	无效	sen/efik/a	无效a	CSV2890側		kaduka
偽友候補	无效	sen/valid/ig/i	无效使i	CSV2890側		kaduka
偽友候補	无论	sen/diskut/e	无论e	CSV2890側		ajn
偽友候補	日志	helio/grafi/o	日志o	CSV2890側	Y	protokolo ĵurnalo
偽友候補	日记	helio/graf/o	日记o	CSV2890側	Y	ĵurnalo
偽友候補	果酒	aniz/likvor/o	果酒o	PEJVO	Y	vino
偽友候補	栗树	maron/arb/o	栗树o	CSV2890側	Y	kaŝtano
偽友候補	橡树	glan/arb/o	橡树o	CSV2890側	Y	kverko
偽友候補	步行	pas^/ad/o	步行o	CSV2890側		marŝi
偽友候補	步行	promen/ad/o	步行o	CSV2890側	Y	marŝi
偽友候補	步行	pas^/ad/i	步行i	CSV2890側		marŝi
偽友候補	步行	el/pas^/ad/i	出步行i	CSV2890側		marŝi
偽友候補	毛虫	har/verm/o	毛虫o	CSV2890側		raŭpo
偽友候補	毛虫	har/verm/oj	毛虫oj	CSV2890側		raŭpo
偽友候補	流行	flu/ad/i	流行i	CSV2890側		modo
偽友候補	流行	s^unt/ad/o	分流行o	PEJVO		modo
偽友候補	海军	mar/arme/o	海军o	CSV2890側		leŭtenanto
偽友候補	滑行	akv/o/ski/ad/o	水o滑行o	CSV2890側	Y	gliti
偽友候補	滑行	ski/ad/o	滑行o	CSV2890側	Y	gliti
偽友候補	滑行	sket/ad/o	滑行o	PIV	Y	gliti
偽友候補	滑行	s^us/ad/o	滑行o	PIV	Y	gliti
偽友候補	爬行	grimp/ad/o	爬行o	CSV2890側	Y	rampi
偽友候補	爬行	mont/o/grimp/ad/o	山o爬行o	CSV2890側	Y	rampi
偽友候補	爬行	rok/grimp/ad/o	岩爬行o	CSV2890側	Y	rampi
偽友候補	特性	special/ec/o	特性o	CSV2890側		-eco kvalito
偽友候補	王子	reg^/id/in/o	王子女o	CSV2890側		princo
偽友候補	玩具	lud/il/o	玩具o	CSV2890側		balono
偽友候補	玩具	muzik/lud/il/o	乐玩具o	CSV2890側		balono
偽友候補	现在	aper/ant/a	现在a	CSV2890側	Y	nun
偽友候補	现在	re/aper/ant/o	再现在o	CSV2890側	Y	nun
偽友候補	理性	prav/ec/o	理性o	CSV2890側		racio
偽友候補	生气	bio/gas/o	生气o	CSV2890側	Y	koleri
偽友候補	生气	bio/klimat/o/logi/o	生气候o学o	CSV2890側	Y	koleri
偽友候補	生物	okaz/aj^/o	生物o	CSV2890側	Y	ekzemplero
偽友候補	生物	flank/okaz/aj^/o	侧生物o	CSV2890側	Y	ekzemplero
偽友候補	生物	inter/okaz/aj^/o	间生物o	CSV2890側	Y	ekzemplero
偽友候補	生物	okaz/aj^/o	生物o	CSV2890側	Y	ekzemplero
偽友候補	生物	post/nask/aj^/o	后生物o	CSV2890側		ekzemplero
偽友候補	电子	elektr/on/a	电子a	CSV2890側		ŝtupo
偽友候補	电子	elektr/on/a	电子a	CSV2890側		ŝtupo
偽友候補	电子	elektr/on/a	电子a	CSV2890側		ŝtupo
偽友候補	电子	elektr/on/a	电子a	CSV2890側		ŝtupo
偽友候補	电子	elektr/on/a	电子a	CSV2890側		ŝtupo
偽友候補	电子	elektr/on/a	电子a	CSV2890側		ŝtupo
偽友候補	电子	elektr/on/kanon/o	电子炮o	CSV2890側		ŝtupo
偽友候補	电子	elektr/on/o	电子o	CSV2890側		ŝtupo
偽友候補	电子	elektr/on/tub/o	电子管o	CSV2890側		ŝtupo
偽友候補	电子	elektr/on/volt/o	电子volto	CSV2890側		ŝtupo
偽友候補	电子	giga/elektr/on/volt/o	giga电子volto	CSV2890側		ŝtupo
偽友候補	电子	elektr/on/o	电子o	CSV2890側		ŝtupo
偽友候補	电子	elektr/on/o	电子o	CSV2890側		ŝtupo
偽友候補	电子	mega/elektr/on/volt/o	百万电子volto	CSV2890側		ŝtupo
偽友候補	电子	term/o/elektr/on/o	热o电子o	CSV2890側		ŝtupo
偽友候補	电子	valent/elektr/on/o	价电子o	CSV2890側		ŝtupo
偽友候補	电子	elektr/on/mikro/skop/o	电子微镜o	CSV2890側		ŝtupo
偽友候補	男女	vir/in/o	男女o	CSV2890側		sekso
偽友候補	男女	vir/in/o	男女o	CSV2890側		sekso
偽友候補	男女	vir/in/o	男女o	CSV2890側		sekso
偽友候補	男女	vir/in/o	男女o	CSV2890側		sekso
偽友候補	男女	krom/vir/in/o	外男女o	CSV2890側		sekso
偽友候補	男女	kvazau^/vir/in/a	如男女a	CSV2890側		sekso
偽友候補	男女	mar/vir/in/o	海男女o	CSV2890側		sekso
偽友候補	男女	neg^/vir/in/o	雪男女o	CSV2890側		sekso
偽友候補	男女	vir/in/a	男女a	CSV2890側		sekso
偽友候補	男女	vir/in/ec/a	男女性a	CSV2890側		sekso
偽友候補	男女	vir/in/ec/o	男女性o	CSV2890側		sekso
偽友候補	男女	vir/in/ej/o	男女所o	CSV2890側		sekso
偽友候補	男女	vir/in/ig^/i	男女成i	CSV2890側		sekso
偽友候補	男女	vir/in/liber/ig/a	男女自由使a	CSV2890側		sekso
偽友候補	男女	vir/in/o	男女o	CSV2890側		sekso
偽友候補	畜群	brut/ar/o	畜群o	CSV2890側		grego
偽友候補	礼物	g^entil/aj^/o	礼物o	CSV2890側	Y	donaco
偽友候補	织物	teks/aj^/o	织物o	CSV2890側		ŝtofo
偽友候補	织物	teks/aj^/o	织物o	CSV2890側		ŝtofo
偽友候補	织物	teks/aj^/o	织物o	CSV2890側		ŝtofo
偽友候補	织物	trik/aj^/o	织物o	CSV2890側	Y	ŝtofo
偽友候補	织物	trikot/aj^/o	织物o	CSV2890側	Y	ŝtofo
偽友候補	网球	ret/pilk/o	网球o	CSV2890側		teniso
偽友候補	罪行	pek/ad/o	罪行o	CSV2890側	Y	krimo
偽友候補	良心	bon/kor/a	良心a	CSV2890側		konscienco
偽友候補	良心	bon/kor/e	良心e	CSV2890側		konscienco
偽友候補	良心	bon/kor/ec/o	良心性o	CSV2890側		konscienco
偽友候補	苹果	mancinel/frukt/o	毒苹果o	CSV2890側		pomo
偽友候補	茶树	mate/arb/o	茶树o	CSV2890側	Y	teo
偽友候補	茶树	te/arb/o	茶树o	CSV2890側		teo
偽友候補	蜡板	vaks/tabul/o	蜡板o	CSV2890側		tabelo
偽友候補	表现	epi/fenomen/o	表现o	CSV2890側	Y	esprimi reprezenti spiri
偽友候補	裂片	s^ir/pec/o	裂片o	CSV2890側		splito
偽友候補	许可	permes/ebl/a	许可a	CSV2890側		licenco povi
偽友候補	谷物	cereal/aj^/o	谷物o	PEJVO	Y	greno
偽友候補	谷粒	gren/er/o	谷粒o	CSV2890側	Y	grajno
偽友候補	货物	frajt/aj^/o	货物o	PEJVO	Y	varo ŝarĝo
偽友候補	货物	frajt/aj^/o	货物o	PEJVO	Y	varo ŝarĝo
偽友候補	货物	frajt/aj^/o	货物o	PEJVO	Y	varo ŝarĝo
偽友候補	货物	frajt/aj^/o	货物o	PEJVO	Y	varo ŝarĝo
偽友候補	赞成	inter/konsent/ig^/o	间赞成o	CSV2890側	Y	aprobi por
偽友候補	赞成	konsent/ig^/i	赞成i	CSV2890側	Y	aprobi por
偽友候補	足球	pied/pilk/ej/o	足球所o	CSV2890側		futbalo
偽友候補	足球	pied/pilk/ist/o	足球家o	CSV2890側		futbalo
偽友候補	足球	pied/pilk/o	足球o	CSV2890側		futbalo
偽友候補	转动	relajs/motor/o	转动o	CSV2890側	Y	ruli turni
偽友候補	运行	port/ad/o	运行o	CSV2890側		ruli
偽友候補	运行	s^arg^/o/port/ad/o	载o运行o	CSV2890側		ruli
偽友候補	进行	import/ad/o	进行o	CSV2890側	Y	entrepreni iri procedi
偽友候補	进行	progres/ad/o	进行o	CSV2890側		entrepreni iri procedi
偽友候補	进行	avanc/ad/o	进行o	PEJVO	Y	entrepreni iri procedi
偽友候補	进行	progres/ad/i	进行i	CSV2890側		entrepreni iri procedi
偽友候補	部长	departement/estr/o	部长o	PEJVO	Y	ministro
偽友候補	钱柜	mon/s^rank/o	钱柜o	CSV2890側		kaso
偽友候補	铁路	fer/voj/o	铁路o	CSV2890側		klasifiki
偽友候補	铁路	fer/voj/a	铁路a	CSV2890側		klasifiki
偽友候補	铁路	fer/voj/a	铁路a	CSV2890側		klasifiki
偽友候補	铁路	fer/voj/a	铁路a	CSV2890側		klasifiki
偽友候補	铁路	fer/voj/a	铁路a	CSV2890側		klasifiki
偽友候補	铁路	fer/voj/a	铁路a	CSV2890側		klasifiki
偽友候補	铁路	fer/voj/a	铁路a	CSV2890側		klasifiki
偽友候補	铁路	fer/voj/a	铁路a	CSV2890側		klasifiki
偽友候補	铁路	fer/voj/a	铁路a	CSV2890側		klasifiki
偽友候補	铁路	fer/voj/ist/a	铁路家a	CSV2890側		klasifiki
偽友候補	铁路	fer/voj/ist/o	铁路家o	CSV2890側		klasifiki
偽友候補	铁路	fer/voj/kompani/o	铁路伴o	CSV2890側		klasifiki
偽友候補	铁路	fer/voj/lini/o	铁路线o	CSV2890側		klasifiki
偽友候補	铁路	fer/voj/o	铁路o	CSV2890側		klasifiki
偽友候補	铁路	fer/voj/o	铁路o	CSV2890側		klasifiki
偽友候補	铁路	fer/voj/o	铁路o	CSV2890側		klasifiki
偽友候補	铁路	zon/fer/voj/o	带铁路o	CSV2890側		klasifiki
偽友候補	铁路	fer/voj/pont/o	铁路桥o	CSV2890側		klasifiki
偽友候補	银行	niel/ad/o	乌银行o	PEJVO		banko
偽友候補	飞机	flug/mas^in/o	飞机o	CSV2890側		aviad/ilo
偽友候補	食物	al/mang^/aj^/o	向食物o	CSV2890側		peza sana
偽友候補	食物	c^ef/mang^/aj^/o	首食物o	CSV2890側		peza sana
偽友候補	食物	lad/mang^/aj^/o	板食物o	CSV2890側		peza sana
偽友候補	食物	post/mang^/aj^/o	后食物o	CSV2890側		peza sana
偽友候補	食物	rapid/mang^/aj^/o	速食物o	CSV2890側		peza sana
偽友候補	食物	mang^/aj^/korb/o	食物篮o	CSV2890側		peza sana
偽友候補	食物	al/mang^/aj^/oj	向食物oj	CSV2890側		peza sana
偽友候補	食物	sub/mang^/aj^/o	下食物o	CSV2890側		peza sana
幸運	一列	unu/vic/e	一列e	CSV2890側		vico
幸運	一日	unu/tag/a	一日a	CSV2890側		tago
幸運	三角	tri/angul/oj	三角oj	CSV2890側		tri/angulo
幸運	三角	tri/angul/o	三角o	CSV2890側		tri/angulo
幸運	三角	tri/angul/a	三角a	CSV2890側		tri/angulo
幸運	三角	tri/angul/a	三角a	CSV2890側		tri/angulo
幸運	三角	tri/angul/a	三角a	CSV2890側		tri/angulo
幸運	三角	tri/angul/o	三角o	CSV2890側		tri/angulo
幸運	三角	tri/korn/a	三角a	CSV2890側		tri/angulo
幸運	三角	tri/angul/i	三角i	CSV2890側		tri/angulo
幸運	三角	tri/angul/ad/o	三角行o	CSV2890側		tri/angulo
幸運	三角	tri/korn/a	三角a	CSV2890側		tri/angulo
幸運	乐器	muzik/instrument/o	乐器o	CSV2890側		instrumento korno
幸運	亚麻布	lin/tol/o	亚麻布o	CSV2890側		lino tolo
幸運	产物	produkt/aj^/o	产物o	CSV2890側		produkto
幸運	产物	produkt/aj^/o	产物o	CSV2890側		produkto
幸運	产物	ter/produkt/aj^/oj	地产物oj	CSV2890側		produkto
幸運	人物	person/aj^/oj	人物oj	CSV2890側	Y	persono
幸運	兔子	lepor/id/o	兔子o	CSV2890側		kuniklo leporo
幸運	冰块	glaci/blok/o	冰块o	CSV2890側		glacio
幸運	出卖	el/vend/i	出卖i	CSV2890側		perfidi vendi
幸運	出卖	el/vend/it/a	出卖受a	CSV2890側		perfidi vendi
幸運	刺痛	pik/dolor/o	刺痛o	CSV2890側		piki tranĉi
幸運	千克	kilo/gram/fort/o	千克强o	CSV2890側	Y	kilogramo
幸運	千克	kilo/gram/metr/o	千克米o	CSV2890側	Y	kilogramo
幸運	千克	kilo/gram/o	千克o	CSV2890側	Y	kilogramo
幸運	千克	kilo/gram/pez/o	千克重o	CSV2890側	Y	kilogramo
幸運	千克	kilo/gram/o	千克o	CSV2890側	Y	kilogramo
幸運	千米	kilo/metr/o	千米o	CSV2890側	Y	kilometro
幸運	千米	kilo/metr/o	千米o	CSV2890側	Y	kilometro
幸運	厘米	centi/metr/o	厘米o	CSV2890側		centimetro
幸運	原因	pra/kau^z/o	原因o	CSV2890側		kaŭzo
幸運	原型	pra/tip/o	原型o	CSV2890側		modelo tipo
幸運	原型	pra/tip/o	原型o	CSV2890側		modelo tipo
幸運	原型	proto/tip/o	原型o	CSV2890側	Y	modelo tipo
幸運	原型	arke/tip/o	原型o	CSV2890側	Y	modelo tipo
幸運	听见	au^d/vid/a	听见a	CSV2890側		aŭdi
幸運	响声	klak/son/o	响声o	CSV2890側	Y	sonoro
幸運	喷泉	s^pruc/font/o	喷泉o	CSV2890側		fontano
幸運	嘲笑	mok/rid/i	嘲笑i	CSV2890側		moki
幸運	嘲笑	mok/rid/o	嘲笑o	CSV2890側		moki
幸運	国名	land/nom/o	国名o	CSV2890側		-uj-
幸運	国家	s^tat/ist/o	国家o	CSV2890側	Y	lando regno ŝtato
幸運	土地	hum/ter/o	腐土地o	CSV2890側		tero
幸運	地壳	ter/krust/o	地壳o	CSV2890側		krusto
幸運	地层	sub/ter/etag^/o	下地层o	CSV2890側		tavolo tereno
幸運	地层	ter/etag^/o	地层o	CSV2890側		tavolo tereno
幸運	地带	ter/zon/o	地带o	CSV2890側		zono
幸運	地球	ter/glob/a	地球a	CSV2890側		globo tero
幸運	地球	ter/glob/a	地球a	CSV2890側		globo tero
幸運	地球	ter/glob/o	地球o	CSV2890側		globo tero
幸運	城市	kastel/urb/o	城市o	CSV2890側		urbo
幸運	大师	grand/majstr/o	大师o	CSV2890側		majstro
幸運	存在	ekzist/ant/a	存在a	CSV2890側		ekzisti esti
幸運	完成	perfekt/ig^/i	完成i	CSV2890側		fini plen/umi
幸運	宝石	juvel/s^ton/o	宝石o	CSV2890側		ŝtono
幸運	怪物	monstr/aj^/o	怪物o	CSV2890側		monstro
幸運	技艺	ing^enier/art/o	技艺o	CSV2890側	Y	arto
幸運	抓伤	grat/vund/i	抓伤i	CSV2890側		grati
幸運	抓伤	grat/vund/o	抓伤o	CSV2890側		grati
幸運	抗性	rezist/ec/o	抗性o	CSV2890側	Y	rezisti
幸運	抗性	rezist/ec/o	抗性o	CSV2890側	Y	rezisti
幸運	指数	indic/nombr/o	指数o	CSV2890側	Y	indico
幸運	支柱	apog/kolon/o	支柱o	CSV2890側		kolono
幸運	日记	tag/j^urnal/o	日记o	CSV2890側		ĵurnalo
幸運	早晨	fru/maten/e	早晨e	CSV2890側		mateno
幸運	星形	stel/figur/o	星形o	CSV2890側		stelo
幸運	曲线	kurb/lini/a	曲线a	CSV2890側		kurbo
幸運	曲线	kurb/lini/aj	曲线aj	CSV2890側		kurbo
幸運	栗树	kas^tan/arb/o	栗树o	CSV2890側		kaŝtano
幸運	栗树	c^eval/kas^tan/arb/o	马栗树o	CSV2890側		kaŝtano
幸運	植物	plant/aj^/o	植物o	CSV2890側		lotuso morti planto
幸運	欠账	debet/kont/o	欠账o	CSV2890側	Y	debeto
幸運	步行	mars^/ad/i	步行i	CSV2890側	Y	marŝi
幸運	步行	mars^/ad/o	步行o	CSV2890側	Y	marŝi
幸運	毒气	venen/gas/o	毒气o	CSV2890側		gaso
幸運	毒物	toks/aj^/o	毒物o	CSV2890側	Y	veneno
幸運	毒物	venen/aj^/o	毒物o	CSV2890側		veneno
幸運	毛皮	lan/fel/o	毛皮o	CSV2890側	Y	felo pelto
幸運	毫米	mili/metr/o	毫米o	CSV2890側		milimetro
幸運	波动	ond/mov/o	波动o	CSV2890側		ondo
幸運	滑行	glit/ad/o	滑行o	CSV2890側		gliti
幸運	滑行	vost/o/glit/ad/o	尾o滑行o	CSV2890側		gliti
幸運	烟雾	fum/nebul/o	烟雾o	CSV2890側		fumo
幸運	烟雾	fum/nebul/o	烟雾o	CSV2890側		fumo
幸運	爬行	ramp/ad/o	爬行o	CSV2890側		rampi
幸運	牧草	pas^t/herb/o	牧草o	CSV2890側		herbo
幸運	特性	specif/ec/o	特性o	CSV2890側	Y	-eco kvalito
幸運	狮子	leon/id/o	狮子o	CSV2890側		leono
幸運	王子	reg^/id/o	王子o	CSV2890側		princo
幸運	理性	logik/ec/o	理性o	CSV2890側	Y	racio
幸運	理性	raci/ec/o	理性o	CSV2890側	Y	racio
幸運	生物	bio/fizik/o	生物理o	CSV2890側	Y	ekzemplero
幸運	电子管	elektr/on/tub/o	电子管o	CSV2890側	Y	tubo ĉelo
幸運	男性	vir/ec/a	男性a	CSV2890側		viro
幸運	男性	vir/ec/o	男性o	CSV2890側		viro
幸運	男性	vir/seks/a	男性a	CSV2890側		viro
幸運	男性	vir/seks/ul/o	男性者o	CSV2890側		viro
幸運	直角	rekt/angul/a	直角a	CSV2890側		orto
幸運	直角	rekt/angul/o	直角o	CSV2890側		orto
幸運	石油	s^ton/ole/o	石油o	CSV2890側		oleo
幸運	矿物	c^irkau^/min/aj^/o	围矿物o	CSV2890側		mineralo
幸運	矿物	fer/min/aj^/o	铁矿物o	CSV2890側		mineralo
幸運	矿物	min/aj^/o	矿物o	CSV2890側		mineralo
幸運	矿物	or/min/aj^/o	金矿物o	CSV2890側		mineralo
幸運	矿脉	erc/vejn/o	矿脉o	CSV2890側	Y	vejno
幸運	矿脉	erc/vejn/o	矿脉o	CSV2890側	Y	vejno
幸運	矿脉	min/vejn/o	矿脉o	CSV2890側		vejno
幸運	礼物	donac/aj^/o	礼物o	CSV2890側		donaco
幸運	种植	sem/plant/o	种植o	CSV2890側		planti
幸運	种植	sem/plant/oj	种植oj	CSV2890側		planti
幸運	穿过	tra/pas/i	穿过i	CSV2890側		tra
幸運	穿过	tra/pas/i	穿过i	CSV2890側		tra
幸運	穿过	tra/pas/int/o	穿过过o	CSV2890側		tra
幸運	穿过	tra/pas/ej/o	穿过所o	CSV2890側		tra
幸運	等级	ekvivalent/klas/o	等级o	CSV2890側	Y	grado klaso nivelo
幸運	粉粒	polen/er/o	粉粒o	PEJVO	Y	ŝuti
幸運	羊毛	s^af/lan/o	羊毛o	CSV2890側		lano
幸運	羊毛	merin/lan/o	羊毛o	CSV2890側	Y	lano
幸運	胶带	glu/bend/o	胶带o	CSV2890側		bendo
幸運	能量	energi/kvantum/o	能量子o	CSV2890側	Y	energio
幸運	腰带	tali/zon/o	腰带o	CSV2890側		zono
幸運	自觉	mem/konsci/a	自觉a	CSV2890側		konscii
幸運	自觉	mem/konsci/o	自觉o	CSV2890側		konscii
幸運	船体	s^ip/korp/o	船体o	CSV2890側		ŝelo
幸運	色调	kolor/ton/o	色调o	CSV2890側		nuanco tono
幸運	花冠	flor/kron/o	花冠o	CSV2890側		krono
幸運	花园	flor/g^arden/o	花园o	CSV2890側		ĝardeno
幸運	苹果	pom/marmelad/o	苹果酱o	CSV2890側		pomo
幸運	茶杯	te/tas/o	茶杯o	CSV2890側		taso
幸運	荣冠	glor/kron/o	荣冠o	CSV2890側		krono
幸運	蜂蜡	abel/vaks/o	蜂蜡o	CSV2890側		vakso
幸運	蜡烛	vaks/kandel/o	蜡烛o	CSV2890側		kandelo
幸運	触点	tus^/punkt/o	触点o	CSV2890側		kontakto
幸運	认可	ne/re/kon/ebl/a	不再认可a	CSV2890側		akcepti aprobi konfirmi
幸運	认可	re/kon/ebl/a	再认可a	CSV2890側		akcepti aprobi konfirmi
幸運	认可	kon/ebl/a	认可a	CSV2890側		akcepti aprobi konfirmi
幸運	认可	ne/kon/ebl/a	不认可a	CSV2890側		akcepti aprobi konfirmi
幸運	论坛	diskut/forum/o	论坛o	CSV2890側		forumo
幸運	话题	parol/tem/o	话题o	CSV2890側		temo
幸運	谷底	val/fund/o	谷底o	CSV2890側		fundo
幸運	越过	trans/pas/i	越过i	CSV2890側		trans
幸運	越过	trans/pas/ig/ist/o	越过使家o	CSV2890側		trans
幸運	路线	fer/voj/lini/o	铁路线o	CSV2890側		kurso linio
幸運	路线	voj/lini/o	路线o	CSV2890側		kurso linio
幸運	车站	taksi/staci/o	车站o	CSV2890側	Y	stacio
幸運	转账	g^ir/kont/o	转账o	CSV2890側	Y	ĝiri
幸運	转账	pos^t/g^ir/kont/o	邮转账o	CSV2890側	Y	ĝiri
幸運	过滤	pas/filtr/il/o	过滤具o	CSV2890側	Y	filtri
幸運	野鸭	sovag^/anas/o	野鸭o	CSV2890側		anaso
幸運	金钱	metal/mon/o	金钱o	CSV2890側	Y	mono
幸運	金钱	or/mon/er/o	金钱粒o	CSV2890側		mono
幸運	阳光	sun/lum/o	阳光o	CSV2890側		suno
幸運	零点	nul/punkt/o	零点o	CSV2890側		nulo
幸運	零点	nul/punkt/o	零点o	CSV2890側		nulo
幸運	鞋带	s^u/lac^/o	鞋带o	CSV2890側		laĉo
幸運	颜色	vizag^/kolor/o	颜色o	CSV2890側		koloro
幸運	飞行	flug/ad/o	飞行o	CSV2890側		aviado flugi
幸運	食物	mang^/aj^/o	食物o	CSV2890側		peza sana
幸運	食物	mang^/aj^/o	食物o	CSV2890側		peza sana
幸運	食物	mang^/aj^/o	食物o	CSV2890側		peza sana
幸運	食物	mang^/aj^/o	食物o	CSV2890側		peza sana
幸運	食物	mang^/aj^/o	食物o	CSV2890側		peza sana
幸運	鱼钩	fis^/hok/i	鱼钩i	CSV2890側		hoko
幸運	鱼钩	fis^/hok/o	鱼钩o	CSV2890側		hoko
幸運	鸽子	kolomb/id/o	鸽子o	CSV2890側		kolombo
幸運	麻布	kanab/tol/o	麻布o	CSV2890側		tolo
幸運	麻布	lin/tol/o	亚麻布o	CSV2890側		tolo
幸運	齿轮	dent/rad/o	齿轮o	CSV2890側		rado
