圏外字	延べ出現	最近傍JIS字	形の近さ	手動対応字	真対の近さ	真対の順位(全JIS)	真対の順位(常用相当)	透明
义	658	又	0.729	義	0.439	431	103	no
倾	456	傾	0.727	傾	0.727	1	1	yes
员	441	員	0.635	員	0.635	1	1	yes
鱼	288	魚	0.669	魚	0.669	1	1	yes
鸟	280	鳥	0.636	鳥	0.636	1	1	yes
电	242	屯	0.679	電	0.566	48	15	no
间	234	間	0.689	間	0.689	1	1	yes
过	225	迯	0.716	過	0.572	59	18	no
语	212	悟	0.724	語	0.568	200	42	no
记	210	祀	0.697	記	0.509	420	80	no
书	205	咽	0.548	書	0.471	368	60	no
长	205	状	0.559	長	0.522	35	11	no
对	204	対	0.733	対	0.733	1	1	yes
车	202	牟	0.681	車	0.555	25	11	no
动	196	幼	0.688	動	0.542	126	22	no
值	193	値	0.708	値	0.708	1	1	yes
盐	190	盆	0.663	塩	0.486	3376	484	no
风	182	斑	0.628	風	0.605	2	1	yes
树	181	枡	0.733	樹	0.564	736	93	no
兽	175	曾	0.682	獣	0.457	5704	982	no
劳	172	芳	0.653	労	0.598	6	2	yes
时	171	吋	0.758	時	0.610	6	2	yes
满	169	滴	0.701	満	0.671	3	1	yes
压	166	圧	0.711	圧	0.711	1	1	yes
头	163	戻	0.555	頭	0.404	4835	825	no
带	163	帝	0.673	帯	0.638	5	3	yes
强	163	強	0.720	強	0.720	1	1	yes
测	157	溯	0.705	測	0.674	4	2	yes
热	155	焦	0.618	熱	0.614	2	1	yes
战	151	故	0.641	戦	0.524	1478	212	no
计	151	什	0.734	計	0.400	3855	611	no
镜	141	境	0.779	鏡	0.663	6	3	yes
线	140	践	0.690	線	0.557	243	35	no
变	139	変	0.704	変	0.704	1	1	yes
齿	137	歯	0.661	歯	0.661	1	1	yes
团	132	団	0.815	団	0.815	1	1	yes
远	119	逐	0.684	遠	0.594	75	23	no
转	118	鰆	0.597	転	0.506	1824	231	no
结	117	桔	0.702	結	0.628	6	2	yes
环	113	坏	0.658	環	0.504	634	89	no
经	111	径	0.662	経	0.546	85	10	yes
给	110	洽	0.676	給	0.595	9	1	yes
节	107	芙	0.573	節	0.479	536	86	no
导	105	尋	0.628					判定不能
纸	105	柢	0.698	紙	0.651	7	1	yes
顶	105	頂	0.701	頂	0.701	1	1	yes
爱	103	爰	0.662	愛	0.575	15	5	yes
词	103	伺	0.735					判定不能
种	102	秤	0.764					判定不能
务	101	各	0.652					判定不能
标	101	棉	0.689					判定不能
话	100	括	0.659	話	0.645	2	1	yes
红	99	杠	0.660	紅	0.542	41	9	yes
艺	99	芝	0.598					判定不能
围	97	圉	0.776	囲	0.655	35	10	yes
圆	97	囿	0.750					判定不能
复	93	夏	0.658					判定不能
检	93	栓	0.727	検	0.680	7	1	yes
盘	92	盖	0.656	盤	0.628	8	3	yes
见	92	見	0.672					判定不能
侧	91	側	0.777					判定不能
养	91	姜	0.635	養	0.559	53	14	no
矿	91	砿	0.669	鉱	0.532	31	6	yes
链	91	鏈	0.663					判定不能
马	91	与	0.666	馬	0.439	2076	294	no
处	90	外	0.662					判定不能
乐	89	乕	0.581	楽	0.443	4083	632	no
产	86	广	0.560					判定不能
铁	86	帙	0.705	鉄	0.671	4	1	yes
办	85	券	0.554					判定不能
弹	85	睇	0.659					判定不能
现	84	現	0.717	現	0.717	1	1	yes
权	83	扠	0.726	権	0.543	374	68	no
钱	81	銭	0.668	銭	0.668	1	1	yes
误	80	揆	0.656					判定不能
丝	79	汢	0.566					判定不能
黑	79	黒	0.821					判定不能
质	78	盾	0.715	質	0.536	1145	158	no
轮	78	靴	0.614					判定不能
调	76	惆	0.750					判定不能
钟	74	神	0.691	鐘	0.564	295	40	no
图	73	国	0.705	図	0.639	29	9	yes
议	73	佼	0.599					判定不能
护	72	枦	0.751	護	0.425	4511	724	no
步	72	歩	0.665					判定不能
浆	72	漿	0.671					判定不能
飞	72	弋	0.548					判定不能
证	71	征	0.777					判定不能
说	71	悦	0.731	説	0.595	20	5	yes
细	70	細	0.717	細	0.717	1	1	yes
伪	68	信	0.669	偽	0.578	116	23	no
应	68	庄	0.684	応	0.505	1065	181	no
肠	67	騰	0.681	腸	0.681	2	1	yes
续	66	竢	0.618	続	0.565	182	23	no
传	65	伎	0.673					判定不能
规	65	規	0.696					判定不能
剧	64	刷	0.700	劇	0.587	208	36	no
单	64	牟	0.672	単	0.657	2	1	yes
龙	64	尢	0.668	竜	0.472	1752	260	no
报	63	扱	0.754					判定不能
脑	63	脯	0.703					判定不能
认	63	伏	0.679					判定不能
论	63	遼	0.605					判定不能
卖	62	案	0.613					判定不能
别	61	別	0.699					判定不能
职	60	肥	0.662					判定不能
级	59	級	0.712	級	0.712	1	1	yes
终	59	終	0.658	終	0.658	1	1	yes
伤	58	仞	0.701					判定不能
绿	58	禄	0.706	緑	0.619	5	2	yes
边	58	辺	0.701	辺	0.701	1	1	yes
邮	58	睇	0.701					判定不能
闭	58	朗	0.649					判定不能
摇	57	揺	0.778					判定不能
组	57	祖	0.731					判定不能
编	57	綸	0.712					判定不能
门	57	囗	0.737					判定不能
伞	55	余	0.611	傘	0.579	6	5	yes
坚	55	堅	0.640					判定不能
层	55	居	0.671	層	0.586	24	8	yes
疗	55	疔	0.743	療	0.516	133	20	no
觉	55	党	0.664					判定不能
评	55	怦	0.680					判定不能
软	55	欣	0.681					判定不能
备	54	各	0.718					判定不能
蓝	54	蓋	0.668					判定不能
补	54	朴	0.700					判定不能
举	53	挙	0.670					判定不能
货	53	貨	0.678					判定不能
轨	53	軌	0.663					判定不能
闪	53	囚	0.771					判定不能
诱	52	邇	0.624					判定不能
鸡	52	鳴	0.646	鶏	0.571	49	5	yes
击	51	出	0.683					判定不能
猎	51	猫	0.718					判定不能
银	51	根	0.744	銀	0.687	6	2	yes
织	50	枳	0.687	織	0.512	1305	184	no
题	50	題	0.746					判定不能
总	49	息	0.676					判定不能
荡	49	茵	0.658					判定不能
赞	49	贊	0.644					判定不能
选	49	透	0.687					判定不能
纯	48	純	0.676	純	0.676	1	1	yes
废	47	唐	0.678					判定不能
态	47	悉	0.647					判定不能
读	47	懍	0.618					判定不能
资	47	資	0.706					判定不能
辩	47	辨	0.695					判定不能
验	47	胯	0.615					判定不能
鹰	47	鷹	0.715	鷹	0.715	1	1	yes
专	45	妾	0.568					判定不能
亲	45	余	0.688					判定不能
发	45	友	0.685	発	0.455	4011	638	no
录	45	余	0.634					判定不能
订	45	灯	0.740					判定不能
许	45	忤	0.705					判定不能
问	45	向	0.694					判定不能
创	44	伽	0.665					判定不能
喷	44	噴	0.708					判定不能
实	44	実	0.641	実	0.641	1	1	yes
岁	44	雇	0.575					判定不能
竞	44	竟	0.723					判定不能
药	44	葯	0.777	薬	0.538	488	57	no
视	44	視	0.747					判定不能
贝	44	央	0.606	貝	0.603	3	2	yes
钩	44	鈎	0.699					判定不能
块	43	決	0.739					判定不能
骗	43	蝙	0.714					判定不能
军	42	率	0.604	軍	0.568	17	8	yes
开	42	廾	0.758					判定不能
济	42	済	0.685					判定不能
绳	42	捕	0.665	縄	0.640	2	2	yes
试	42	拭	0.654					判定不能
饮	42	炊	0.694					判定不能
严	41	匪	0.561					判定不能
亚	41	血	0.643					判定不能
污	41	汚	0.701					判定不能
钻	41	帖	0.739					判定不能
饰	41	旆	0.660					判定不能
关	40	失	0.621	関	0.482	498	104	no
载	40	栽	0.658					判定不能
庆	39	庚	0.647					判定不能
约	39	灼	0.663	約	0.618	6	3	yes
连	39	逋	0.700					判定不能
饱	39	抱	0.794					判定不能
鸣	39	鳴	0.711	鳴	0.711	1	1	yes
壶	38	壺	0.709					判定不能
扰	38	挑	0.706					判定不能
杂	38	奈	0.701					判定不能
偷	37	偸	0.765					判定不能
样	37	祥	0.803	様	0.650	43	7	yes
缝	37	縫	0.718					判定不能
译	37	掻	0.625					判定不能
业	36	亜	0.715					判定不能
库	36	廩	0.668					判定不能
损	36	捐	0.715					判定不能
紧	36	素	0.674					判定不能
谐	36	揩	0.745					判定不能
进	36	迯	0.698	進	0.584	91	26	no
队	36	吠	0.628					判定不能
颈	36	預	0.673					判定不能
东	35	耒	0.593					判定不能
妆	35	状	0.674					判定不能
桥	35	栫	0.690					判定不能
欢	35	炊	0.633					判定不能
针	35	杼	0.633	針	0.572	63	12	no
铜	35	粫	0.709	銅	0.700	3	1	yes
锅	35	蝸	0.671					判定不能
驱	35	躯	0.704					判定不能
宽	34	寛	0.708					判定不能
码	34	碣	0.672					判定不能
荣	34	茉	0.711					判定不能
获	34	荻	0.762					判定不能
诉	34	拆	0.697					判定不能
锁	34	鎮	0.642	鎖	0.639	4	1	yes
锐	34	鋭	0.721	鋭	0.721	1	1	yes
储	33	赭	0.684					判定不能
德	33	撼	0.657					判定不能
拧	33	控	0.699					判定不能
联	33	朕	0.700					判定不能
诗	33	侍	0.780					判定不能
错	33	錯	0.712	錯	0.712	1	1	yes
尘	32	圭	0.685					判定不能
氯	32	氤	0.679					判定不能
简	32	筒	0.706					判定不能
肿	32	脾	0.748					判定不能
胜	32	胛	0.742					判定不能
观	32	規	0.640	観	0.556	447	54	no
兰	31	彑	0.563	蘭	0.438	896	160	no
涡	31	泯	0.660					判定不能
疮	31	疥	0.711					判定不能
缩	31	縮	0.667	縮	0.667	1	1	yes
罚	31	蜀	0.615					判定不能
虾	31	虹	0.702					判定不能
阶	31	險	0.635					判定不能
领	31	領	0.747					判定不能
为	30	力	0.612	為	0.493	139	38	no
让	30	仕	0.676					判定不能
课	30	保	0.668					判定不能
谢	30	謝	0.646					判定不能
颜	30	顔	0.762					判定不能
厢	29	朋	0.684					判定不能
晚	29	晩	0.796					判定不能
皱	29	皷	0.714					判定不能
纹	29	蚊	0.640					判定不能
财	29	財	0.768					判定不能
贵	29	豈	0.674					判定不能
阴	29	明	0.690	陰	0.507	2542	358	no
饼	29	掛	0.647					判定不能
兑	28	兌	0.640					判定不能
剑	28	剖	0.683					判定不能
夹	28	夬	0.672					判定不能
抢	28	拾	0.677					判定不能
汇	28	氾	0.652					判定不能
绘	28	絵	0.616					判定不能
继	28	惟	0.654					判定不能
设	28	役	0.700					判定不能
账	28	販	0.677					判定不能
轴	28	岫	0.739					判定不能
习	27	万	0.621	習	0.497	57	15	no
烧	27	煤	0.648					判定不能
裤	27	褓	0.684					判定不能
访	27	坊	0.738					判定不能
钉	27	釘	0.662	釘	0.662	1	1	yes
锤	27	捶	0.709					判定不能
锥	27	帷	0.729					判定不能
驾	27	駕	0.634					判定不能
鸦	27	鴉	0.704					判定不能
审	26	寧	0.666					判定不能
宫	26	宮	0.681					判定不能
涉	26	渉	0.699					判定不能
纤	26	竏	0.694					判定不能
肾	26	背	0.692					判定不能
蚀	26	柚	0.659					判定不能
预	26	預	0.739					判定不能
颤	26	顫	0.731					判定不能
骑	26	猗	0.713					判定不能
买	25	栗	0.557					判定不能
岛	25	島	0.655					判定不能
巢	25	菓	0.745					判定不能
贪	25	食	0.637					判定不能
还	25	逹	0.625	還	0.530	172	40	no
酱	25	債	0.636					判定不能
铅	25	鉛	0.686	鉛	0.686	1	1	yes
鸽	25	鴿	0.750					判定不能
寻	24	界	0.624					判定不能
师	24	呷	0.671					判定不能
扬	24	扠	0.663					判定不能
每	24	毎	0.865					判定不能
浇	24	洗	0.651					判定不能
缆	24	纜	0.633					判定不能
诚	24	城	0.712					判定不能
费	24	賈	0.655					判定不能
雾	24	霙	0.649					判定不能
频	24	頻	0.819					判定不能
鹅	24	鸛	0.647					判定不能
卫	23	下	0.588					判定不能
厌	23	仄	0.747					判定不能
吞	23	谷	0.638					判定不能
场	23	燭	0.628					判定不能
扫	23	扣	0.689					判定不能
显	23	見	0.653					判定不能
杀	23	汞	0.615	殺	0.434	4465	726	no
栅	23	概	0.708					判定不能
篮	23	簸	0.651					判定不能
粪	23	異	0.630					判定不能
胀	23	脹	0.767					判定不能
脓	23	胱	0.691					判定不能
鲸	23	鯨	0.824					判定不能
势	22	勢	0.624					判定不能
换	22	挽	0.693					判定不能
皂	22	皃	0.610					判定不能
砖	22	硅	0.637					判定不能
讲	22	併	0.704					判定不能
哑	21	噪	0.654					判定不能
泻	21	溟	0.637					判定不能
类	21	巣	0.632					判定不能
统	21	統	0.719	統	0.719	1	1	yes
蝇	21	蝿	0.743					判定不能
谦	21	慊	0.684					判定不能
锯	21	踞	0.725					判定不能
驼	21	駝	0.700					判定不能
农	20	衣	0.734					判定不能
厅	20	庁	0.660					判定不能
啪	20	噸	0.716					判定不能
枪	20	栓	0.718					判定不能
纺	20	彷	0.663					判定不能
绒	20	絨	0.663					判定不能
缓	20	湲	0.720					判定不能
萝	20	蓐	0.646					判定不能
谋	20	楳	0.720					判定不能
须	20	須	0.701					判定不能
颊	20	頬	0.785					判定不能
丛	19	从	0.670					判定不能
丧	19	査	0.639					判定不能
垫	19	星	0.672					判定不能
恶	19	悪	0.739					判定不能
桩	19	椎	0.724					判定不能
樱	19	瓔	0.719					判定不能
汤	19	涌	0.638					判定不能
狮	19	獅	0.700					判定不能
瘫	19	瘁	0.670					判定不能
馏	19	瑠	0.733					判定不能
协	18	垪	0.674					判定不能
挥	18	押	0.728					判定不能
泵	18	杲	0.698					判定不能
签	18	笠	0.670					判定不能
纪	18	妃	0.681					判定不能
诊	18	珍	0.653					判定不能
诺	18	慊	0.638					判定不能
贩	18	販	0.725					判定不能
跷	18	路	0.682					判定不能
较	18	鮫	0.651					判定不能
键	18	腱	0.711					判定不能
洁	17	浩	0.800					判定不能
稳	17	稔	0.671					判定不能
莲	17	蓮	0.709					判定不能
训	17	佃	0.672	訓	0.451	5399	901	no
谱	17	屠	0.706					判定不能
贴	17	粘	0.708					判定不能
赌	17	賭	0.700					判定不能
钢	17	蛔	0.695	鋼	0.693	2	1	yes
锈	17	綉	0.702					判定不能
鸭	17	鴨	0.702					判定不能
鹦	17	鸚	0.663					判定不能
偿	16	僖	0.667					判定不能
垄	16	聖	0.633					判定不能
宪	16	宛	0.657					判定不能
惯	16	慣	0.724					判定不能
揭	16	褐	0.720					判定不能
查	16	奄	0.692					判定不能
滤	16	溥	0.676					判定不能
缠	16	躔	0.691					判定不能
罢	16	罟	0.694					判定不能
询	16	恂	0.744					判定不能
责	16	責	0.681					判定不能
铸	16	祷	0.750	鋳	0.709	3	1	yes
铺	16	脯	0.737	舗	0.601	398	50	no
阀	16	冏	0.690					判定不能
项	16	項	0.703					判定不能
颅	16	頡	0.659					判定不能
额	16	額	0.748					判定不能
鲜	16	鮮	0.807					判定不能
乌	15	鳥	0.610					判定不能
币	15	甲	0.658					判定不能
戏	15	戒	0.624					判定不能
执	15	找	0.654					判定不能
沥	15	沺	0.674					判定不能
渗	15	滲	0.680					判定不能
渴	15	喝	0.721					判定不能
灭	15	火	0.712					判定不能
焊	15	悍	0.775					判定不能
笼	15	笂	0.637					判定不能
纱	15	炒	0.729					判定不能
绝	15	絶	0.662					判定不能
舱	15	航	0.689					判定不能
虑	15	虐	0.758					判定不能
锚	15	描	0.715					判定不能
页	15	頁	0.668					判定不能
骄	15	勝	0.645					判定不能
鹤	15	鶴	0.728					判定不能
卤	14	鹵	0.717					判定不能
岗	14	崗	0.678					判定不能
晕	14	暈	0.732					判定不能
枣	14	事	0.635					判定不能
监	14	盖	0.671					判定不能
积	14	枳	0.786					判定不能
竖	14	豎	0.616					判定不能
苇	14	第	0.704					判定不能
轰	14	蓋	0.636					判定不能
销	14	梢	0.755	銷	0.715	2	1	yes
鳞	14	鱗	0.756					判定不能
龟	14	亀	0.652					判定不能
优	13	佻	0.656					判定不能
够	13	夥	0.633					判定不能
毁	13	毀	0.837					判定不能
烫	13	燹	0.607					判定不能
狱	13	献	0.660					判定不能
癣	13	癬	0.753					判定不能
缘	13	椽	0.690					判定不能
营	13	菅	0.765					判定不能
诈	13	作	0.715					判定不能
遗	13	遣	0.732					判定不能
钠	13	蚋	0.741					判定不能
险	13	除	0.713					判定不能
顽	13	頑	0.738					判定不能
馆	13	綰	0.696					判定不能
仓	12	壱	0.638					判定不能
奖	12	萸	0.625					判定不能
抚	12	枕	0.703					判定不能
摄	12	攝	0.651					判定不能
槛	12	楹	0.716					判定不能
烦	12	煩	0.809					判定不能
矾	12	研	0.701					判定不能
纳	12	衲	0.699					判定不能
绣	12	綉	0.651					判定不能
聋	12	葺	0.650					判定不能
荧	12	萸	0.652					判定不能
蚁	12	蚊	0.749					判定不能
谜	12	健	0.672					判定不能
铃	12	蛉	0.711	鈴	0.642	5	1	yes
铲	12	粐	0.604					判定不能
锻	12	椴	0.766					判定不能
阁	12	閤	0.683					判定不能
鳄	12	鰐	0.814					判定不能
历	11	仄	0.629					判定不能
娱	11	蜈	0.750					判定不能
搅	11	撹	0.720					判定不能
摆	11	楞	0.719					判定不能
柠	11	椌	0.730					判定不能
秃	11	禿	0.794					判定不能
纬	11	卸	0.633					判定不能
练	11	踪	0.629					判定不能
谨	11	僅	0.802					判定不能
贯	11	貫	0.680					判定不能
贿	11	賄	0.741					判定不能
赛	11	蹇	0.741					判定不能
赢	11	贏	0.774					判定不能
辅	11	脯	0.704					判定不能
锡	11	裼	0.722					判定不能
陆	11	陥	0.691					判定不能
颂	11	頌	0.755					判定不能
们	10	們	0.665	們	0.665	1	1	yes
张	10	弭	0.632					判定不能
扩	10	枦	0.684					判定不能
捣	10	槝	0.716					判定不能
敌	10	故	0.687					判定不能
炼	10	恠	0.671					判定不能
砾	10	砥	0.692					判定不能
祸	10	褐	0.743					判定不能
绞	10	皎	0.677					判定不能
缀	10	綴	0.650					判定不能
讽	10	珮	0.645					判定不能
锌	10	梓	0.675					判定不能
饶	10	焼	0.647					判定不能
伦	9	价	0.704					判定不能
冻	9	凉	0.658					判定不能
凯	9	凱	0.700					判定不能
嗡	9	喘	0.712					判定不能
帐	9	帆	0.708					判定不能
庙	9	廁	0.659					判定不能
恼	9	悃	0.697					判定不能
愤	9	懦	0.664					判定不能
栏	9	杞	0.653					判定不能
歼	9	粁	0.669					判定不能
爷	9	釜	0.598	爺	0.541	7	1	yes
绵	9	棉	0.727					判定不能
舰	9	舸	0.718					判定不能
茧	9	菫	0.649					判定不能
莺	9	蒭	0.628					判定不能
谍	9	渫	0.715					判定不能
谎	9	慌	0.720					判定不能
谣	9	揺	0.741					判定不能
贞	9	寅	0.648					判定不能
邻	9	邨	0.651					判定不能
释	9	粁	0.662					判定不能
闸	9	圃	0.715					判定不能
闹	9	岡	0.762					判定不能
顾	9	頗	0.682					判定不能
驯	9	訓	0.721					判定不能
驳	9	駁	0.663					判定不能
鲨	9	鯊	0.636					判定不能
鸵	9	駝	0.686					判定不能
鹃	9	鵑	0.717					判定不能
侦	8	偵	0.733					判定不能
兴	8	異	0.592					判定不能
则	8	剔	0.693					判定不能
垛	8	悚	0.655					判定不能
宠	8	充	0.669					判定不能
庐	8	府	0.609					判定不能
归	8	凹	0.612					判定不能
彻	8	恂	0.700					判定不能
椭	8	櫚	0.699					判定不能
泽	8	淨	0.676					判定不能
溅	8	濺	0.703					判定不能
烛	8	煉	0.733					判定不能
窝	8	窩	0.657					判定不能
筛	8	籀	0.646					判定不能
篡	8	簒	0.704					判定不能
纵	8	愀	0.610					判定不能
聪	8	鵈	0.724					判定不能
谤	8	傍	0.833					判定不能
贡	8	買	0.687					判定不能
轧	8	乳	0.699					判定不能
违	8	述	0.686					判定不能
钙	8	蝟	0.618					判定不能
钳	8	蚶	0.700					判定不能
钾	8	神	0.680					判定不能
隐	8	陣	0.665					判定不能
飘	8	瓢	0.709					判定不能
驴	8	舮	0.679					判定不能
劝	7	幼	0.687					判定不能
婴	7	嬰	0.684					判定不能
忧	7	恍	0.676					判定不能
悬	7	号	0.657					判定不能
挤	7	接	0.667					判定不能
斋	7	需	0.659					判定不能
暂	7	皙	0.668					判定不能
榄	7	椶	0.715					判定不能
罗	7	罟	0.585					判定不能
苍	7	芥	0.681					判定不能
诲	7	悔	0.797					判定不能
诵	7	桶	0.734					判定不能
谬	7	摎	0.667					判定不能
赏	7	賞	0.702					判定不能
轻	7	耗	0.614					判定不能
钝	7	純	0.686					判定不能
陨	7	限	0.726					判定不能
驻	7	脛	0.662					判定不能
临	6	唯	0.655					判定不能
仪	6	仗	0.686					判定不能
喻	6	喩	0.739					判定不能
嚎	6	噎	0.674					判定不能
坛	6	伝	0.646					判定不能
拦	6	拉	0.642					判定不能
涩	6	池	0.681					判定不能
滥	6	濫	0.707					判定不能
疟	6	症	0.713					判定不能
维	6	推	0.720	維	0.641	9	2	yes
绸	6	惆	0.739					判定不能
缎	6	椴	0.752					判定不能
脐	6	胼	0.711					判定不能
蜕	6	蜆	0.705					判定不能
谚	6	偐	0.703					判定不能
贺	6	賀	0.638					判定不能
输	6	瑜	0.727					判定不能
铝	6	梠	0.722					判定不能
颁	6	頒	0.754					判定不能
颠	6	顛	0.787					判定不能
鲤	6	鯉	0.862					判定不能
尔	5	尓	0.792					判定不能
懒	5	瀬	0.686					判定不能
拥	5	押	0.818					判定不能
胁	5	肪	0.704					判定不能
谈	5	淡	0.671					判定不能
谓	5	消	0.667					判定不能
败	5	畋	0.753					判定不能
贬	5	貶	0.660					判定不能
镐	5	稿	0.753					判定不能
镑	5	榜	0.722					判定不能
饲	5	惆	0.674					判定不能
鸥	5	鴎	0.697					判定不能
鹊	5	鷁	0.653					判定不能
齐	5	吝	0.701					判定不能
仅	4	俣	0.636					判定不能
劲	4	助	0.673					判定不能
呕	4	咽	0.678					判定不能
啃	4	哨	0.721					判定不能
垒	4	堊	0.664					判定不能
孙	4	秤	0.608					判定不能
枫	4	柤	0.695					判定不能
桨	4	梨	0.675					判定不能
润	4	涸	0.752					判定不能
滩	4	雕	0.654					判定不能
牺	4	栖	0.762					判定不能
琐	4	瑣	0.752					判定不能
矫	4	矮	0.621					判定不能
硕	4	碩	0.738					判定不能
绎	4	烽	0.636					判定不能
缚	4	愽	0.733					判定不能
腾	4	膾	0.690					判定不能
荆	4	刳	0.692					判定不能
贫	4	貧	0.677					判定不能
辉	4	解	0.629					判定不能
这	4	迭	0.689					判定不能
递	4	遇	0.703					判定不能
锄	4	耡	0.733					判定不能
锦	4	棉	0.766	錦	0.681	3	2	yes
难	4	雉	0.717	難	0.569	198	28	no
饺	4	蛟	0.669					判定不能
驰	4	腫	0.656					判定不能
鹉	4	鷆	0.641					判定不能
厕	3	厠	0.735					判定不能
吗	3	鳴	0.645					判定不能
坠	3	墜	0.653					判定不能
奋	3	杳	0.702					判定不能
娇	3	姚	0.673					判定不能
怀	3	怦	0.703					判定不能
拟	3	揖	0.687					判定不能
晓	3	眺	0.649					判定不能
术	3	木	0.825					判定不能
杨	3	杤	0.695					判定不能
桦	3	樵	0.693					判定不能
浊	3	油	0.774					判定不能
涨	3	漲	0.712					判定不能
玛	3	羯	0.622					判定不能
绕	3	綫	0.649					判定不能
脏	3	朖	0.707					判定不能
腻	3	膩	0.787					判定不能
苏	3	芬	0.607					判定不能
萤	3	苣	0.679					判定不能
讥	3	迸	0.649					判定不能
讹	3	枇	0.680					判定不能
赚	3	賺	0.754					判定不能
鉴	3	篁	0.627					判定不能
锣	3	螺	0.623					判定不能
锰	3	糯	0.666					判定不能
阵	3	陣	0.686					判定不能
顺	3	順	0.791					判定不能
驮	3	肋	0.633					判定不能
亩	2	市	0.743					判定不能
亿	2	仏	0.646					判定不能
凿	2	黹	0.710					判定不能
刚	2	刪	0.774					判定不能
叹	2	収	0.715					判定不能
啰	2	唖	0.636					判定不能
增	2	憎	0.770					判定不能
妇	2	妁	0.675					判定不能
宾	2	官	0.603					判定不能
户	2	戸	0.613					判定不能
拨	2	援	0.731					判定不能
挣	2	抂	0.666					判定不能
灿	2	畑	0.763					判定不能
础	2	砥	0.702					判定不能
绊	2	拌	0.661					判定不能
翘	2	翅	0.648					判定不能
蜗	2	蝎	0.767					判定不能
讨	2	忖	0.739					判定不能
诡	2	怩	0.656					判定不能
赠	2	贈	0.760					判定不能
轿	2	餅	0.608					判定不能
辐	2	幅	0.701					判定不能
辙	2	徹	0.716					判定不能
迟	2	近	0.687					判定不能
闲	2	困	0.669					判定不能
闻	2	閹	0.694					判定不能
际	2	阮	0.638					判定不能
颖	2	穎	0.721					判定不能
颗	2	顆	0.834					判定不能
骂	2	買	0.596					判定不能
乡	1	夢	0.537					判定不能
凤	1	凩	0.664					判定不能
篱	1	籥	0.657					判定不能
虽	1	凩	0.654					判定不能
诞	1	涎	0.757					判定不能
赖	1	頼	0.707					判定不能
铭	1	銘	0.639					判定不能
锹	1	愀	0.731					判定不能
顷	1	頃	0.711					判定不能
氢	0	氛	0.645					判定不能
贷	0	貸	0.664					判定不能
