層	分節	単独語数	単独接地率	合成語数	合成接地率	文脈保持率
tier0_CSV2890	pag	17	0.059	28	0.000	0.00
tier0_CSV2890	administr	10	0.700	4	0.000	0.00
tier0_CSV2890	instanc	3	0.333	3	0.000	0.00
tier0_CSV2890	sol	9	0.222	11	0.000	0.00
tier0_CSV2890	toler	8	0.125	3	0.000	0.00
tier0_CSV2890	kaduk	9	0.444	6	0.000	0.00
tier0_CSV2890	prezid	6	0.500	6	0.000	0.00
tier0_CSV2890	akcel	6	0.667	7	0.000	0.00
tier0_CSV2890	akcept	6	1.000	2	0.000	0.00
tier0_CSV2890	kompani	3	0.333	18	0.000	0.00
tier0_CSV2890	akrid	1	1.000	2	0.000	0.00
tier0_CSV2890	kav	8	0.750	18	0.000	0.00
tier0_CSV2890	akt	6	0.667	2	0.000	0.00
tier0_CSV2890	aktor	4	0.500	4	0.000	0.00
tier0_CSV2890	bar	9	0.333	12	0.000	0.00
tier0_CSV2890	central	3	1.000	12	0.000	0.00
tier0_CSV2890	lili	1	1.000	4	0.000	0.00
tier0_CSV2890	alfabet	9	0.667	1	0.000	0.00
tier0_CSV2890	alud	3	1.000	1	0.000	0.00
tier0_CSV2890	amar	1	1.000	1	0.000	0.00
tier0_CSV2890	buc^	5	0.800	4	0.000	0.00
tier0_CSV2890	amator	1	1.000	6	0.000	0.00
tier0_CSV2890	amor	7	0.286	2	0.000	0.00
tier0_CSV2890	vek	7	0.286	6	0.000	0.00
tier0_CSV2890	sopir	4	0.250	4	0.000	0.00
tier0_CSV2890	anim	12	0.167	12	0.000	0.00
tier0_CSV2890	pus^	23	0.130	6	0.000	0.00
tier0_CSV2890	mast	7	0.143	3	0.000	0.00
tier0_CSV2890	rimed	4	0.250	7	0.000	0.00
tier0_CSV2890	aparten	4	1.000	1	0.000	0.00
tier0_CSV2890	ritm	4	0.750	2	0.000	0.00
tier0_CSV2890	mekanik	7	0.714	9	0.000	0.00
tier0_CSV2890	tunel	1	1.000	4	0.000	0.00
tier0_CSV2890	aven	1	1.000	2	0.000	0.00
tier0_CSV2890	kok	8	0.125	7	0.000	0.00
tier0_CSV2890	etend	9	0.556	1	0.000	0.00
tier0_CSV2890	bedau^r	7	0.429	1	0.000	0.00
tier0_CSV2890	ber	3	0.667	19	0.000	0.00
tier0_CSV2890	bet	1	1.000	2	0.000	0.00
tier0_CSV2890	stri	5	0.400	12	0.000	0.00
tier0_CSV2890	brasik	4	0.500	8	0.000	0.00
tier0_CSV2890	blond	2	0.500	1	0.000	0.00
tier0_CSV2890	ekscit	8	0.375	2	0.000	0.00
tier0_CSV2890	fid	9	0.889	1	0.000	0.00
tier0_CSV2890	s^tip	4	0.500	2	0.000	0.00
tier0_CSV2890	bovl	1	1.000	1	0.000	0.00
tier0_CSV2890	brav	4	1.000	1	0.000	0.00
tier0_CSV2890	brid	3	0.667	1	0.000	0.00
tier0_CSV2890	dezert	8	0.750	3	0.000	0.00
tier0_CSV2890	burg^on	2	1.000	1	0.000	0.00
tier0_CSV2890	h^or	4	0.750	2	0.000	0.00
tier0_CSV2890	kaz	2	0.500	3	0.000	0.00
tier0_CSV2890	deleg	6	0.333	2	0.000	0.00
tier0_CSV2890	okaz	18	0.056	6	0.000	0.00
tier0_CSV2890	c^ifon	5	0.200	2	0.000	0.00
tier0_CSV2890	ink	2	0.500	6	0.000	0.00
tier0_CSV2890	tond	8	0.250	2	0.000	0.00
tier0_CSV2890	moment	4	0.250	7	0.000	0.00
tier0_CSV2890	sabat	4	1.000	1	0.000	0.00
tier0_CSV2890	klub	3	0.333	4	0.000	0.00
tier0_CSV2890	sekretari	3	1.000	4	0.000	0.00
tier0_CSV2890	deficit	1	1.000	2	0.000	0.00
tier0_CSV2890	komenc	13	0.692	5	0.000	0.00
tier0_CSV2890	kis	4	0.250	2	0.000	0.00
tier0_CSV2890	ruz	8	0.375	1	0.000	0.00
tier0_CSV2890	depon	6	0.167	4	0.000	0.00
tier0_CSV2890	film	8	0.500	21	0.000	0.00
tier0_CSV2890	sekc	14	0.357	4	0.000	0.00
tier0_CSV2890	klar	8	0.125	17	0.000	0.00
tier0_CSV2890	determin	8	1.000	1	0.000	0.00
tier0_CSV2890	konstant	5	0.200	11	0.000	0.00
tier0_CSV2890	favor	8	0.250	12	0.000	0.00
tier0_CSV2890	trakt	13	0.231	1	0.000	0.00
tier0_CSV2890	rev	12	0.250	3	0.000	0.00
tier0_CSV2890	split	6	0.167	1	0.000	0.00
tier0_CSV2890	s^au^m	8	0.125	5	0.000	0.00
tier0_CSV2890	dot	6	0.167	2	0.000	0.00
tier0_CSV2890	menton	3	0.667	2	0.000	0.00
tier0_CSV2890	g^erm	4	1.000	1	0.000	0.00
tier0_CSV2890	interes	13	0.077	6	0.000	0.00
tier0_CSV2890	ekran	4	0.250	8	0.000	0.00
tier0_CSV2890	koloni	10	0.100	6	0.000	0.00
tier0_CSV2890	pi	7	0.429	2	0.000	0.00
tier0_CSV2890	ekstr	4	0.500	2	0.000	0.00
tier0_CSV2890	raz	4	0.500	6	0.000	0.00
tier0_CSV2890	s^arg	13	0.385	15	0.000	0.00
tier0_CSV2890	elimin	3	1.000	1	0.000	0.00
tier0_CSV2890	ramp	9	0.111	1	0.000	0.00
tier0_CSV2890	enciklopedi	3	1.000	1	0.000	0.00
tier0_CSV2890	escept	6	0.667	1	0.000	0.00
tier0_CSV2890	eskap	2	1.000	2	0.000	0.00
tier0_CSV2890	estim	5	1.000	1	0.000	0.00
tier0_CSV2890	skal	4	0.250	8	0.000	0.00
tier0_CSV2890	eventual	4	0.500	3	0.000	0.00
tier0_CSV2890	evit	6	0.833	3	0.000	0.00
tier0_CSV2890	fabel	6	0.500	1	0.000	0.00
tier0_CSV2890	facil	5	0.600	14	0.000	0.00
tier0_CSV2890	sitel	1	1.000	1	0.000	0.00
tier0_CSV2890	fikci	3	0.667	5	0.000	0.00
tier0_CSV2890	prezent	16	0.062	6	0.000	0.00
tier0_CSV2890	fili	1	1.000	1	0.000	0.00
tier0_CSV2890	firma	2	0.500	2	0.000	0.00
tier0_CSV2890	verg	5	0.400	4	0.000	0.00
tier0_CSV2890	institut	1	1.000	1	0.000	0.00
tier0_CSV2890	sciur	1	1.000	1	0.000	0.00
tier0_CSV2890	forges	10	0.800	1	0.000	0.00
tier0_CSV2890	pere	6	0.333	1	0.000	0.00
tier0_CSV2890	spit	5	0.600	1	0.000	0.00
tier0_CSV2890	gigant	3	1.000	1	0.000	0.00
tier0_CSV2890	glat	2	0.500	3	0.000	0.00
tier0_CSV2890	grotesk	3	0.333	2	0.000	0.00
tier0_CSV2890	g^entil	5	1.000	1	0.000	0.00
tier0_CSV2890	tuber	3	0.667	6	0.000	0.00
tier0_CSV2890	ve	4	0.250	5	0.000	0.00
tier0_CSV2890	ident	6	0.667	2	0.000	0.00
tier0_CSV2890	imperi	8	1.000	3	0.000	0.00
tier0_CSV2890	impon	3	0.667	3	0.000	0.00
tier0_CSV2890	inkluziv	4	1.000	1	0.000	0.00
tier0_CSV2890	instig	4	0.250	2	0.000	0.00
tier0_CSV2890	insult	5	0.400	2	0.000	0.00
tier0_CSV2890	sekv	19	0.158	11	0.000	0.00
tier0_CSV2890	ironi	5	0.200	1	0.000	0.00
tier0_CSV2890	lac	8	1.000	2	0.000	0.00
tier0_CSV2890	simil	6	0.833	2	0.000	0.00
tier0_CSV2890	kapr	5	0.200	4	0.000	0.00
tier0_CSV2890	krest	1	1.000	3	0.000	0.00
tier0_CSV2890	klopod	5	0.400	1	0.000	0.00
tier0_CSV2890	manovr	2	0.500	2	0.000	0.00
tier0_CSV2890	kondamn	4	0.250	2	0.000	0.00
tier0_CSV2890	kondolenc	3	1.000	1	0.000	0.00
tier0_CSV2890	konfidenc	6	0.167	1	0.000	0.00
tier0_CSV2890	pilol	1	1.000	2	0.000	0.00
tier0_CSV2890	tus	4	0.500	2	0.000	0.00
tier0_CSV2890	koridor	1	1.000	2	0.000	0.00
tier0_CSV2890	rest	12	0.167	9	0.000	0.00
tier0_CSV2890	stimul	4	1.000	2	0.000	0.00
tier0_CSV2890	krab	1	1.000	1	0.000	0.00
tier0_CSV2890	mac^	5	0.200	3	0.000	0.00
tier0_CSV2890	piz	2	0.500	2	0.000	0.00
tier0_CSV2890	laboratori	1	1.000	2	0.000	0.00
tier0_CSV2890	vilag^	5	0.800	1	0.000	0.00
tier0_CSV2890	lak	3	1.000	1	0.000	0.00
tier0_CSV2890	lamen	6	0.833	6	0.000	0.00
tier0_CSV2890	latun	3	0.333	1	0.000	0.00
tier0_CSV2890	teg	4	1.000	2	0.000	0.00
tier0_CSV2890	liver	5	0.800	4	0.000	0.00
tier0_CSV2890	mat	5	0.800	3	0.000	0.00
tier0_CSV2890	rifug^	5	0.800	2	0.000	0.00
tier0_CSV2890	mild	4	0.250	3	0.000	0.00
tier0_CSV2890	net	4	1.000	5	0.000	0.00
tier0_CSV2890	ofert	2	1.000	2	0.000	0.00
tier0_CSV2890	orator	4	0.750	2	0.000	0.00
tier0_CSV2890	origin	4	0.750	5	0.000	0.00
tier0_CSV2890	palpebr	3	0.667	1	0.000	0.00
tier0_CSV2890	panik	3	1.000	1	0.000	0.00
tier0_CSV2890	patron	4	1.000	1	0.000	0.00
tier0_CSV2890	persekut	7	0.857	1	0.000	0.00
tier0_CSV2890	renkont	6	0.333	1	0.000	0.00
tier0_CSV2890	plad	3	1.000	2	0.000	0.00
tier0_CSV2890	plast	3	1.000	3	0.000	0.00
tier0_CSV2890	praktik	8	0.500	6	0.000	0.00
tier0_CSV2890	precip	2	0.500	1	0.000	0.00
tier0_CSV2890	pudr	3	0.333	1	0.000	0.00
tier0_CSV2890	pugn	2	0.500	3	0.000	0.00
tier0_CSV2890	vip	4	0.250	5	0.000	0.00
tier0_CSV2890	start	7	0.429	1	0.000	0.00
tier0_CSV2890	sagac	3	1.000	2	0.000	0.00
tier0_CSV2890	veng^	7	0.143	3	0.000	0.00
tier0_CSV2890	satan	3	1.000	1	0.000	0.00
tier0_CSV2890	tempest	1	1.000	1	0.000	0.00
tier0_CSV2890	specif	5	0.800	4	0.000	0.00
tier0_CSV2890	stok	4	0.250	1	0.000	0.00
tier0_CSV2890	strang	5	0.800	3	0.000	0.00
tier0_CSV2890	subjekt	6	1.000	1	0.000	0.00
tier0_CSV2890	tabu	4	0.750	1	0.000	0.00
tier0_CSV2890	tajp	2	0.500	1	0.000	0.00
tier0_CSV2890	teras	2	0.500	1	0.000	0.00
tier0_CSV2890	tigr	2	0.500	2	0.000	0.00
tier0_CSV2890	veget	9	0.111	8	0.000	0.00
tier0_CSV2890	van	2	0.500	6	0.000	0.00
tier0_CSV2890	kultur	7	0.714	32	0.031	0.04
tier0_CSV2890	konsum	8	0.750	14	0.071	0.10
tier0_CSV2890	kvartal	6	0.833	12	0.083	0.10
tier0_CSV2890	mens	3	1.000	10	0.100	0.10
tier0_CSV2890	aviad	6	0.500	19	0.053	0.11
tier0_CSV2890	figur	6	0.667	12	0.083	0.12
tier0_CSV2890	infekt	9	1.000	8	0.125	0.12
tier0_CSV2890	ordinar	4	0.750	11	0.091	0.12
tier0_CSV2890	krud	5	0.600	14	0.071	0.12
tier0_CSV2890	glit	11	1.000	15	0.133	0.13
tier0_CSV2890	ven	30	0.500	43	0.070	0.14
tier0_CSV2890	pentr	6	0.500	13	0.077	0.15
tier0_CSV2890	intens	7	0.429	16	0.062	0.15
tier0_CSV2890	lert	6	0.833	8	0.125	0.15
tier0_CSV2890	societ	6	1.000	6	0.167	0.17
tier0_CSV2890	au^t	5	0.400	39	0.077	0.19
tier0_CSV2890	cerv	4	0.750	7	0.143	0.19
tier0_CSV2890	ric^	8	0.625	40	0.125	0.20
tier0_CSV2890	pent	5	1.000	5	0.200	0.20
tier0_CSV2890	ran	1	1.000	5	0.200	0.20
tier0_CSV2890	s^torm	3	0.667	7	0.143	0.21
tier0_CSV2890	apog	7	1.000	9	0.222	0.22
tier0_CSV2890	pov	7	0.857	31	0.194	0.23
tier0_CSV2890	font	2	0.500	26	0.115	0.23
tier0_CSV2890	g^ust	7	0.714	6	0.167	0.23
tier0_CSV2890	bon	15	0.400	65	0.092	0.23
tier0_CSV2890	takt	7	0.857	5	0.200	0.23
tier0_CSV2890	izol	12	0.250	17	0.059	0.24
tier0_CSV2890	nivel	5	0.400	20	0.100	0.25
tier0_CSV2890	bapt	5	1.000	8	0.250	0.25
tier0_CSV2890	ekzakt	3	1.000	4	0.250	0.25
tier0_CSV2890	nuks	1	1.000	8	0.250	0.25
tier0_CSV2890	fekund	5	1.000	4	0.250	0.25
tier0_CSV2890	fidel	4	1.000	4	0.250	0.25
tier0_CSV2890	formal	7	1.000	4	0.250	0.25
tier0_CSV2890	rau^p	1	1.000	4	0.250	0.25
tier0_CSV2890	unik	3	1.000	4	0.250	0.25
tier0_CSV2890	fend	10	0.600	13	0.154	0.26
tier0_CSV2890	objekt	9	0.444	17	0.118	0.26
tier0_CSV2890	agent	3	1.000	11	0.273	0.27
tier0_CSV2890	astr	6	0.333	11	0.091	0.27
tier0_CSV2890	aparat	1	1.000	18	0.278	0.28
tier0_CSV2890	arang^	5	0.600	6	0.167	0.28
tier0_CSV2890	dik	7	0.714	15	0.200	0.28
tier0_CSV2890	rigid	7	0.714	5	0.200	0.28
tier0_CSV2890	neces	10	0.900	4	0.250	0.28
tier0_CSV2890	fon	12	0.167	41	0.049	0.29
tier0_CSV2890	brul	21	0.571	30	0.167	0.29
tier0_CSV2890	fung	1	1.000	7	0.286	0.29
tier0_CSV2890	varm	18	0.444	63	0.127	0.29
tier0_CSV2890	sens	12	0.833	8	0.250	0.30
tier0_CSV2890	esplor	11	0.545	12	0.167	0.31
tier0_CSV2890	fond	10	0.400	8	0.125	0.31
tier0_CSV2890	ik	4	0.750	33	0.242	0.32
tier0_CSV2890	kresk	16	0.312	10	0.100	0.32
tier0_CSV2890	kontakt	6	1.000	6	0.333	0.33
tier0_CSV2890	proksim	16	1.000	3	0.333	0.33
tier0_CSV2890	tribunal	1	1.000	3	0.333	0.33
tier0_CSV2890	tambur	7	1.000	3	0.333	0.33
tier0_CSV2890	gent	1	1.000	3	0.333	0.33
tier0_CSV2890	dolc^	8	1.000	15	0.333	0.33
tier0_CSV2890	dung	8	1.000	3	0.333	0.33
tier0_CSV2890	marc^	4	1.000	9	0.333	0.33
tier0_CSV2890	mani	5	0.600	10	0.200	0.33
tier0_CSV2890	projekt	3	1.000	6	0.333	0.33
tier0_CSV2890	ripoz	4	1.000	6	0.333	0.33
tier0_CSV2890	hazard	4	0.750	4	0.250	0.33
tier0_CSV2890	kastel	2	1.000	6	0.333	0.33
tier0_CSV2890	torent	4	1.000	3	0.333	0.33
tier0_CSV2890	mus	1	1.000	6	0.333	0.33
tier0_CSV2890	mor	2	1.000	3	0.333	0.33
tier0_CSV2890	motiv	6	1.000	3	0.333	0.33
tier0_CSV2890	paradiz	2	1.000	3	0.333	0.33
tier0_CSV2890	vesp	1	1.000	3	0.333	0.33
tier0_CSV2890	arm	7	0.857	17	0.294	0.34
tier0_CSV2890	graf	26	0.115	51	0.039	0.34
tier0_CSV2890	program	6	0.167	17	0.059	0.35
tier0_CSV2890	vic	15	0.600	37	0.216	0.36
tier0_CSV2890	indik	6	0.833	10	0.300	0.36
tier0_CSV2890	kviet	10	0.900	6	0.333	0.37
tier0_CSV2890	har	6	0.833	38	0.316	0.38
tier0_CSV2890	kuv	3	0.667	4	0.250	0.38
tier0_CSV2890	pastr	6	0.667	4	0.250	0.38
tier0_CSV2890	tig	1	1.000	8	0.375	0.38
tier0_CSV2890	karton	3	0.333	8	0.125	0.38
tier0_CSV2890	oficir	2	1.000	5	0.400	0.40
tier0_CSV2890	kas^tan	1	1.000	5	0.400	0.40
tier0_CSV2890	tali	2	1.000	5	0.400	0.40
tier0_CSV2890	fab	2	1.000	5	0.400	0.40
tier0_CSV2890	evolu	8	0.625	8	0.250	0.40
tier0_CSV2890	fask	2	1.000	5	0.400	0.40
tier0_CSV2890	gorg^	2	0.500	5	0.200	0.40
tier0_CSV2890	kruel	6	1.000	5	0.400	0.40
tier0_CSV2890	normal	4	1.000	5	0.400	0.40
tier0_CSV2890	dorm	20	0.200	12	0.083	0.42
tier0_CSV2890	balot	8	0.875	11	0.364	0.42
tier0_CSV2890	s^ak	5	0.600	8	0.250	0.42
tier0_CSV2890	sufok	5	0.800	3	0.333	0.42
tier0_CSV2890	vant	5	0.600	4	0.250	0.42
tier0_CSV2890	distribu	7	1.000	7	0.429	0.43
tier0_CSV2890	tur	3	1.000	21	0.429	0.43
tier0_CSV2890	gram	3	0.333	21	0.143	0.43
tier0_CSV2890	met	43	0.302	15	0.133	0.44
tier0_CSV2890	c^erk	4	0.750	3	0.333	0.44
tier0_CSV2890	teknik	5	1.000	9	0.444	0.44
tier0_CSV2890	solid	8	1.000	9	0.444	0.44
tier0_CSV2890	centr	13	0.231	29	0.103	0.45
tier0_CSV2890	ten	33	0.182	37	0.081	0.45
tier0_CSV2890	sign	21	0.381	47	0.170	0.45
tier0_CSV2890	griz	5	0.800	11	0.364	0.45
tier0_CSV2890	cit	6	0.833	8	0.375	0.45
tier0_CSV2890	diabl	8	0.875	5	0.400	0.46
tier0_CSV2890	pec	9	0.333	13	0.154	0.46
tier0_CSV2890	kamp	9	0.222	48	0.104	0.47
tier0_CSV2890	okul	7	0.857	40	0.400	0.47
tier0_CSV2890	hav	17	0.294	36	0.139	0.47
tier0_CSV2890	lign	11	0.909	28	0.429	0.47
tier0_CSV2890	perd	7	0.857	10	0.400	0.47
tier0_CSV2890	star	28	0.714	15	0.333	0.47
tier0_CSV2890	rezult	7	0.857	5	0.400	0.47
tier0_CSV2890	leter	8	0.125	33	0.061	0.48
tier0_CSV2890	sistem	7	0.857	43	0.419	0.49
tier0_CSV2890	faktor	1	1.000	4	0.500	0.50
tier0_CSV2890	imun	5	1.000	12	0.500	0.50
tier0_CSV2890	alarm	5	1.000	4	0.500	0.50
tier0_CSV2890	almoz	4	0.500	4	0.250	0.50
tier0_CSV2890	ark	6	0.167	12	0.083	0.50
tier0_CSV2890	invalid	2	1.000	2	0.500	0.50
tier0_CSV2890	kapabl	6	1.000	16	0.500	0.50
tier0_CSV2890	kostum	2	1.000	10	0.500	0.50
tier0_CSV2890	dub	11	1.000	4	0.500	0.50
tier0_CSV2890	cikad	1	1.000	2	0.500	0.50
tier0_CSV2890	sorc^	9	1.000	4	0.500	0.50
tier0_CSV2890	seri	5	1.000	8	0.500	0.50
tier0_CSV2890	nud	9	1.000	6	0.500	0.50
tier0_CSV2890	egal	10	1.000	20	0.500	0.50
tier0_CSV2890	elegant	4	0.500	4	0.250	0.50
tier0_CSV2890	emerit	5	1.000	2	0.500	0.50
tier0_CSV2890	polur	5	1.000	2	0.500	0.50
tier0_CSV2890	teknologi	1	1.000	4	0.500	0.50
tier0_CSV2890	influ	4	1.000	2	0.500	0.50
tier0_CSV2890	integr	6	0.667	3	0.333	0.50
tier0_CSV2890	kamen	1	1.000	6	0.500	0.50
tier0_CSV2890	konsol	4	1.000	2	0.500	0.50
tier0_CSV2890	venen	8	1.000	6	0.500	0.50
tier0_CSV2890	lojal	3	0.667	3	0.333	0.50
tier0_CSV2890	monument	2	1.000	2	0.500	0.50
tier0_CSV2890	oblikv	5	1.000	2	0.500	0.50
tier0_CSV2890	prokrast	6	1.000	4	0.500	0.50
tier0_CSV2890	prun	1	1.000	2	0.500	0.50
tier0_CSV2890	trankvil	8	1.000	2	0.500	0.50
tier0_CSV2890	prunt	9	0.778	10	0.400	0.51
tier0_CSV2890	hejm	8	0.625	22	0.318	0.51
tier0_CSV2890	pik	11	0.545	14	0.286	0.52
tier0_CSV2890	okup	11	0.636	3	0.333	0.52
tier0_CSV2890	radi	22	0.591	70	0.314	0.53
tier0_CSV2890	sci	18	0.889	15	0.467	0.53
tier0_CSV2890	hau^t	4	1.000	19	0.526	0.53
tier0_CSV2890	tus^	14	0.714	16	0.375	0.53
tier0_CSV2890	reg	25	0.320	23	0.174	0.54
tier0_CSV2890	famili	5	1.000	13	0.538	0.54
tier0_CSV2890	tol	3	1.000	13	0.538	0.54
tier0_CSV2890	j^et	18	0.889	25	0.480	0.54
tier0_CSV2890	lip	3	1.000	13	0.538	0.54
tier0_CSV2890	element	3	1.000	13	0.538	0.54
tier0_CSV2890	universal	5	0.800	14	0.429	0.54
tier0_CSV2890	kurag^	11	0.909	2	0.500	0.55
tier0_CSV2890	spac	7	0.571	16	0.312	0.55
tier0_CSV2890	tru	8	0.875	23	0.478	0.55
tier0_CSV2890	baston	5	1.000	20	0.550	0.55
tier0_CSV2890	glob	5	1.000	20	0.550	0.55
tier0_CSV2890	vaz	3	0.667	11	0.364	0.55
tier0_CSV2890	suk	3	1.000	11	0.545	0.55
tier0_CSV2890	reklam	6	0.333	11	0.182	0.55
tier0_CSV2890	rezist	10	0.900	16	0.500	0.56
tier0_CSV2890	tip	9	0.556	16	0.312	0.56
tier0_CSV2890	g^oj	9	0.889	4	0.500	0.56
tier0_CSV2890	iluzi	5	0.600	3	0.333	0.56
tier0_CSV2890	komput	5	0.800	9	0.444	0.56
tier0_CSV2890	pat	5	0.600	3	0.333	0.56
tier0_CSV2890	baz	8	0.875	24	0.500	0.57
tier0_CSV2890	lang	4	1.000	14	0.571	0.57
tier0_CSV2890	pens	20	0.550	19	0.316	0.57
tier0_CSV2890	bret	2	0.500	7	0.286	0.57
tier0_CSV2890	part	13	0.538	23	0.304	0.57
tier0_CSV2890	ofend	8	0.875	2	0.500	0.57
tier0_CSV2890	palm	2	0.500	7	0.286	0.57
tier0_CSV2890	paf	14	0.643	24	0.375	0.58
tier0_CSV2890	aktiv	16	0.625	22	0.364	0.58
tier0_CSV2890	reg^im	1	1.000	12	0.583	0.58
tier0_CSV2890	kri	11	0.636	16	0.375	0.59
tier0_CSV2890	indic	2	1.000	15	0.600	0.60
tier0_CSV2890	bild	6	0.500	30	0.300	0.60
tier0_CSV2890	kor	6	1.000	43	0.605	0.60
tier0_CSV2890	flav	5	1.000	15	0.600	0.60
tier0_CSV2890	posed	6	0.833	6	0.500	0.60
tier0_CSV2890	oper	3	1.000	5	0.600	0.60
tier0_CSV2890	komerc	9	0.889	30	0.533	0.60
tier0_CSV2890	garanti	6	0.833	2	0.500	0.60
tier0_CSV2890	huf	4	1.000	5	0.600	0.60
tier0_CSV2890	invers	5	1.000	5	0.600	0.60
tier0_CSV2890	mandat	2	1.000	5	0.600	0.60
tier0_CSV2890	varb	5	0.800	2	0.500	0.62
tier0_CSV2890	pulvor	7	1.000	13	0.615	0.62
tier0_CSV2890	brust	4	1.000	16	0.625	0.62
tier0_CSV2890	ing^enier	3	1.000	8	0.625	0.62
tier0_CSV2890	stab	5	0.800	2	0.500	0.62
tier0_CSV2890	vir	17	0.588	33	0.364	0.62
tier0_CSV2890	gant	3	1.000	8	0.625	0.62
tier0_CSV2890	eko	5	0.800	2	0.500	0.62
tier0_CSV2890	kriz	4	1.000	8	0.625	0.62
tier0_CSV2890	montr	12	0.500	19	0.316	0.63
tier0_CSV2890	dors	8	0.750	21	0.476	0.63
tier0_CSV2890	komun	14	1.000	30	0.633	0.63
tier0_CSV2890	korn	8	1.000	14	0.643	0.64
tier0_CSV2890	bel	14	0.786	24	0.500	0.64
tier0_CSV2890	eben	5	1.000	11	0.636	0.64
tier0_CSV2890	koncentr	9	0.778	2	0.500	0.64
tier0_CSV2890	butik	7	0.714	11	0.455	0.64
tier0_CSV2890	lim	13	0.308	35	0.200	0.65
tier0_CSV2890	scienc	9	1.000	40	0.650	0.65
tier0_CSV2890	miks	12	0.833	13	0.538	0.65
tier0_CSV2890	ban	8	0.875	23	0.565	0.65
tier0_CSV2890	bat	15	0.467	23	0.304	0.65
tier0_CSV2890	romp	17	0.588	34	0.382	0.65
tier0_CSV2890	popol	7	1.000	26	0.654	0.65
tier0_CSV2890	matur	6	0.833	11	0.545	0.65
tier0_CSV2890	abstrakt	7	1.000	6	0.667	0.67
tier0_CSV2890	agrabl	5	1.000	3	0.667	0.67
tier0_CSV2890	pilk	1	1.000	9	0.667	0.67
tier0_CSV2890	vost	4	0.750	18	0.500	0.67
tier0_CSV2890	dom	11	0.273	55	0.182	0.67
tier0_CSV2890	regn	6	0.833	9	0.556	0.67
tier0_CSV2890	bio	4	1.000	21	0.667	0.67
tier0_CSV2890	apetit	6	1.000	3	0.667	0.67
tier0_CSV2890	vulp	2	0.500	6	0.333	0.67
tier0_CSV2890	list	5	1.000	9	0.667	0.67
tier0_CSV2890	model	8	0.500	3	0.333	0.67
tier0_CSV2890	au^tor	2	0.500	3	0.333	0.67
tier0_CSV2890	s^ose	1	1.000	3	0.667	0.67
tier0_CSV2890	etat	2	0.500	3	0.333	0.67
tier0_CSV2890	bug^et	4	1.000	6	0.667	0.67
tier0_CSV2890	ceremoni	4	1.000	6	0.667	0.67
tier0_CSV2890	cindr	8	0.500	9	0.333	0.67
tier0_CSV2890	c^ap	2	1.000	6	0.667	0.67
tier0_CSV2890	funel	1	1.000	3	0.667	0.67
tier0_CSV2890	ekskluziv	6	0.500	3	0.333	0.67
tier0_CSV2890	ekzempl	3	1.000	3	0.667	0.67
tier0_CSV2890	proviz	8	0.250	6	0.167	0.67
tier0_CSV2890	suc^	8	0.750	10	0.500	0.67
tier0_CSV2890	verm	3	1.000	9	0.667	0.67
tier0_CSV2890	fantom	4	1.000	3	0.667	0.67
tier0_CSV2890	fianc^	10	1.000	3	0.667	0.67
tier0_CSV2890	river	4	0.750	8	0.500	0.67
tier0_CSV2890	kompetent	4	0.750	2	0.500	0.67
tier0_CSV2890	ver	8	0.625	12	0.417	0.67
tier0_CSV2890	serpent	5	1.000	6	0.667	0.67
tier0_CSV2890	minut	3	1.000	3	0.667	0.67
tier0_CSV2890	lup	3	1.000	3	0.667	0.67
tier0_CSV2890	uniform	2	1.000	3	0.667	0.67
tier0_CSV2890	perfekt	8	1.000	3	0.667	0.67
tier0_CSV2890	flor	14	1.000	37	0.676	0.68
tier0_CSV2890	tub	7	1.000	44	0.682	0.68
tier0_CSV2890	fal	21	0.667	22	0.455	0.68
tier0_CSV2890	pak	10	0.900	13	0.615	0.68
tier0_CSV2890	kolekt	16	0.938	20	0.650	0.69
tier0_CSV2890	pied	9	0.778	39	0.538	0.69
tier0_CSV2890	sent	21	0.952	21	0.667	0.70
tier0_CSV2890	teren	1	1.000	10	0.700	0.70
tier0_CSV2890	kolon	8	1.000	10	0.700	0.70
tier0_CSV2890	cifer	5	0.800	16	0.562	0.70
tier0_CSV2890	blank	8	1.000	40	0.700	0.70
tier0_CSV2890	fald	10	1.000	10	0.700	0.70
tier0_CSV2890	sek	14	0.357	16	0.250	0.70
tier0_CSV2890	afer	3	0.667	17	0.471	0.71
tier0_CSV2890	amik	11	0.909	17	0.647	0.71
tier0_CSV2890	kvant	3	1.000	14	0.714	0.71
tier0_CSV2890	lan	4	1.000	14	0.714	0.71
tier0_CSV2890	san	12	0.833	17	0.588	0.71
tier0_CSV2890	pres	18	0.667	17	0.471	0.71
tier0_CSV2890	kron	8	0.375	15	0.267	0.71
tier0_CSV2890	kombin	6	1.000	7	0.714	0.71
tier0_CSV2890	relativ	6	1.000	14	0.714	0.71
tier0_CSV2890	rok	3	1.000	14	0.714	0.71
tier0_CSV2890	sort	1	1.000	7	0.714	0.71
tier0_CSV2890	konstru	18	0.833	25	0.600	0.72
tier0_CSV2890	alt	11	0.909	46	0.652	0.72
tier0_CSV2890	frukt	6	0.667	29	0.483	0.72
tier0_CSV2890	sovag^	6	0.833	15	0.600	0.72
tier0_CSV2890	tabel	3	1.000	15	0.733	0.73
tier0_CSV2890	negativ	4	0.250	11	0.182	0.73
tier0_CSV2890	sorb	12	0.750	9	0.556	0.74
tier0_CSV2890	kest	6	1.000	20	0.750	0.75
tier0_CSV2890	defend	7	0.714	13	0.538	0.75
tier0_CSV2890	vojag^	14	1.000	24	0.750	0.75
tier0_CSV2890	dej^or	6	0.667	6	0.500	0.75
tier0_CSV2890	forn	3	0.667	14	0.500	0.75
tier0_CSV2890	val	3	0.667	4	0.500	0.75
tier0_CSV2890	deklar	3	0.667	8	0.500	0.75
tier0_CSV2890	ordon	5	0.800	5	0.600	0.75
tier0_CSV2890	mebl	5	1.000	8	0.750	0.75
tier0_CSV2890	fraz	9	0.333	8	0.250	0.75
tier0_CSV2890	signal	9	0.889	12	0.667	0.75
tier0_CSV2890	distrikt	2	1.000	4	0.750	0.75
tier0_CSV2890	grajn	8	0.500	8	0.375	0.75
tier0_CSV2890	magi	5	1.000	4	0.750	0.75
tier0_CSV2890	frat	18	0.667	8	0.500	0.75
tier0_CSV2890	bol	9	0.444	9	0.333	0.75
tier0_CSV2890	branc^	4	1.000	4	0.750	0.75
tier0_CSV2890	bronz	4	1.000	4	0.750	0.75
tier0_CSV2890	sigel	6	0.667	6	0.500	0.75
tier0_CSV2890	sekur	6	1.000	16	0.750	0.75
tier0_CSV2890	s^vit	12	0.667	8	0.500	0.75
tier0_CSV2890	epidemi	3	0.667	2	0.500	0.75
tier0_CSV2890	etern	5	1.000	4	0.750	0.75
tier0_CSV2890	gal	2	1.000	4	0.750	0.75
tier0_CSV2890	krizantem	1	1.000	4	0.750	0.75
tier0_CSV2890	kurb	6	1.000	12	0.750	0.75
tier0_CSV2890	honor	9	0.667	16	0.500	0.75
tier0_CSV2890	rip	3	0.667	2	0.500	0.75
tier0_CSV2890	ort	5	0.800	5	0.600	0.75
tier0_CSV2890	pir	3	0.667	10	0.500	0.75
tier0_CSV2890	atak	6	0.833	11	0.636	0.76
tier0_CSV2890	vok	12	0.750	7	0.571	0.76
tier0_CSV2890	mez	12	0.750	60	0.567	0.76
tier0_CSV2890	ekspres	4	0.750	7	0.571	0.76
tier0_CSV2890	fizik	4	1.000	26	0.769	0.77
tier0_CSV2890	kat	7	1.000	13	0.769	0.77
tier0_CSV2890	mont	11	0.727	25	0.560	0.77
tier0_CSV2890	medicin	5	0.800	21	0.619	0.77
tier0_CSV2890	ofer	7	0.286	9	0.222	0.78
tier0_CSV2890	korespond	7	0.857	3	0.667	0.78
tier0_CSV2890	s^ip	15	0.933	84	0.738	0.79
tier0_CSV2890	land	22	0.909	61	0.721	0.79
tier0_CSV2890	bus^	7	1.000	14	0.786	0.79
tier0_CSV2890	hund	9	1.000	24	0.792	0.79
tier0_CSV2890	sak	4	0.750	25	0.600	0.80
tier0_CSV2890	kern	4	0.500	15	0.400	0.80
tier0_CSV2890	psik	7	0.857	16	0.688	0.80
tier0_CSV2890	stud	8	0.875	10	0.700	0.80
tier0_CSV2890	put	3	1.000	5	0.800	0.80
tier0_CSV2890	potenc	6	0.833	6	0.667	0.80
tier0_CSV2890	spir	11	0.545	16	0.438	0.80
tier0_CSV2890	stamp	4	1.000	10	0.800	0.80
tier0_CSV2890	rat	1	1.000	5	0.800	0.80
tier0_CSV2890	civit	5	1.000	10	0.800	0.80
tier0_CSV2890	imag	9	1.000	5	0.800	0.80
tier0_CSV2890	esper	6	1.000	5	0.800	0.80
tier0_CSV2890	just	4	0.500	5	0.400	0.80
tier0_CSV2890	pulm	3	1.000	10	0.800	0.80
tier0_CSV2890	sukces	6	0.833	6	0.667	0.80
tier0_CSV2890	reciprok	4	0.750	5	0.600	0.80
tier0_CSV2890	blov	12	0.667	13	0.538	0.81
tier0_CSV2890	s^ton	9	1.000	58	0.810	0.81
tier0_CSV2890	period	5	1.000	16	0.812	0.81
tier0_CSV2890	nukle	3	1.000	21	0.810	0.81
tier0_CSV2890	di	13	0.923	16	0.750	0.81
tier0_CSV2890	grand	15	0.667	37	0.541	0.81
tier0_CSV2890	tabul	6	0.833	25	0.680	0.82
tier0_CSV2890	akv	22	1.000	130	0.815	0.82
tier0_CSV2890	esprim	4	1.000	17	0.824	0.82
tier0_CSV2890	profit	9	0.778	11	0.636	0.82
tier0_CSV2890	naci	18	0.333	51	0.275	0.82
tier0_CSV2890	solv	11	0.545	11	0.455	0.83
tier0_CSV2890	naz	3	1.000	24	0.833	0.83
tier0_CSV2890	log^	20	0.600	12	0.500	0.83
tier0_CSV2890	vest	17	0.235	41	0.195	0.83
tier0_CSV2890	arest	5	0.800	3	0.667	0.83
tier0_CSV2890	g^u	5	0.600	4	0.500	0.83
tier0_CSV2890	ating	5	0.600	2	0.500	0.83
tier0_CSV2890	pez	15	0.800	18	0.667	0.83
tier0_CSV2890	bazar	1	1.000	6	0.833	0.83
tier0_CSV2890	kord	7	1.000	6	0.833	0.83
tier0_CSV2890	emoci	5	0.600	4	0.500	0.83
tier0_CSV2890	hepat	4	1.000	6	0.833	0.83
tier0_CSV2890	stomak	3	1.000	12	0.833	0.83
tier0_CSV2890	riz	4	0.750	16	0.625	0.83
tier0_CSV2890	privat	4	1.000	12	0.833	0.83
tier0_CSV2890	patr	15	0.333	25	0.280	0.84
tier0_CSV2890	nombr	12	0.917	46	0.783	0.85
tier0_CSV2890	fac	6	1.000	13	0.846	0.85
tier0_CSV2890	edz	33	0.242	29	0.207	0.85
tier0_CSV2890	merkat	4	1.000	20	0.850	0.85
tier0_CSV2890	miel	2	1.000	7	0.857	0.86
tier0_CSV2890	radik	14	1.000	14	0.857	0.86
tier0_CSV2890	urg^	11	1.000	7	0.857	0.86
tier0_CSV2890	karb	12	1.000	22	0.864	0.86
tier0_CSV2890	herb	9	0.889	34	0.765	0.86
tier0_CSV2890	komision	3	1.000	7	0.857	0.86
tier0_CSV2890	eksplod	8	0.875	4	0.750	0.86
tier0_CSV2890	profund	10	0.900	9	0.778	0.86
tier0_CSV2890	instinkt	3	1.000	7	0.857	0.86
tier0_CSV2890	reg^	10	0.800	20	0.700	0.87
tier0_CSV2890	voc^	10	0.700	36	0.611	0.87
tier0_CSV2890	flag	2	1.000	15	0.867	0.87
tier0_CSV2890	jug^	17	0.882	17	0.765	0.87
tier0_CSV2890	send	26	0.808	10	0.700	0.87
tier0_CSV2890	abel	6	0.833	15	0.733	0.88
tier0_CSV2890	krim	7	0.857	12	0.750	0.88
tier0_CSV2890	sezon	9	0.667	12	0.583	0.88
tier0_CSV2890	bov	8	1.000	16	0.875	0.88
tier0_CSV2890	mur	5	1.000	16	0.875	0.88
tier0_CSV2890	impres	7	0.571	2	0.500	0.88
tier0_CSV2890	neg^	6	1.000	26	0.885	0.88
tier0_CSV2890	or	12	1.000	25	0.880	0.88
tier0_CSV2890	sam	5	1.000	58	0.879	0.88
tier0_CSV2890	led	5	1.000	18	0.889	0.89
tier0_CSV2890	ekspozici	5	1.000	9	0.889	0.89
tier0_CSV2890	s^ir	10	0.500	9	0.444	0.89
tier0_CSV2890	eklezi	5	0.800	7	0.714	0.89
tier0_CSV2890	plum	7	0.714	11	0.636	0.89
tier0_CSV2890	horizontal	4	0.750	3	0.667	0.89
tier0_CSV2890	impet	8	0.375	3	0.333	0.89
tier0_CSV2890	koncept	4	0.750	3	0.667	0.89
tier0_CSV2890	kot	4	0.750	3	0.667	0.89
tier0_CSV2890	temperatur	2	1.000	10	0.900	0.90
tier0_CSV2890	front	7	0.429	13	0.385	0.90
tier0_CSV2890	seks	16	0.938	32	0.844	0.90
tier0_CSV2890	metal	8	0.875	14	0.786	0.90
tier0_CSV2890	fajr	13	0.846	29	0.759	0.90
tier0_CSV2890	sfer	8	0.875	14	0.786	0.90
tier0_CSV2890	komitat	4	1.000	10	0.900	0.90
tier0_CSV2890	ventr	7	1.000	10	0.900	0.90
tier0_CSV2890	plug	9	0.556	4	0.500	0.90
tier0_CSV2890	kalk	5	1.000	10	0.900	0.90
tier0_CSV2890	legom	4	1.000	10	0.900	0.90
tier0_CSV2890	komplet	6	0.667	5	0.600	0.90
tier0_CSV2890	mok	9	0.444	5	0.400	0.90
tier0_CSV2890	nom	21	0.905	46	0.826	0.91
tier0_CSV2890	mar	8	0.750	79	0.684	0.91
tier0_CSV2890	tajd	1	1.000	11	0.909	0.91
tier0_CSV2890	halt	10	0.500	11	0.455	0.91
tier0_CSV2890	numer	5	0.800	11	0.727	0.91
tier0_CSV2890	lav	9	0.889	16	0.812	0.91
tier0_CSV2890	s^af	8	1.000	11	0.909	0.91
tier0_CSV2890	rid	15	1.000	11	0.909	0.91
tier0_CSV2890	acid	10	1.000	39	0.923	0.92
tier0_CSV2890	student	3	1.000	12	0.917	0.92
tier0_CSV2890	s^ultr	5	1.000	12	0.917	0.92
tier0_CSV2890	instrument	3	1.000	13	0.923	0.92
tier0_CSV2890	liter	9	1.000	13	0.923	0.92
tier0_CSV2890	nokt	16	0.812	28	0.750	0.92
tier0_CSV2890	orel	4	1.000	24	0.917	0.92
tier0_CSV2890	mam	4	1.000	12	0.917	0.92
tier0_CSV2890	kondic^	6	0.833	13	0.769	0.92
tier0_CSV2890	ord	17	0.412	13	0.385	0.93
tier0_CSV2890	cirkvit	2	1.000	14	0.929	0.93
tier0_CSV2890	tag	21	0.762	48	0.708	0.93
tier0_CSV2890	s^tat	13	1.000	41	0.927	0.93
tier0_CSV2890	social	6	1.000	15	0.933	0.93
tier0_CSV2890	kulp	13	0.538	2	0.500	0.93
tier0_CSV2890	vin	4	0.250	34	0.235	0.94
tier0_CSV2890	ond	15	0.933	59	0.881	0.94
tier0_CSV2890	tranc^	19	0.737	13	0.692	0.94
tier0_CSV2890	rapid	15	0.800	44	0.750	0.94
tier0_CSV2890	histori	7	1.000	17	0.941	0.94
tier0_CSV2890	kapt	15	0.533	16	0.500	0.94
tier0_CSV2890	kemi	3	1.000	16	0.938	0.94
tier0_CSV2890	lun	4	1.000	18	0.944	0.94
tier0_CSV2890	politik	9	1.000	36	0.944	0.94
tier0_CSV2890	felic^	5	0.800	4	0.750	0.94
tier0_CSV2890	fiks	7	1.000	18	0.944	0.94
tier0_CSV2890	nord	7	1.000	16	0.938	0.94
tier0_CSV2890	kurent	1	1.000	19	0.947	0.95
tier0_CSV2890	mort	28	0.643	49	0.612	0.95
tier0_CSV2890	liber	18	0.556	55	0.527	0.95
tier0_CSV2890	ole	7	1.000	42	0.952	0.95
tier0_CSV2890	rekt	6	0.833	19	0.789	0.95
tier0_CSV2890	religi	9	0.889	14	0.857	0.96
tier0_CSV2890	sang	6	1.000	69	0.957	0.96
tier0_CSV2890	man	11	0.818	55	0.782	0.96
tier0_CSV2890	sav	11	0.818	14	0.786	0.96
tier0_CSV2890	gast	8	0.625	10	0.600	0.96
tier0_CSV2890	dolor	9	1.000	23	0.957	0.96
tier0_CSV2890	hom	16	0.938	59	0.898	0.96
tier0_CSV2890	mult	20	0.800	39	0.769	0.96
tier0_CSV2890	pluv	9	1.000	29	0.966	0.97
tier0_CSV2890	gust	10	0.900	16	0.875	0.97
tier0_CSV2890	impost	5	1.000	35	0.971	0.97
tier0_CSV2890	kruc	13	0.538	21	0.524	0.97
tier0_CSV2890	somer	8	0.875	13	0.846	0.97
tier0_CSV2890	angul	11	0.909	47	0.894	0.98
tier0_CSV2890	lern	23	0.652	50	0.640	0.98
tier0_CSV2890	parti	13	0.923	21	0.905	0.98
tier0_CSV2890	vel	8	0.875	14	0.857	0.98
tier0_CSV2890	mang^	25	0.800	39	0.795	0.99
tier0_CSV2890	abrikot	1	1.000	1	1.000	1.00
tier0_CSV2890	substantiv	3	1.000	1	1.000	1.00
tier0_CSV2890	ekvilibr	8	0.500	8	0.500	1.00
tier0_CSV2890	jur	4	1.000	15	1.000	1.00
tier0_CSV2890	pejzag^	2	1.000	1	1.000	1.00
tier0_CSV2890	flu	32	0.750	24	0.750	1.00
tier0_CSV2890	brand	2	0.500	4	0.500	1.00
tier0_CSV2890	bulb	2	0.500	6	0.500	1.00
tier0_CSV2890	vulkan	5	1.000	10	1.000	1.00
tier0_CSV2890	fe	3	1.000	2	1.000	1.00
tier0_CSV2890	gut	12	0.667	6	0.667	1.00
tier0_CSV2890	util	10	0.200	5	0.200	1.00
tier0_CSV2890	alau^d	1	1.000	1	1.000	1.00
tier0_CSV2890	difin	5	1.000	4	1.000	1.00
tier0_CSV2890	alg	2	1.000	7	1.000	1.00
tier0_CSV2890	altern	8	0.375	8	0.375	1.00
tier0_CSV2890	tomb	8	0.750	4	0.750	1.00
tier0_CSV2890	ambasador	2	1.000	2	1.000	1.00
tier0_CSV2890	farun	4	1.000	5	1.000	1.00
tier0_CSV2890	versi	6	1.000	1	1.000	1.00
tier0_CSV2890	ang^el	3	1.000	2	1.000	1.00
tier0_CSV2890	antarkt	1	1.000	1	1.000	1.00
tier0_CSV2890	kongres	8	1.000	11	1.000	1.00
tier0_CSV2890	bacil	1	1.000	3	1.000	1.00
tier0_CSV2890	april	2	1.000	1	1.000	1.00
tier0_CSV2890	satelit	2	1.000	8	1.000	1.00
tier0_CSV2890	asekur	7	1.000	12	1.000	1.00
tier0_CSV2890	asemble	1	1.000	4	1.000	1.00
tier0_CSV2890	profesor	2	1.000	6	1.000	1.00
tier0_CSV2890	te	12	1.000	22	1.000	1.00
tier0_CSV2890	atend	6	1.000	3	1.000	1.00
tier0_CSV2890	atom	5	0.800	20	0.800	1.00
tier0_CSV2890	nerv	3	1.000	15	1.000	1.00
tier0_CSV2890	ripar	6	1.000	1	1.000	1.00
tier0_CSV2890	au^tun	3	1.000	5	1.000	1.00
tier0_CSV2890	avert	3	1.000	1	1.000	1.00
tier0_CSV2890	bakteri	2	1.000	2	1.000	1.00
tier0_CSV2890	bal	1	1.000	2	1.000	1.00
tier0_CSV2890	bambu	5	1.000	4	1.000	1.00
tier0_CSV2890	bandag^	2	1.000	1	1.000	1.00
tier0_CSV2890	numeral	1	1.000	2	1.000	1.00
tier0_CSV2890	literatur	4	1.000	12	1.000	1.00
tier0_CSV2890	pipr	2	0.500	6	0.500	1.00
tier0_CSV2890	viand	4	1.000	13	1.000	1.00
tier0_CSV2890	blind	8	0.500	6	0.500	1.00
tier0_CSV2890	ov	8	1.000	16	1.000	1.00
tier0_CSV2890	dezir	10	0.400	5	0.400	1.00
tier0_CSV2890	intenc	4	1.000	3	1.000	1.00
tier0_CSV2890	likv	7	1.000	13	1.000	1.00
tier0_CSV2890	botanik	4	1.000	3	1.000	1.00
tier0_CSV2890	bot	4	1.000	5	1.000	1.00
tier0_CSV2890	fel	3	1.000	8	1.000	1.00
tier0_CSV2890	brov	2	1.000	2	1.000	1.00
tier0_CSV2890	statu	2	1.000	1	1.000	1.00
tier0_CSV2890	buked	1	1.000	2	1.000	1.00
tier0_CSV2890	lakt	11	0.909	22	0.909	1.00
tier0_CSV2890	kau^z	6	1.000	6	1.000	1.00
tier0_CSV2890	ceramik	4	1.000	3	1.000	1.00
tier0_CSV2890	cinam	1	1.000	2	1.000	1.00
tier0_CSV2890	c^arm	5	1.000	1	1.000	1.00
tier0_CSV2890	divid	15	0.667	3	0.667	1.00
tier0_CSV2890	reakci	7	1.000	13	1.000	1.00
tier0_CSV2890	lantern	4	1.000	6	1.000	1.00
tier0_CSV2890	dimanc^	4	1.000	1	1.000	1.00
tier0_CSV2890	insekt	5	1.000	8	1.000	1.00
tier0_CSV2890	dang^er	7	1.000	2	1.000	1.00
tier0_CSV2890	dedic^	4	1.000	1	1.000	1.00
tier0_CSV2890	parfum	3	1.000	3	1.000	1.00
tier0_CSV2890	pronom	1	1.000	5	1.000	1.00
tier0_CSV2890	demokrat	9	1.000	13	1.000	1.00
tier0_CSV2890	reflekt	6	1.000	6	1.000	1.00
tier0_CSV2890	dign	3	0.333	6	0.333	1.00
tier0_CSV2890	fingr	10	1.000	17	1.000	1.00
tier0_CSV2890	muskol	3	1.000	6	1.000	1.00
tier0_CSV2890	dikt	3	1.000	1	1.000	1.00
tier0_CSV2890	diplomat	6	1.000	4	1.000	1.00
tier0_CSV2890	doktor	5	1.000	5	1.000	1.00
tier0_CSV2890	konsist	5	1.000	2	1.000	1.00
tier0_CSV2890	paser	1	1.000	2	1.000	1.00
tier0_CSV2890	kupon	2	1.000	4	1.000	1.00
tier0_CSV2890	generaci	4	1.000	2	1.000	1.00
tier0_CSV2890	manik	2	0.500	2	0.500	1.00
tier0_CSV2890	signif	8	0.500	4	0.500	1.00
tier0_CSV2890	univers	2	1.000	1	1.000	1.00
tier0_CSV2890	planed	5	1.000	3	1.000	1.00
tier0_CSV2890	tondr	4	1.000	3	1.000	1.00
tier0_CSV2890	suspekt	8	1.000	1	1.000	1.00
tier0_CSV2890	urin	7	0.857	7	0.857	1.00
tier0_CSV2890	h^emi	1	1.000	1	1.000	1.00
tier0_CSV2890	kristal	8	1.000	11	1.000	1.00
tier0_CSV2890	vom	8	1.000	3	1.000	1.00
tier0_CSV2890	injekt	4	1.000	2	1.000	1.00
tier0_CSV2890	etn	5	1.000	8	1.000	1.00
tier0_CSV2890	fajf	6	1.000	1	1.000	1.00
tier0_CSV2890	fakt	3	1.000	1	1.000	1.00
tier0_CSV2890	fantazi	6	0.500	2	0.500	1.00
tier0_CSV2890	traktat	2	1.000	6	1.000	1.00
tier0_CSV2890	fau^k	2	1.000	1	1.000	1.00
tier0_CSV2890	fazeol	1	1.000	1	1.000	1.00
tier0_CSV2890	festen	3	1.000	2	1.000	1.00
tier0_CSV2890	soci	10	1.000	16	1.000	1.00
tier0_CSV2890	filozof	5	1.000	1	1.000	1.00
tier0_CSV2890	fluid	7	1.000	2	1.000	1.00
tier0_CSV2890	fojn	3	1.000	3	1.000	1.00
tier0_CSV2890	fonetik	3	1.000	1	1.000	1.00
tier0_CSV2890	formul	3	1.000	1	1.000	1.00
tier0_CSV2890	putr	8	1.000	1	1.000	1.00
tier0_CSV2890	sag	4	1.000	3	1.000	1.00
tier0_CSV2890	fost	1	1.000	2	1.000	1.00
tier0_CSV2890	fotel	1	1.000	1	1.000	1.00
tier0_CSV2890	frakci	2	1.000	1	1.000	1.00
tier0_CSV2890	printemp	3	1.000	4	1.000	1.00
tier0_CSV2890	vintr	9	1.000	10	1.000	1.00
tier0_CSV2890	konferenc	3	1.000	2	1.000	1.00
tier0_CSV2890	gramatik	5	1.000	8	1.000	1.00
tier0_CSV2890	grav	9	1.000	4	1.000	1.00
tier0_CSV2890	kancer	4	0.750	12	0.750	1.00
tier0_CSV2890	tapis^	2	1.000	2	1.000	1.00
tier0_CSV2890	ideal	5	1.000	1	1.000	1.00
tier0_CSV2890	indeks	3	1.000	1	1.000	1.00
tier0_CSV2890	revoluci	5	1.000	4	1.000	1.00
tier0_CSV2890	konserv	12	0.750	4	0.750	1.00
tier0_CSV2890	interez	2	1.000	2	1.000	1.00
tier0_CSV2890	lingvistik	3	1.000	4	1.000	1.00
tier0_CSV2890	molekul	2	1.000	6	1.000	1.00
tier0_CSV2890	kandidat	8	1.000	3	1.000	1.00
tier0_CSV2890	pasag^er	1	1.000	7	1.000	1.00
tier0_CSV2890	persik	1	1.000	2	1.000	1.00
tier0_CSV2890	kin	3	1.000	4	1.000	1.00
tier0_CSV2890	kirurg	2	1.000	4	1.000	1.00
tier0_CSV2890	klasik	3	1.000	4	1.000	1.00
tier0_CSV2890	klient	2	1.000	1	1.000	1.00
tier0_CSV2890	kling	1	1.000	2	1.000	1.00
tier0_CSV2890	koks	2	0.500	2	0.500	1.00
tier0_CSV2890	konfid	6	1.000	1	1.000	1.00
tier0_CSV2890	universitat	3	1.000	5	1.000	1.00
tier0_CSV2890	konscienc	4	1.000	1	1.000	1.00
tier0_CSV2890	moskit	2	1.000	3	1.000	1.00
tier0_CSV2890	kosm	5	1.000	15	1.000	1.00
tier0_CSV2890	referenc	4	1.000	2	1.000	1.00
tier0_CSV2890	petrol	4	1.000	18	1.000	1.00
tier0_CSV2890	lard	3	1.000	1	1.000	1.00
tier0_CSV2890	leu^tenant	2	1.000	1	1.000	1.00
tier0_CSV2890	lin	2	0.500	2	0.500	1.00
tier0_CSV2890	logik	3	1.000	1	1.000	1.00
tier0_CSV2890	lumb	4	1.000	1	1.000	1.00
tier0_CSV2890	maj	1	1.000	3	1.000	1.00
tier0_CSV2890	matematik	3	1.000	1	1.000	1.00
tier0_CSV2890	talent	3	1.000	2	1.000	1.00
tier0_CSV2890	sekund	3	1.000	4	1.000	1.00
tier0_CSV2890	ros	4	1.000	4	1.000	1.00
tier0_CSV2890	minimum	5	1.000	2	1.000	1.00
tier0_CSV2890	mirakl	3	1.000	1	1.000	1.00
tier0_CSV2890	pokal	1	1.000	1	1.000	1.00
tier0_CSV2890	tinktur	5	1.000	1	1.000	1.00
tier0_CSV2890	neo	1	1.000	1	1.000	1.00
tier0_CSV2890	neu^tral	7	1.000	3	1.000	1.00
tier0_CSV2890	okcident	7	1.000	9	1.000	1.00
tier0_CSV2890	nuanc	2	1.000	1	1.000	1.00
tier0_CSV2890	obstakl	2	1.000	1	1.000	1.00
tier0_CSV2890	ocean	2	1.000	2	1.000	1.00
tier0_CSV2890	palat	2	1.000	3	1.000	1.00
tier0_CSV2890	pap	4	1.000	2	1.000	1.00
tier0_CSV2890	tapet	2	1.000	3	1.000	1.00
tier0_CSV2890	pelt	4	1.000	3	1.000	1.00
tier0_CSV2890	pin	3	1.000	4	1.000	1.00
tier0_CSV2890	pozici	3	0.667	3	0.667	1.00
tier0_CSV2890	proz	4	1.000	1	1.000	1.00
tier0_CSV2890	pulv	3	1.000	3	1.000	1.00
tier0_CSV2890	respublik	5	1.000	1	1.000	1.00
tier0_CSV2890	sekal	1	1.000	1	1.000	1.00
tier0_CSV2890	spic	6	1.000	2	1.000	1.00
tier0_CSV2890	standard	2	1.000	1	1.000	1.00
tier0_CSV2890	subit	3	1.000	1	1.000	1.00
tier0_CSV2890	tajl	2	1.000	1	1.000	1.00
tier0_CSV2890	tragedi	3	1.000	1	1.000	1.00
tier0_CSV2890	tragik	1	1.000	1	1.000	1.00
tier0_CSV2890	tritik	2	1.000	3	1.000	1.00
tier0_CSV2890	vak	3	1.000	4	1.000	1.00
tier0_CSV2890	vulgar	8	1.000	1	1.000	1.00
tier0_CSV2890	direkt	19	0.368	8	0.375	1.02
tier0_CSV2890	magnet	11	0.909	55	0.927	1.02
tier0_CSV2890	monat	11	0.909	13	0.923	1.02
tier0_CSV2890	intern	8	0.875	18	0.889	1.02
tier0_CSV2890	polic	6	0.833	13	0.846	1.02
tier0_CSV2890	person	11	0.909	13	0.923	1.02
tier0_CSV2890	fru	10	0.600	13	0.615	1.03
tier0_CSV2890	publik	12	0.833	29	0.862	1.03
tier0_CSV2890	help	13	0.615	25	0.640	1.04
tier0_CSV2890	form	28	0.607	80	0.637	1.05
tier0_CSV2890	kolor	21	0.905	64	0.953	1.05
tier0_CSV2890	tekst	7	0.571	5	0.600	1.05
tier0_CSV2890	lit	7	0.429	33	0.455	1.06
tier0_CSV2890	kant	11	0.182	26	0.192	1.06
tier0_CSV2890	urb	15	0.733	42	0.786	1.07
tier0_CSV2890	c^apel	6	0.833	9	0.889	1.07
tier0_CSV2890	karn	6	0.833	10	0.900	1.08
tier0_CSV2890	grund	4	0.500	11	0.545	1.09
tier0_CSV2890	voj	21	0.333	85	0.365	1.09
tier0_CSV2890	ter	26	0.423	80	0.463	1.09
tier0_CSV2890	pek	12	0.917	4	1.000	1.09
tier0_CSV2890	natur	12	0.667	40	0.725	1.09
tier0_CSV2890	par	4	0.250	11	0.273	1.09
tier0_CSV2890	sekret	7	0.714	9	0.778	1.09
tier0_CSV2890	roman	7	0.714	14	0.786	1.10
tier0_CSV2890	ost	11	0.909	23	1.000	1.10
tier0_CSV2890	fam	11	0.909	3	1.000	1.10
tier0_CSV2890	sklav	11	0.909	7	1.000	1.10
tier0_CSV2890	boat	4	0.250	18	0.278	1.11
tier0_CSV2890	eduk	10	0.900	18	1.000	1.11
tier0_CSV2890	uz	27	0.630	20	0.700	1.11
tier0_CSV2890	kvadrat	4	0.750	6	0.833	1.11
tier0_CSV2890	soldat	6	0.667	12	0.750	1.12
tier0_CSV2890	korp	7	0.714	30	0.800	1.12
tier0_CSV2890	preg^	6	0.667	4	0.750	1.12
tier0_CSV2890	strat	8	0.500	16	0.562	1.12
tier0_CSV2890	digest	9	0.889	6	1.000	1.12
tier0_CSV2890	sufer	9	0.667	4	0.750	1.12
tier0_CSV2890	sud	9	0.889	14	1.000	1.12
tier0_CSV2890	kred	17	0.706	10	0.800	1.13
tier0_CSV2890	dekstr	8	0.875	10	1.000	1.14
tier0_CSV2890	instru	14	0.786	19	0.895	1.14
tier0_CSV2890	kalkul	21	0.667	17	0.765	1.15
tier0_CSV2890	mond	8	0.750	38	0.868	1.16
tier0_CSV2890	fos	13	0.692	5	0.800	1.16
tier0_CSV2890	aplik	7	0.857	3	1.000	1.17
tier0_CSV2890	aventur	7	0.857	2	1.000	1.17
tier0_CSV2890	brun	8	0.375	16	0.438	1.17
tier0_CSV2890	danc	8	0.500	12	0.583	1.17
tier0_CSV2890	konfuz	7	0.857	1	1.000	1.17
tier0_CSV2890	stel	7	0.714	30	0.833	1.17
tier0_CSV2890	viv	42	0.405	86	0.477	1.18
tier0_CSV2890	punkt	10	0.800	41	0.951	1.19
tier0_CSV2890	jar	49	0.796	55	0.945	1.19
tier0_CSV2890	organ	17	0.235	25	0.280	1.19
tier0_CSV2890	suker	8	0.750	18	0.889	1.19
tier0_CSV2890	trafik	3	0.667	25	0.800	1.20
tier0_CSV2890	manier	6	0.167	15	0.200	1.20
tier0_CSV2890	bord	8	0.625	4	0.750	1.20
tier0_CSV2890	fund	6	0.833	4	1.000	1.20
tier0_CSV2890	analiz	6	0.833	6	1.000	1.20
tier0_CSV2890	respond	16	0.250	10	0.300	1.20
tier0_CSV2890	papili	3	0.333	10	0.400	1.20
tier0_CSV2890	juvel	6	0.833	1	1.000	1.20
tier0_CSV2890	plur	3	0.667	30	0.800	1.20
tier0_CSV2890	verk	14	0.714	22	0.864	1.21
tier0_CSV2890	nov	13	0.615	48	0.750	1.22
tier0_CSV2890	atent	11	0.818	1	1.000	1.22
tier0_CSV2890	perl	4	0.750	13	0.923	1.23
tier0_CSV2890	salt	19	0.684	13	0.846	1.24
tier0_CSV2890	haven	3	0.667	6	0.833	1.25
tier0_CSV2890	antikv	5	0.800	1	1.000	1.25
tier0_CSV2890	rezon	5	0.600	4	0.750	1.25
tier0_CSV2890	ombr	10	0.600	8	0.750	1.25
tier0_CSV2890	pac	17	0.765	21	0.952	1.25
tier0_CSV2890	manipul	5	0.800	1	1.000	1.25
tier0_CSV2890	mizer	5	0.400	2	0.500	1.25
tier0_CSV2890	vegetal	5	0.800	1	1.000	1.25
tier0_CSV2890	medi	4	0.750	35	0.943	1.26
tier0_CSV2890	plant	13	0.692	27	0.889	1.28
tier0_CSV2890	flar	8	0.625	5	0.800	1.28
tier0_CSV2890	nask	24	0.542	23	0.696	1.28
tier0_CSV2890	lum	19	0.474	76	0.605	1.28
tier0_CSV2890	operaci	9	0.222	7	0.286	1.29
tier0_CSV2890	frenez	9	0.778	1	1.000	1.29
tier0_CSV2890	s^tof	3	0.333	7	0.429	1.29
tier0_CSV2890	pas^t	9	0.778	2	1.000	1.29
tier0_CSV2890	ministr	9	0.556	22	0.727	1.31
tier0_CSV2890	konform	10	0.500	3	0.667	1.33
tier0_CSV2890	pland	4	0.750	1	1.000	1.33
tier0_CSV2890	lag	4	0.750	5	1.000	1.33
tier0_CSV2890	postul	8	0.750	4	1.000	1.33
tier0_CSV2890	urs	2	0.500	9	0.667	1.33
tier0_CSV2890	spong	4	0.750	1	1.000	1.33
tier0_CSV2890	rifuz	4	0.750	1	1.000	1.33
tier0_CSV2890	furioz	4	0.750	2	1.000	1.33
tier0_CSV2890	kub	6	0.500	6	0.667	1.33
tier0_CSV2890	luks	4	0.750	1	1.000	1.33
tier0_CSV2890	malv	2	0.500	3	0.667	1.33
tier0_CSV2890	kurac	9	0.333	22	0.455	1.36
tier0_CSV2890	mastr	14	0.357	10	0.500	1.40
tier0_CSV2890	senc	8	0.375	19	0.526	1.40
tier0_CSV2890	brut	7	0.714	6	1.000	1.40
tier0_CSV2890	g^emel	7	0.286	5	0.400	1.40
tier0_CSV2890	respekt	7	0.714	1	1.000	1.40
tier0_CSV2890	special	7	0.714	4	1.000	1.40
tier0_CSV2890	pozitiv	6	0.333	17	0.471	1.41
tier0_CSV2890	gimnast	2	0.500	7	0.714	1.43
tier0_CSV2890	c^el	9	0.444	26	0.654	1.47
tier0_CSV2890	salik	3	0.667	1	1.000	1.50
tier0_CSV2890	lice	3	0.667	1	1.000	1.50
tier0_CSV2890	kran	2	0.500	4	0.750	1.50
tier0_CSV2890	kompren	21	0.667	3	1.000	1.50
tier0_CSV2890	greg	3	0.667	1	1.000	1.50
tier0_CSV2890	musk	3	0.667	1	1.000	1.50
tier0_CSV2890	metod	6	0.667	8	1.000	1.50
tier0_CSV2890	proporci	6	0.667	7	1.000	1.50
tier0_CSV2890	kavern	6	0.500	4	0.750	1.50
tier0_CSV2890	protest	6	0.500	4	0.750	1.50
tier0_CSV2890	komisi	9	0.667	1	1.000	1.50
tier0_CSV2890	koncert	6	0.667	2	1.000	1.50
tier0_CSV2890	kurioz	3	0.333	2	0.500	1.50
tier0_CSV2890	trezor	3	0.667	2	1.000	1.50
tier0_CSV2890	pen	6	0.333	2	0.500	1.50
tier0_CSV2890	gard	16	0.062	21	0.095	1.52
tier0_CSV2890	dens	11	0.455	13	0.692	1.52
tier0_CSV2890	j^ur	7	0.571	8	0.875	1.53
tier0_CSV2890	lamp	4	0.500	22	0.773	1.55
tier0_CSV2890	klin	14	0.357	7	0.571	1.60
tier0_CSV2890	fot	11	0.091	61	0.148	1.62
tier0_CSV2890	nul	5	0.200	6	0.333	1.67
tier0_CSV2890	disput	5	0.600	1	1.000	1.67
tier0_CSV2890	original	5	0.600	3	1.000	1.67
tier0_CSV2890	infan	13	0.077	38	0.132	1.71
tier0_CSV2890	son	15	0.067	61	0.115	1.72
tier0_CSV2890	fundament	7	0.571	5	1.000	1.75
tier0_CSV2890	material	5	0.400	14	0.714	1.79
tier0_CSV2890	klimat	8	0.500	19	0.947	1.89
tier0_CSV2890	c^ambr	9	0.222	47	0.426	1.91
tier0_CSV2890	bezon	6	0.167	3	0.333	2.00
tier0_CSV2890	balon	2	0.500	5	1.000	2.00
tier0_CSV2890	bind	6	0.167	3	0.333	2.00
tier0_CSV2890	frot	8	0.375	12	0.750	2.00
tier0_CSV2890	jun	14	0.071	7	0.143	2.00
tier0_CSV2890	horde	2	0.500	3	1.000	2.00
tier0_CSV2890	leg^	12	0.167	20	0.350	2.10
tier0_CSV2890	gras	10	0.400	7	0.857	2.14
tier0_CSV2890	volupt	9	0.444	2	1.000	2.25
tier0_CSV2890	lad	7	0.143	18	0.333	2.33
tier0_CSV2890	karakter	7	0.286	17	0.706	2.47
tier0_CSV2890	akord	5	0.400	2	1.000	2.50
tier0_CSV2890	c^es	5	0.400	1	1.000	2.50
tier0_CSV2890	gastr	4	0.250	8	0.625	2.50
tier0_CSV2890	civil	14	0.214	11	0.545	2.55
tier0_CSV2890	ung	4	0.250	6	0.667	2.67
tier0_CSV2890	boj	3	0.333	1	1.000	3.00
tier0_CSV2890	karcer	6	0.167	2	0.500	3.00
tier0_CSV2890	tegol	3	0.333	1	1.000	3.00
tier0_CSV2890	viol	4	0.250	9	0.778	3.11
tier0_CSV2890	pet	10	0.100	22	0.364	3.64
tier0_CSV2890	grad	11	0.182	11	0.727	4.00
tier0_CSV2890	distanc	5	0.200	12	0.833	4.17
tier0_CSV2890	vers	11	0.091	7	0.429	4.71
tier0_CSV2890	dat	21	0.048	21	0.238	5.00
tier0_CSV2890	pionir	5	0.200	1	1.000	5.00
tier1_PEJVO本体	abort	10	0.100	2	0.000	0.00
tier1_PEJVO本体	absint	3	0.333	1	0.000	0.00
tier1_PEJVO本体	administraci	2	1.000	2	0.000	0.00
tier1_PEJVO本体	admiral	4	0.250	3	0.000	0.00
tier1_PEJVO本体	kanon	10	0.200	8	0.000	0.00
tier1_PEJVO本体	patos	2	1.000	1	0.000	0.00
tier1_PEJVO本体	agav	1	1.000	2	0.000	0.00
tier1_PEJVO本体	filik	2	0.500	4	0.000	0.00
tier1_PEJVO本体	agres	7	0.714	3	0.000	0.00
tier1_PEJVO本体	akcesor	2	0.500	3	0.000	0.00
tier1_PEJVO本体	galaksi	3	0.667	9	0.000	0.00
tier1_PEJVO本体	apendic	2	1.000	1	0.000	0.00
tier1_PEJVO本体	pest	3	0.667	3	0.000	0.00
tier1_PEJVO本体	raket	2	0.500	4	0.000	0.00
tier1_PEJVO本体	mes	1	1.000	7	0.000	0.00
tier1_PEJVO本体	anc^	1	1.000	1	0.000	0.00
tier1_PEJVO本体	onim	6	0.500	3	0.000	0.00
tier1_PEJVO本体	tik	2	0.500	1	0.000	0.00
tier1_PEJVO本体	apelaci	4	0.500	2	0.000	0.00
tier1_PEJVO本体	apne	1	1.000	1	0.000	0.00
tier1_PEJVO本体	medal	4	0.250	3	0.000	0.00
tier1_PEJVO本体	armatur	2	1.000	2	0.000	0.00
tier1_PEJVO本体	kondens	6	0.833	3	0.000	0.00
tier1_PEJVO本体	arnik	2	0.500	1	0.000	0.00
tier1_PEJVO本体	artileri	2	1.000	1	0.000	0.00
tier1_PEJVO本体	atenc	3	1.000	4	0.000	0.00
tier1_PEJVO本体	atlet	2	0.500	1	0.000	0.00
tier1_PEJVO本体	reaktor	1	1.000	4	0.000	0.00
tier1_PEJVO本体	skafandr	2	1.000	1	0.000	0.00
tier1_PEJVO本体	tantiem	1	1.000	1	0.000	0.00
tier1_PEJVO本体	kampanj	2	0.500	8	0.000	0.00
tier1_PEJVO本体	barit	1	1.000	1	0.000	0.00
tier1_PEJVO本体	bastard	3	0.667	1	0.000	0.00
tier1_PEJVO本体	batat	1	1.000	1	0.000	0.00
tier1_PEJVO本体	skarab	2	0.500	6	0.000	0.00
tier1_PEJVO本体	cistern	1	1.000	5	0.000	0.00
tier1_PEJVO本体	bilg^	1	1.000	1	0.000	0.00
tier1_PEJVO本体	binar	1	1.000	1	0.000	0.00
tier1_PEJVO本体	perspektiv	1	1.000	2	0.000	0.00
tier1_PEJVO本体	sinap	1	1.000	2	0.000	0.00
tier1_PEJVO本体	teror	4	0.750	4	0.000	0.00
tier1_PEJVO本体	brec^	4	0.250	2	0.000	0.00
tier1_PEJVO本体	brigad	3	0.667	5	0.000	0.00
tier1_PEJVO本体	bu	2	1.000	1	0.000	0.00
tier1_PEJVO本体	buks	1	1.000	2	0.000	0.00
tier1_PEJVO本体	cejan	1	1.000	1	0.000	0.00
tier1_PEJVO本体	noc^	2	1.000	3	0.000	0.00
tier1_PEJVO本体	cilindr	3	0.667	6	0.000	0.00
tier1_PEJVO本体	cim	1	1.000	1	0.000	0.00
tier1_PEJVO本体	debut	3	0.667	1	0.000	0.00
tier1_PEJVO本体	deklinaci	2	1.000	1	0.000	0.00
tier1_PEJVO本体	tron	9	0.333	1	0.000	0.00
tier1_PEJVO本体	difuz	4	1.000	1	0.000	0.00
tier1_PEJVO本体	dok	3	0.333	3	0.000	0.00
tier1_PEJVO本体	dras^	5	0.400	1	0.000	0.00
tier1_PEJVO本体	ebur	4	1.000	1	0.000	0.00
tier1_PEJVO本体	egret	1	1.000	1	0.000	0.00
tier1_PEJVO本体	ekspedici	1	1.000	1	0.000	0.00
tier1_PEJVO本体	muld	6	0.500	1	0.000	0.00
tier1_PEJVO本体	sput	2	1.000	2	0.000	0.00
tier1_PEJVO本体	genez	2	0.500	3	0.000	0.00
tier1_PEJVO本体	trog	2	0.500	3	0.000	0.00
tier1_PEJVO本体	s^pur	2	0.500	2	0.000	0.00
tier1_PEJVO本体	fajl	4	0.500	1	0.000	0.00
tier1_PEJVO本体	fajn	4	1.000	4	0.000	0.00
tier1_PEJVO本体	fiktiv	2	0.500	1	0.000	0.00
tier1_PEJVO本体	sektor	1	1.000	2	0.000	0.00
tier1_PEJVO本体	flanel	1	1.000	1	0.000	0.00
tier1_PEJVO本体	kalik	2	0.500	1	0.000	0.00
tier1_PEJVO本体	forc	3	1.000	3	0.000	0.00
tier1_PEJVO本体	fra	1	1.000	1	0.000	0.00
tier1_PEJVO本体	fraj	3	1.000	1	0.000	0.00
tier1_PEJVO本体	frez	1	1.000	1	0.000	0.00
tier1_PEJVO本体	fritilari	1	1.000	1	0.000	0.00
tier1_PEJVO本体	funikl	1	1.000	1	0.000	0.00
tier1_PEJVO本体	galen	1	1.000	1	0.000	0.00
tier1_PEJVO本体	genr	3	0.667	2	0.000	0.00
tier1_PEJVO本体	glis	1	1.000	1	0.000	0.00
tier1_PEJVO本体	grenat	1	1.000	1	0.000	0.00
tier1_PEJVO本体	prokuror	2	1.000	1	0.000	0.00
tier1_PEJVO本体	koincid	2	1.000	1	0.000	0.00
tier1_PEJVO本体	helik	3	0.333	4	0.000	0.00
tier1_PEJVO本体	trop	4	0.250	2	0.000	0.00
tier1_PEJVO本体	jamb	2	1.000	1	0.000	0.00
tier1_PEJVO本体	implic	4	0.250	1	0.000	0.00
tier1_PEJVO本体	indig^en	3	0.667	2	0.000	0.00
tier1_PEJVO本体	inert	2	1.000	2	0.000	0.00
tier1_PEJVO本体	inkub	1	1.000	1	0.000	0.00
tier1_PEJVO本体	kvocient	1	1.000	1	0.000	0.00
tier1_PEJVO本体	intendant	3	0.333	3	0.000	0.00
tier1_PEJVO本体	intermit	4	0.750	5	0.000	0.00
tier1_PEJVO本体	invad	3	1.000	1	0.000	0.00
tier1_PEJVO本体	-jar	1	1.000	1	0.000	0.00
tier1_PEJVO本体	jugland	2	0.500	3	0.000	0.00
tier1_PEJVO本体	junkr	1	1.000	1	0.000	0.00
tier1_PEJVO本体	j^ib	1	1.000	1	0.000	0.00
tier1_PEJVO本体	klau^z	1	1.000	3	0.000	0.00
tier1_PEJVO本体	kancelier	1	1.000	1	0.000	0.00
tier1_PEJVO本体	kand	2	1.000	1	0.000	0.00
tier1_PEJVO本体	kaze	5	1.000	2	0.000	0.00
tier1_PEJVO本体	kimon	1	1.000	2	0.000	0.00
tier1_PEJVO本体	rasp	3	0.333	5	0.000	0.00
tier1_PEJVO本体	konjunkci	2	1.000	2	0.000	0.00
tier1_PEJVO本体	kontempl	3	0.667	1	0.000	0.00
tier1_PEJVO本体	sinus	4	0.500	2	0.000	0.00
tier1_PEJVO本体	kramf	1	1.000	2	0.000	0.00
tier1_PEJVO本体	tiran	5	1.000	1	0.000	0.00
tier1_PEJVO本体	kulis	1	1.000	2	0.000	0.00
tier1_PEJVO本体	vici	1	1.000	1	0.000	0.00
tier1_PEJVO本体	kvalifik	3	0.333	1	0.000	0.00
tier1_PEJVO本体	kvarc	2	1.000	3	0.000	0.00
tier1_PEJVO本体	lagun	1	1.000	2	0.000	0.00
tier1_PEJVO本体	laik	3	1.000	1	0.000	0.00
tier1_PEJVO本体	tek	1	1.000	1	0.000	0.00
tier1_PEJVO本体	vand	1	1.000	5	0.000	0.00
tier1_PEJVO本体	lik	5	0.800	1	0.000	0.00
tier1_PEJVO本体	lir	2	0.500	1	0.000	0.00
tier1_PEJVO本体	liti	1	1.000	1	0.000	0.00
tier1_PEJVO本体	lord	2	0.500	1	0.000	0.00
tier1_PEJVO本体	vals	2	0.500	1	0.000	0.00
tier1_PEJVO本体	magnezi	1	1.000	2	0.000	0.00
tier1_PEJVO本体	mancinel	1	1.000	1	0.000	0.00
tier1_PEJVO本体	melas	1	1.000	1	0.000	0.00
tier1_PEJVO本体	mit	5	1.000	2	0.000	0.00
tier1_PEJVO本体	molest	1	1.000	1	0.000	0.00
tier1_PEJVO本体	monah^	4	0.750	1	0.000	0.00
tier1_PEJVO本体	mutaci	6	0.667	1	0.000	0.00
tier1_PEJVO本体	nandin	1	1.000	1	0.000	0.00
tier1_PEJVO本体	nimf	1	1.000	1	0.000	0.00
tier1_PEJVO本体	opi	3	0.333	3	0.000	0.00
tier1_PEJVO本体	papilion	1	1.000	1	0.000	0.00
tier1_PEJVO本体	pariet	2	0.500	1	0.000	0.00
tier1_PEJVO本体	patrol	5	1.000	1	0.000	0.00
tier1_PEJVO本体	pavez	1	1.000	1	0.000	0.00
tier1_PEJVO本体	pedal	2	1.000	3	0.000	0.00
tier1_PEJVO本体	pedo	1	1.000	1	0.000	0.00
tier1_PEJVO本体	pistak	2	0.500	1	0.000	0.00
tier1_PEJVO本体	pivot	2	0.500	2	0.000	0.00
tier1_PEJVO本体	pram	3	1.000	1	0.000	0.00
tier1_PEJVO本体	print	2	1.000	1	0.000	0.00
tier1_PEJVO本体	prokur	2	1.000	1	0.000	0.00
tier1_PEJVO本体	psikiatr	2	1.000	1	0.000	0.00
tier1_PEJVO本体	regres	3	1.000	1	0.000	0.00
tier1_PEJVO本体	rekrut	4	0.750	1	0.000	0.00
tier1_PEJVO本体	ricin	1	1.000	1	0.000	0.00
tier1_PEJVO本体	urani	1	1.000	2	0.000	0.00
tier1_PEJVO本体	romb	1	1.000	2	0.000	0.00
tier1_PEJVO本体	sabr	2	0.500	2	0.000	0.00
tier1_PEJVO本体	sagu	1	1.000	2	0.000	0.00
tier1_PEJVO本体	s^alm	1	1.000	1	0.000	0.00
tier1_PEJVO本体	saliv	3	0.333	1	0.000	0.00
tier1_PEJVO本体	seminari	1	1.000	1	0.000	0.00
tier1_PEJVO本体	sezam	1	1.000	1	0.000	0.00
tier1_PEJVO本体	sifon	2	1.000	3	0.000	0.00
tier1_PEJVO本体	sinoptik	2	1.000	2	0.000	0.00
tier1_PEJVO本体	solan	1	1.000	1	0.000	0.00
tier1_PEJVO本体	studi	1	1.000	1	0.000	0.00
tier1_PEJVO本体	spiral	4	0.250	7	0.000	0.00
tier1_PEJVO本体	stabl	1	1.000	1	0.000	0.00
tier1_PEJVO本体	step	1	1.000	1	0.000	0.00
tier1_PEJVO本体	s^elk	2	0.500	1	0.000	0.00
tier1_PEJVO本体	tili	1	1.000	1	0.000	0.00
tier1_PEJVO本体	translaci	2	1.000	1	0.000	0.00
tier1_PEJVO本体	trivial	4	1.000	1	0.000	0.00
tier1_PEJVO本体	trot	5	0.200	1	0.000	0.00
tier1_PEJVO本体	turb	2	0.500	1	0.000	0.00
tier1_PEJVO本体	virulent	1	1.000	1	0.000	0.00
tier1_PEJVO本体	vital	2	0.500	1	0.000	0.00
tier1_PEJVO本体	vulv	2	1.000	3	0.000	0.00
tier1_PEJVO本体	kurier	1	1.000	9	0.111	0.11
tier1_PEJVO本体	virtual	1	1.000	7	0.143	0.14
tier1_PEJVO本体	ekvivalent	4	1.000	5	0.200	0.20
tier1_PEJVO本体	kamer	1	1.000	5	0.200	0.20
tier1_PEJVO本体	gravur	6	0.667	7	0.143	0.21
tier1_PEJVO本体	gravit	3	0.667	7	0.143	0.21
tier1_PEJVO本体	muk	4	0.750	6	0.167	0.22
tier1_PEJVO本体	likvid	6	0.833	5	0.200	0.24
tier1_PEJVO本体	bi	2	0.500	8	0.125	0.25
tier1_PEJVO本体	kultiv	6	0.833	33	0.212	0.25
tier1_PEJVO本体	sond	3	0.667	6	0.167	0.25
tier1_PEJVO本体	fisk	2	1.000	4	0.250	0.25
tier1_PEJVO本体	pub	1	1.000	4	0.250	0.25
tier1_PEJVO本体	smirg	2	1.000	4	0.250	0.25
tier1_PEJVO本体	gen	8	0.125	28	0.036	0.29
tier1_PEJVO本体	minor	1	1.000	7	0.286	0.29
tier1_PEJVO本体	s^akt	1	1.000	3	0.333	0.33
tier1_PEJVO本体	seps	9	1.000	3	0.333	0.33
tier1_PEJVO本体	top	1	1.000	3	0.333	0.33
tier1_PEJVO本体	bran	1	1.000	3	0.333	0.33
tier1_PEJVO本体	lau^r	2	1.000	3	0.333	0.33
tier1_PEJVO本体	maj^or	1	1.000	6	0.333	0.33
tier1_PEJVO本体	gener	8	0.750	15	0.333	0.44
tier1_PEJVO本体	morf	2	1.000	13	0.462	0.46
tier1_PEJVO本体	ekspansi	3	1.000	4	0.500	0.50
tier1_PEJVO本体	afekt	6	0.333	6	0.167	0.50
tier1_PEJVO本体	panel	2	1.000	4	0.500	0.50
tier1_PEJVO本体	akaj^u	1	1.000	2	0.500	0.50
tier1_PEJVO本体	analog	2	1.000	2	0.500	0.50
tier1_PEJVO本体	aviz	3	1.000	2	0.500	0.50
tier1_PEJVO本体	antrop	4	1.000	4	0.500	0.50
tier1_PEJVO本体	anus	3	1.000	2	0.500	0.50
tier1_PEJVO本体	arkeo	3	1.000	2	0.500	0.50
tier1_PEJVO本体	au^tonom	2	1.000	2	0.500	0.50
tier1_PEJVO本体	bankrot	4	1.000	2	0.500	0.50
tier1_PEJVO本体	veratr	1	1.000	2	0.500	0.50
tier1_PEJVO本体	konjunktur	1	1.000	2	0.500	0.50
tier1_PEJVO本体	peg	1	1.000	2	0.500	0.50
tier1_PEJVO本体	celsi	1	1.000	2	0.500	0.50
tier1_PEJVO本体	celsius	1	1.000	2	0.500	0.50
tier1_PEJVO本体	deriv	7	1.000	2	0.500	0.50
tier1_PEJVO本体	domicil	1	1.000	2	0.500	0.50
tier1_PEJVO本体	driv	4	1.000	2	0.500	0.50
tier1_PEJVO本体	ektopi	1	1.000	2	0.500	0.50
tier1_PEJVO本体	greft	5	1.000	2	0.500	0.50
tier1_PEJVO本体	radius	2	1.000	2	0.500	0.50
tier1_PEJVO本体	reg^isor	3	1.000	2	0.500	0.50
tier1_PEJVO本体	prevent	4	1.000	4	0.500	0.50
tier1_PEJVO本体	kamfor	1	1.000	2	0.500	0.50
tier1_PEJVO本体	kardinal	1	1.000	2	0.500	0.50
tier1_PEJVO本体	kariofil	1	1.000	2	0.500	0.50
tier1_PEJVO本体	klostr	1	1.000	2	0.500	0.50
tier1_PEJVO本体	kolos	2	1.000	2	0.500	0.50
tier1_PEJVO本体	kompakt	2	1.000	2	0.500	0.50
tier1_PEJVO本体	torped	4	1.000	2	0.500	0.50
tier1_PEJVO本体	kul	1	1.000	2	0.500	0.50
tier1_PEJVO本体	smerald	1	1.000	2	0.500	0.50
tier1_PEJVO本体	marmor	5	1.000	2	0.500	0.50
tier1_PEJVO本体	merin	2	1.000	2	0.500	0.50
tier1_PEJVO本体	proklam	2	1.000	4	0.500	0.50
tier1_PEJVO本体	miria	1	1.000	2	0.500	0.50
tier1_PEJVO本体	morb	1	1.000	2	0.500	0.50
tier1_PEJVO本体	nan	2	1.000	2	0.500	0.50
tier1_PEJVO本体	neu^r	5	1.000	4	0.500	0.50
tier1_PEJVO本体	panter	1	1.000	2	0.500	0.50
tier1_PEJVO本体	opal	2	1.000	2	0.500	0.50
tier1_PEJVO本体	sekular	2	1.000	2	0.500	0.50
tier1_PEJVO本体	soj	1	1.000	6	0.500	0.50
tier1_PEJVO本体	latis	1	1.000	7	0.571	0.57
tier1_PEJVO本体	menstru	3	1.000	7	0.571	0.57
tier1_PEJVO本体	ekvinoks	1	1.000	5	0.600	0.60
tier1_PEJVO本体	kard	5	0.400	4	0.250	0.62
tier1_PEJVO本体	trab	8	0.625	5	0.400	0.64
tier1_PEJVO本体	dinamik	3	1.000	6	0.667	0.67
tier1_PEJVO本体	s^lim	5	1.000	3	0.667	0.67
tier1_PEJVO本体	alveol	2	1.000	3	0.667	0.67
tier1_PEJVO本体	amel	2	1.000	3	0.667	0.67
tier1_PEJVO本体	are	1	1.000	3	0.667	0.67
tier1_PEJVO本体	arom	5	1.000	3	0.667	0.67
tier1_PEJVO本体	au^gur	4	1.000	3	0.667	0.67
tier1_PEJVO本体	bilard	2	0.500	3	0.333	0.67
tier1_PEJVO本体	bil	1	1.000	3	0.667	0.67
tier1_PEJVO本体	glim	2	1.000	3	0.667	0.67
tier1_PEJVO本体	demon	4	0.750	2	0.500	0.67
tier1_PEJVO本体	klik	2	0.500	3	0.333	0.67
tier1_PEJVO本体	kongru	4	0.750	2	0.500	0.67
tier1_PEJVO本体	kulas	1	1.000	3	0.667	0.67
tier1_PEJVO本体	ment	2	0.500	3	0.333	0.67
tier1_PEJVO本体	stuf	4	0.750	2	0.500	0.67
tier1_PEJVO本体	pul	1	1.000	7	0.714	0.71
tier1_PEJVO本体	tuc^	4	1.000	7	0.714	0.71
tier1_PEJVO本体	gist	2	1.000	4	0.750	0.75
tier1_PEJVO本体	s^ild	3	1.000	4	0.750	0.75
tier1_PEJVO本体	kiras	2	1.000	8	0.750	0.75
tier1_PEJVO本体	koeficient	2	1.000	8	0.750	0.75
tier1_PEJVO本体	ekspon	9	0.333	4	0.250	0.75
tier1_PEJVO本体	fagopir	2	1.000	4	0.750	0.75
tier1_PEJVO本体	s^into	3	1.000	4	0.750	0.75
tier1_PEJVO本体	kromat	2	1.000	9	0.778	0.78
tier1_PEJVO本体	dukt	1	1.000	9	0.778	0.78
tier1_PEJVO本体	procez	1	1.000	5	0.800	0.80
tier1_PEJVO本体	procesi	4	1.000	5	0.800	0.80
tier1_PEJVO本体	gips	3	1.000	5	0.800	0.80
tier1_PEJVO本体	fokus	4	1.000	6	0.833	0.83
tier1_PEJVO本体	episkop	5	0.800	3	0.667	0.83
tier1_PEJVO本体	optik	3	1.000	12	0.833	0.83
tier1_PEJVO本体	rezin	5	0.800	3	0.667	0.83
tier1_PEJVO本体	konveks	4	1.000	7	0.857	0.86
tier1_PEJVO本体	membran	3	1.000	7	0.857	0.86
tier1_PEJVO本体	faz	3	1.000	7	0.857	0.86
tier1_PEJVO本体	rafin	5	1.000	7	0.857	0.86
tier1_PEJVO本体	vaku	5	1.000	10	0.900	0.90
tier1_PEJVO本体	eklips	3	1.000	13	0.923	0.92
tier1_PEJVO本体	aberaci	1	1.000	2	1.000	1.00
tier1_PEJVO本体	fondus	1	1.000	3	1.000	1.00
tier1_PEJVO本体	monark	4	1.000	2	1.000	1.00
tier1_PEJVO本体	particip	1	1.000	3	1.000	1.00
tier1_PEJVO本体	adjekt	1	1.000	1	1.000	1.00
tier1_PEJVO本体	statik	3	1.000	12	1.000	1.00
tier1_PEJVO本体	aksel	1	1.000	3	1.000	1.00
tier1_PEJVO本体	laring	3	1.000	3	1.000	1.00
tier1_PEJVO本体	pneu^mon	1	1.000	1	1.000	1.00
tier1_PEJVO本体	diabet	2	1.000	4	1.000	1.00
tier1_PEJVO本体	cikut	1	1.000	2	1.000	1.00
tier1_PEJVO本体	plane	2	1.000	1	1.000	1.00
tier1_PEJVO本体	infloresk	1	1.000	4	1.000	1.00
tier1_PEJVO本体	algebr	2	1.000	2	1.000	1.00
tier1_PEJVO本体	ekvaci	3	1.000	7	1.000	1.00
tier1_PEJVO本体	alianc	4	1.000	1	1.000	1.00
tier1_PEJVO本体	ferment	6	1.000	3	1.000	1.00
tier1_PEJVO本体	alte	1	1.000	1	1.000	1.00
tier1_PEJVO本体	disenteri	1	1.000	1	1.000	1.00
tier1_PEJVO本体	amnesti	2	1.000	1	1.000	1.00
tier1_PEJVO本体	oscil	6	1.000	10	1.000	1.00
tier1_PEJVO本体	analitik	1	1.000	1	1.000	1.00
tier1_PEJVO本体	molar	2	1.000	1	1.000	1.00
tier1_PEJVO本体	korpuskl	2	1.000	2	1.000	1.00
tier1_PEJVO本体	partikl	3	1.000	3	1.000	1.00
tier1_PEJVO本体	antraks	1	1.000	1	1.000	1.00
tier1_PEJVO本体	ac	1	1.000	25	1.000	1.00
tier1_PEJVO本体	sindrom	2	1.000	2	1.000	1.00
tier1_PEJVO本体	aprior	1	1.000	1	1.000	1.00
tier1_PEJVO本体	araknoid	1	1.000	1	1.000	1.00
tier1_PEJVO本体	arbitraci	4	1.000	1	1.000	1.00
tier1_PEJVO本体	arbust	2	1.000	1	1.000	1.00
tier1_PEJVO本体	ardez	1	1.000	2	1.000	1.00
tier1_PEJVO本体	argil	2	1.000	8	1.000	1.00
tier1_PEJVO本体	aritmetik	1	1.000	3	1.000	1.00
tier1_PEJVO本体	duk	3	1.000	3	1.000	1.00
tier1_PEJVO本体	arkitekt	1	1.000	2	1.000	1.00
tier1_PEJVO本体	skler	2	1.000	2	1.000	1.00
tier1_PEJVO本体	inflam	4	1.000	20	1.000	1.00
tier1_PEJVO本体	astm	2	1.000	1	1.000	1.00
tier1_PEJVO本体	observatori	1	1.000	3	1.000	1.00
tier1_PEJVO本体	atenu	3	1.000	2	1.000	1.00
tier1_PEJVO本体	unit	1	1.000	6	1.000	1.00
tier1_PEJVO本体	halucin	5	1.000	2	1.000	1.00
tier1_PEJVO本体	au^tonomi	1	1.000	1	1.000	1.00
tier1_PEJVO本体	avan	1	1.000	3	1.000	1.00
tier1_PEJVO本体	averag^	1	1.000	1	1.000	1.00
tier1_PEJVO本体	sulf	3	1.000	5	1.000	1.00
tier1_PEJVO本体	baron	4	1.000	1	1.000	1.00
tier1_PEJVO本体	basbal	2	1.000	1	1.000	1.00
tier1_PEJVO本体	basen	1	1.000	1	1.000	1.00
tier1_PEJVO本体	metabol	1	1.000	2	1.000	1.00
tier1_PEJVO本体	beletr	4	1.000	1	1.000	1.00
tier1_PEJVO本体	benign	1	1.000	1	1.000	1.00
tier1_PEJVO本体	benzo	1	1.000	1	1.000	1.00
tier1_PEJVO本体	bevel	2	1.000	1	1.000	1.00
tier1_PEJVO本体	biceps	1	1.000	2	1.000	1.00
tier1_PEJVO本体	konkav	4	1.000	7	1.000	1.00
tier1_PEJVO本体	bitum	2	1.000	1	1.000	1.00
tier1_PEJVO本体	bobel	1	1.000	1	1.000	1.00
tier1_PEJVO本体	bonz	1	1.000	1	1.000	1.00
tier1_PEJVO本体	brankard	2	1.000	1	1.000	1.00
tier1_PEJVO本体	bronk	3	1.000	2	1.000	1.00
tier1_PEJVO本体	meduz	1	1.000	2	1.000	1.00
tier1_PEJVO本体	bust	1	1.000	1	1.000	1.00
tier1_PEJVO本体	cekum	2	1.000	1	1.000	1.00
tier1_PEJVO本体	centezimal	1	1.000	1	1.000	1.00
tier1_PEJVO本体	centripet	1	1.000	3	1.000	1.00
tier1_PEJVO本体	hemoragi	2	1.000	5	1.000	1.00
tier1_PEJVO本体	tromb	2	0.500	2	0.500	1.00
tier1_PEJVO本体	spin	1	1.000	3	1.000	1.00
tier1_PEJVO本体	mening	2	1.000	2	1.000	1.00
tier1_PEJVO本体	cerebel	1	1.000	1	1.000	1.00
tier1_PEJVO本体	kapacit	2	1.000	5	1.000	1.00
tier1_PEJVO本体	cinabr	2	1.000	2	1.000	1.00
tier1_PEJVO本体	ciroz	1	1.000	1	1.000	1.00
tier1_PEJVO本体	citrus	1	1.000	1	1.000	1.00
tier1_PEJVO本体	dau^b	1	1.000	1	1.000	1.00
tier1_PEJVO本体	dedukt	3	1.000	1	1.000	1.00
tier1_PEJVO本体	defi	4	1.000	1	1.000	1.00
tier1_PEJVO本体	dehisk	3	1.000	1	1.000	1.00
tier1_PEJVO本体	logaritm	4	1.000	7	1.000	1.00
tier1_PEJVO本体	edr	10	1.000	4	1.000	1.00
tier1_PEJVO本体	demenc	2	0.500	2	0.500	1.00
tier1_PEJVO本体	demisi	2	1.000	1	1.000	1.00
tier1_PEJVO本体	derm	5	1.000	3	1.000	1.00
tier1_PEJVO本体	sulfur	4	1.000	3	1.000	1.00
tier1_PEJVO本体	komat	2	1.000	2	1.000	1.00
tier1_PEJVO本体	diafan	2	1.000	2	1.000	1.00
tier1_PEJVO本体	diagnoz	2	1.000	1	1.000	1.00
tier1_PEJVO本体	integral	2	1.000	2	1.000	1.00
tier1_PEJVO本体	enzim	1	1.000	1	1.000	1.00
tier1_PEJVO本体	diktator	4	1.000	2	1.000	1.00
tier1_PEJVO本体	dilat	5	1.000	7	1.000	1.00
tier1_PEJVO本体	licenci	3	1.000	1	1.000	1.00
tier1_PEJVO本体	disertaci	1	1.000	1	1.000	1.00
tier1_PEJVO本体	dispers	4	1.000	1	1.000	1.00
tier1_PEJVO本体	diverg^	5	1.000	3	1.000	1.00
tier1_PEJVO本体	doz	6	1.000	7	1.000	1.00
tier1_PEJVO本体	dren	4	1.000	2	1.000	1.00
tier1_PEJVO本体	gland	1	1.000	8	1.000	1.00
tier1_PEJVO本体	korol	2	1.000	13	1.000	1.00
tier1_PEJVO本体	refrakt	5	1.000	7	1.000	1.00
tier1_PEJVO本体	duoden	2	1.000	1	1.000	1.00
tier1_PEJVO本体	ovol	2	1.000	2	1.000	1.00
tier1_PEJVO本体	duplikat	1	1.000	1	1.000	1.00
tier1_PEJVO本体	sankci	2	1.000	1	1.000	1.00
tier1_PEJVO本体	ekscentrik	1	1.000	1	1.000	1.00
tier1_PEJVO本体	eksklud	2	1.000	1	1.000	1.00
tier1_PEJVO本体	eksponent	1	1.000	4	1.000	1.00
tier1_PEJVO本体	ekzantem	2	1.000	1	1.000	1.00
tier1_PEJVO本体	emancip	4	1.000	1	1.000	1.00
tier1_PEJVO本体	emerg^	1	1.000	3	1.000	1.00
tier1_PEJVO本体	en-	1	1.000	1	1.000	1.00
tier1_PEJVO本体	endemi	2	1.000	1	1.000	1.00
tier1_PEJVO本体	endokrin	1	1.000	2	1.000	1.00
tier1_PEJVO本体	feu^d	8	1.000	4	1.000	1.00
tier1_PEJVO本体	enurez	1	1.000	1	1.000	1.00
tier1_PEJVO本体	estetik	4	1.000	1	1.000	1.00
tier1_PEJVO本体	minoritat	1	1.000	1	1.000	1.00
tier1_PEJVO本体	eu^tanazi	2	1.000	1	1.000	1.00
tier1_PEJVO本体	evangeli	5	1.000	3	1.000	1.00
tier1_PEJVO本体	faring	2	1.000	1	1.000	1.00
tier1_PEJVO本体	fav	4	1.000	1	1.000	1.00
tier1_PEJVO本体	ferdek	3	1.000	1	1.000	1.00
tier1_PEJVO本体	oksid	6	1.000	15	1.000	1.00
tier1_PEJVO本体	puli	2	1.000	2	1.000	1.00
tier1_PEJVO本体	fizi	2	1.000	3	1.000	1.00
tier1_PEJVO本体	nav	1	1.000	1	1.000	1.00
tier1_PEJVO本体	fleksi	2	1.000	1	1.000	1.00
tier1_PEJVO本体	fluoresk	4	1.000	2	1.000	1.00
tier1_PEJVO本体	hum	1	1.000	1	1.000	1.00
tier1_PEJVO本体	folklor	2	1.000	1	1.000	1.00
tier1_PEJVO本体	forst	3	1.000	1	1.000	1.00
tier1_PEJVO本体	fosili	3	1.000	2	1.000	1.00
tier1_PEJVO本体	kromi	4	1.000	1	1.000	1.00
tier1_PEJVO本体	sintez	5	1.000	6	1.000	1.00
tier1_PEJVO本体	fuze	1	1.000	4	1.000	1.00
tier1_PEJVO本体	frid	6	1.000	2	1.000	1.00
tier1_PEJVO本体	galer	2	1.000	1	1.000	1.00
tier1_PEJVO本体	kvantum	4	1.000	8	1.000	1.00
tier1_PEJVO本体	genea	3	1.000	1	1.000	1.00
tier1_PEJVO本体	geodezi	1	1.000	1	1.000	1.00
tier1_PEJVO本体	gingiv	2	1.000	1	1.000	1.00
tier1_PEJVO本体	gliciriz	1	1.000	1	1.000	1.00
tier1_PEJVO本体	karaktr	2	1.000	4	1.000	1.00
tier1_PEJVO本体	ortodoks	2	1.000	2	1.000	1.00
tier1_PEJVO本体	meridian	2	1.000	1	1.000	1.00
tier1_PEJVO本体	gumigut	1	1.000	1	1.000	1.00
tier1_PEJVO本体	handikap	4	1.000	1	1.000	1.00
tier1_PEJVO本体	kolik	1	1.000	2	1.000	1.00
tier1_PEJVO本体	herpet	1	1.000	1	1.000	1.00
tier1_PEJVO本体	hidrat	3	1.000	1	1.000	1.00
tier1_PEJVO本体	himen	1	1.000	1	1.000	1.00
tier1_PEJVO本体	hipotek	3	1.000	3	1.000	1.00
tier1_PEJVO本体	kromosom	2	1.000	2	1.000	1.00
tier1_PEJVO本体	rudr	1	1.000	3	1.000	1.00
tier1_PEJVO本体	idol	2	1.000	2	1.000	1.00
tier1_PEJVO本体	ikon	1	1.000	2	1.000	1.00
tier1_PEJVO本体	incens	6	1.000	1	1.000	1.00
tier1_PEJVO本体	incid	2	1.000	3	1.000	1.00
tier1_PEJVO本体	infanteri	2	1.000	1	1.000	1.00
tier1_PEJVO本体	inkandesk	2	1.000	2	1.000	1.00
tier1_PEJVO本体	vor	1	1.000	2	1.000	1.00
tier1_PEJVO本体	intuici	4	1.000	1	1.000	1.00
tier1_PEJVO本体	patent	6	1.000	4	1.000	1.00
tier1_PEJVO本体	invest	6	1.000	2	1.000	1.00
tier1_PEJVO本体	iris	1	1.000	1	1.000	1.00
tier1_PEJVO本体	iski	1	1.000	1	1.000	1.00
tier1_PEJVO本体	izotop	2	1.000	1	1.000	1.00
tier1_PEJVO本体	staj	1	1.000	1	1.000	1.00
tier1_PEJVO本体	tof	1	1.000	1	1.000	1.00
tier1_PEJVO本体	kanab	1	1.000	1	1.000	1.00
tier1_PEJVO本体	kapilar	3	1.000	1	1.000	1.00
tier1_PEJVO本体	kapitulac	2	1.000	1	1.000	1.00
tier1_PEJVO本体	kavalir	7	1.000	3	1.000	1.00
tier1_PEJVO本体	kep	1	1.000	1	1.000	1.00
tier1_PEJVO本体	viskoz	2	1.000	4	1.000	1.00
tier1_PEJVO本体	koagul	4	1.000	1	1.000	1.00
tier1_PEJVO本体	kolz	1	1.000	1	1.000	1.00
tier1_PEJVO本体	refleks	2	1.000	3	1.000	1.00
tier1_PEJVO本体	konjunktiv	2	1.000	1	1.000	1.00
tier1_PEJVO本体	kontag^	4	1.000	2	1.000	1.00
tier1_PEJVO本体	rabi	4	1.000	1	1.000	1.00
tier1_PEJVO本体	rif	1	1.000	4	1.000	1.00
tier1_PEJVO本体	korelativ	2	1.000	1	1.000	1.00
tier1_PEJVO本体	kremaci	3	1.000	1	1.000	1.00
tier1_PEJVO本体	kriminal	2	1.000	5	1.000	1.00
tier1_PEJVO本体	krit	1	1.000	3	1.000	1.00
tier1_PEJVO本体	kroz	2	1.000	2	1.000	1.00
tier1_PEJVO本体	kurt	1	1.000	3	1.000	1.00
tier1_PEJVO本体	laf	1	1.000	2	1.000	1.00
tier1_PEJVO本体	labi	1	1.000	1	1.000	1.00
tier1_PEJVO本体	sesi	1	1.000	2	1.000	1.00
tier1_PEJVO本体	lapar	1	1.000	1	1.000	1.00
tier1_PEJVO本体	latent	2	1.000	3	1.000	1.00
tier1_PEJVO本体	leopard	1	1.000	1	1.000	1.00
tier1_PEJVO本体	leu^k	1	1.000	1	1.000	1.00
tier1_PEJVO本体	rizom	1	1.000	1	1.000	1.00
tier1_PEJVO本体	lugr	1	1.000	1	1.000	1.00
tier1_PEJVO本体	premis	2	1.000	2	1.000	1.00
tier1_PEJVO本体	mandaren	1	1.000	1	1.000	1.00
tier1_PEJVO本体	maron	1	1.000	1	1.000	1.00
tier1_PEJVO本体	martir	5	1.000	1	1.000	1.00
tier1_PEJVO本体	tars	1	1.000	1	1.000	1.00
tier1_PEJVO本体	metro	1	1.000	2	1.000	1.00
tier1_PEJVO本体	metropol	1	1.000	1	1.000	1.00
tier1_PEJVO本体	verdikt	2	1.000	1	1.000	1.00
tier1_PEJVO本体	morus	2	1.000	3	1.000	1.00
tier1_PEJVO本体	mosk	3	1.000	3	1.000	1.00
tier1_PEJVO本体	municip	2	1.000	1	1.000	1.00
tier1_PEJVO本体	mutual	3	1.000	1	1.000	1.00
tier1_PEJVO本体	naft	1	1.000	2	1.000	1.00
tier1_PEJVO本体	navig	4	1.000	2	1.000	1.00
tier1_PEJVO本体	sept	1	1.000	1	1.000	1.00
tier1_PEJVO本体	nebuloz	1	1.000	1	1.000	1.00
tier1_PEJVO本体	neu^tr	5	1.000	5	1.000	1.00
tier1_PEJVO本体	sambuk	1	1.000	2	1.000	1.00
tier1_PEJVO本体	nominal	4	1.000	1	1.000	1.00
tier1_PEJVO本体	notari	3	1.000	1	1.000	1.00
tier1_PEJVO本体	ofensiv	2	1.000	1	1.000	1.00
tier1_PEJVO本体	okzal	1	1.000	1	1.000	1.00
tier1_PEJVO本体	skist	2	1.000	3	1.000	1.00
tier1_PEJVO本体	oliban	1	1.000	1	1.000	1.00
tier1_PEJVO本体	organik	1	1.000	5	1.000	1.00
tier1_PEJVO本体	ovari	1	1.000	2	1.000	1.00
tier1_PEJVO本体	ume	1	1.000	3	1.000	1.00
tier1_PEJVO本体	periferi	3	1.000	1	1.000	1.00
tier1_PEJVO本体	pirat	4	1.000	1	1.000	1.00
tier1_PEJVO本体	polen	6	1.000	1	1.000	1.00
tier1_PEJVO本体	primar	1	1.000	1	1.000	1.00
tier1_PEJVO本体	privilegi	4	1.000	2	1.000	1.00
tier1_PEJVO本体	prostat	1	1.000	1	1.000	1.00
tier1_PEJVO本体	punkci	2	1.000	1	1.000	1.00
tier1_PEJVO本体	racional	4	1.000	2	1.000	1.00
tier1_PEJVO本体	radial	1	1.000	1	1.000	1.00
tier1_PEJVO本体	ratifik	3	1.000	1	1.000	1.00
tier1_PEJVO本体	rektum	1	1.000	2	1.000	1.00
tier1_PEJVO本体	rendiment	1	1.000	1	1.000	1.00
tier1_PEJVO本体	resurs	1	1.000	1	1.000	1.00
tier1_PEJVO本体	resonanc	1	1.000	1	1.000	1.00
tier1_PEJVO本体	sake	1	1.000	1	1.000	1.00
tier1_PEJVO本体	seb	3	1.000	3	1.000	1.00
tier1_PEJVO本体	sider	1	1.000	3	1.000	1.00
tier1_PEJVO本体	sifilis	3	1.000	1	1.000	1.00
tier1_PEJVO本体	zodiak	2	1.000	3	1.000	1.00
tier1_PEJVO本体	simfoni	2	1.000	1	1.000	1.00
tier1_PEJVO本体	simptom	2	1.000	1	1.000	1.00
tier1_PEJVO本体	sinovi	1	1.000	1	1.000	1.00
tier1_PEJVO本体	sism	2	1.000	1	1.000	1.00
tier1_PEJVO本体	skarlatin	1	1.000	1	1.000	1.00
tier1_PEJVO本体	solstic	2	1.000	3	1.000	1.00
tier1_PEJVO本体	timian	1	1.000	1	1.000	1.00
tier1_PEJVO本体	spark	3	1.000	1	1.000	1.00
tier1_PEJVO本体	sperm	2	1.000	3	1.000	1.00
tier1_PEJVO本体	spontan	3	1.000	1	1.000	1.00
tier1_PEJVO本体	spontane	3	1.000	3	1.000	1.00
tier1_PEJVO本体	stalaktit	1	1.000	1	1.000	1.00
tier1_PEJVO本体	stau^l	1	1.000	1	1.000	1.00
tier1_PEJVO本体	sturm	3	1.000	1	1.000	1.00
tier1_PEJVO本体	surogat	2	1.000	2	1.000	1.00
tier1_PEJVO本体	tret	3	1.000	1	1.000	1.00
tier1_PEJVO本体	s^pal	1	1.000	2	1.000	1.00
tier1_PEJVO本体	tartr	2	1.000	3	1.000	1.00
tier1_PEJVO本体	tau^r	2	1.000	2	1.000	1.00
tier1_PEJVO本体	terciar	2	1.000	1	1.000	1.00
tier1_PEJVO本体	tindr	1	1.000	1	1.000	1.00
tier1_PEJVO本体	tiroid	2	1.000	2	1.000	1.00
tier1_PEJVO本体	transcend	2	1.000	1	1.000	1.00
tier1_PEJVO本体	transvers	3	1.000	3	1.000	1.00
tier1_PEJVO本体	troposfer	1	1.000	1	1.000	1.00
tier1_PEJVO本体	turbul	2	1.000	1	1.000	1.00
tier1_PEJVO本体	ure	2	1.000	1	1.000	1.00
tier1_PEJVO本体	uretr	2	1.000	1	1.000	1.00
tier1_PEJVO本体	uskl	1	1.000	2	1.000	1.00
tier1_PEJVO本体	uta	2	1.000	1	1.000	1.00
tier1_PEJVO本体	variol	3	1.000	2	1.000	1.00
tier1_PEJVO本体	vimen	1	1.000	1	1.000	1.00
tier1_PEJVO本体	vot	3	1.000	1	1.000	1.00
tier1_PEJVO本体	projekci	4	0.500	5	0.600	1.20
tier1_PEJVO本体	plak	3	0.667	5	0.800	1.20
tier1_PEJVO本体	vertebr	5	0.800	1	1.000	1.25
tier1_PEJVO本体	negoc	5	0.800	1	1.000	1.25
tier1_PEJVO本体	stagn	4	0.750	1	1.000	1.33
tier1_PEJVO本体	testik	2	0.500	3	0.667	1.33
tier1_PEJVO本体	vibr	7	0.714	6	1.000	1.40
tier1_PEJVO本体	centrifug	3	0.667	3	1.000	1.50
tier1_PEJVO本体	decimal	2	0.500	4	0.750	1.50
tier1_PEJVO本体	dinam	3	0.667	3	1.000	1.50
tier1_PEJVO本体	etim	3	0.667	1	1.000	1.50
tier1_PEJVO本体	kegl	3	0.667	1	1.000	1.50
tier1_PEJVO本体	ser	3	0.667	3	1.000	1.50
tier1_PEJVO本体	sel	7	0.286	4	0.500	1.75
tier1_PEJVO本体	likvor	2	0.500	4	1.000	2.00
tier1_PEJVO本体	fobi	2	0.500	5	1.000	2.00
tier1_PEJVO本体	peoni	2	0.500	1	1.000	2.00
tier1_PEJVO本体	galeri	2	0.500	1	1.000	2.00
tier1_PEJVO本体	glot	2	0.500	1	1.000	2.00
tier1_PEJVO本体	g^et	2	0.500	1	1.000	2.00
tier1_PEJVO本体	infinitezim	2	0.500	1	1.000	2.00
tier1_PEJVO本体	interpunkci	2	0.500	1	1.000	2.00
tier1_PEJVO本体	obskur	2	0.500	1	1.000	2.00
tier1_PEJVO本体	kobold	2	0.500	3	1.000	2.00
tier1_PEJVO本体	orden	2	0.500	2	1.000	2.00
tier1_PEJVO本体	narcis	2	0.500	1	1.000	2.00
tier1_PEJVO本体	prepuci	2	0.500	1	1.000	2.00
tier1_PEJVO本体	timpan	2	0.500	1	1.000	2.00
tier1_PEJVO本体	hard	5	0.400	1	1.000	2.50
tier1_PEJVO本体	kil	3	0.333	1	1.000	3.00
tier1_PEJVO本体	devi	3	0.333	6	1.000	3.00
tier1_PEJVO本体	embri	6	0.333	1	1.000	3.00
tier1_PEJVO本体	spat	3	0.333	1	1.000	3.00
tier1_PEJVO本体	framason	3	0.333	1	1.000	3.00
tier1_PEJVO本体	grenad	4	0.250	1	1.000	4.00
tier1_PEJVO本体	kronik	4	0.250	3	1.000	4.00
