語根A	面A	層A	FA	語根B	面B	層B	FB	字A	字B	IoU	blur	マーク差
flank	侧	CSV2890	83	metri	测ᴹᵀ	PEJVO	60	侧	测	0.591	0.969	あり
flank	侧	CSV2890	83	mezur	测	CSV2890	57	侧	测	0.591	0.969	なし
kur	跑	CSV2890	63	ĉel	胞	CSV2890	47	跑	胞	0.473	0.946	なし
infan	童	CSV2890	59	senc	意ˢ	CSV2890	36	童	意	0.481	0.948	あり
bank	银ᴮ	CSV2890	34	radik	根	CSV2890	41	银	根	0.524	0.965	あり
infan	童	CSV2890	59	ide	意	CSV2890	31	童	意	0.481	0.948	なし
branĉ	枝	CSV2890	24	teknik	技	CSV2890	26	枝	技	0.584	0.974	なし
kat	猫	CSV2890	27	pentr	描	CSV2890	23	猫	描	0.503	0.940	なし
roz	玫	CSV2890	35	atak	攻	CSV2890	23	玫	攻	0.527	0.952	なし
sat	饱	CSV2890	27	kanon	炮	PEJVO	22	饱	炮	0.536	0.947	なし
ten	持	CSV2890	92	ot	待	文法層	21	持	待	0.472	0.965	なし
klor	氯	PEJVO	25	nitr	氮	PEJVO	19	氯	氮	0.479	0.960	なし
preĝ	祈	CSV2890	18	fald	折	CSV2890	36	祈	折	0.518	0.966	なし
kolekt	集	CSV2890	40	nest	巢	CSV2890	17	集	巢	0.467	0.953	なし
ŝtal	钢	CSV2890	17	kupr	铜	CSV2890	16	钢	铜	0.525	0.972	なし
infan	童	CSV2890	59	signif	意ˢᴳ	CSV2890	15	童	意	0.481	0.948	あり
ten	持	CSV2890	92	atend	待ᴬ	CSV2890	15	持	待	0.472	0.965	あり
satur	饱ˢᴿ	PEJVO	14	kanon	炮	PEJVO	22	饱	炮	0.536	0.947	あり
pentr	描	CSV2890	23	ankr	锚	PEJVO	14	描	锚	0.464	0.965	なし
preĝ	祈	CSV2890	18	refrakt	折ᴿᶠ	PEJVO	14	祈	折	0.518	0.966	あり
lepor	兔	CSV2890	14	imun	免	CSV2890	30	兔	免	0.897	0.980	なし
vek	醒	CSV2890	13	alkohol	醇	CSV2890	22	醒	醇	0.482	0.963	なし
vitr	玻	CSV2890	53	dekliv	坡	CSV2890	13	玻	坡	0.527	0.953	なし
bol	沸	CSV2890	22	budh	佛	CSV2890	13	沸	佛	0.471	0.953	なし
verg	枝ⱽ	CSV2890	13	teknik	技	CSV2890	26	枝	技	0.584	0.974	あり
preĝ	祈	CSV2890	18	analiz	析	CSV2890	13	祈	析	0.488	0.959	なし
fald	折	CSV2890	36	analiz	析	CSV2890	13	折	析	0.520	0.960	なし
refrakt	折ᴿᶠ	PEJVO	14	analiz	析	CSV2890	13	折	析	0.520	0.960	あり
grund	土	CSV2890	23	kavalir	士	PEJVO	12	土	士	0.451	0.957	なし
infan	童	CSV2890	59	intenc	意ᴵᴺ	CSV2890	12	童	意	0.481	0.948	あり
koncentr	集ᴷᴺ	CSV2890	12	nest	巢	CSV2890	17	集	巢	0.467	0.953	あり
korp	体	CSV2890	44	ripoz	休	CSV2890	12	体	休	0.545	0.979	なし
sport	体ˢ	CSV2890	19	ripoz	休	CSV2890	12	体	休	0.545	0.979	あり
branĉ	枝	CSV2890	24	inĝenier	技ᴵ	CSV2890	12	枝	技	0.584	0.974	あり
verg	枝ⱽ	CSV2890	13	inĝenier	技ᴵ	CSV2890	12	枝	技	0.584	0.974	あり
pati	情	文法層	30	prudent	慎	CSV2890	12	情	慎	0.553	0.952	なし
humor	情ᴴ	CSV2890	18	prudent	慎	CSV2890	12	情	慎	0.553	0.952	あり
abel	蜂	CSV2890	21	alp	峰	PEJVO	12	蜂	峰	0.652	0.966	なし
brun	褐	CSV2890	28	rivel	揭	CSV2890	11	褐	揭	0.466	0.973	なし
emoci	情ᴱ	CSV2890	11	prudent	慎	CSV2890	12	情	慎	0.553	0.952	あり
alkohol	醇	CSV2890	22	ebri	醉ᴱ	CSV2890	11	醇	醉	0.471	0.974	あり
model	模	CSV2890	14	palp	摸	CSV2890	11	模	摸	0.581	0.980	なし
vet	赌	CSV2890	17	korupt	贿	PEJVO	11	赌	贿	0.454	0.943	なし
fabel	童ᶠ	CSV2890	10	ide	意	CSV2890	31	童	意	0.481	0.948	あり
fabel	童ᶠ	CSV2890	10	senc	意ˢ	CSV2890	36	童	意	0.481	0.948	あり
fabel	童ᶠ	CSV2890	10	signif	意ˢᴳ	CSV2890	15	童	意	0.481	0.948	あり
fabel	童ᶠ	CSV2890	10	intenc	意ᴵᴺ	CSV2890	12	童	意	0.481	0.948	あり
ĵet	投	CSV2890	67	kampanj	役ᴷ	PEJVO	10	投	役	0.488	0.970	あり
agrabl	快	CSV2890	10	blok	块	CSV2890	28	快	块	0.518	0.951	なし
roz	玫	CSV2890	35	agres	攻ᴬᴳ	PEJVO	10	玫	攻	0.527	0.952	あり
vek	醒	CSV2890	13	vinagr	醋ⱽ	PEJVO	10	醒	醋	0.453	0.945	あり
arĝent	银	CSV2890	10	radik	根	CSV2890	41	银	根	0.524	0.965	なし
preĝ	祈	CSV2890	18	rabat	折ᴿ	CSV2890	10	祈	折	0.518	0.966	あり
akcident	祸	CSV2890	10	pat	锅	CSV2890	21	祸	锅	0.495	0.959	なし
akcident	祸	CSV2890	10	kaldron	锅ᴷ	CSV2890	11	祸	锅	0.495	0.959	あり
rabat	折ᴿ	CSV2890	10	analiz	析	CSV2890	13	折	析	0.520	0.960	あり
model	模	CSV2890	14	horizontal	横	CSV2890	10	模	横	0.492	0.964	なし
foir	集ᶠ	CSV2890	9	nest	巢	CSV2890	17	集	巢	0.467	0.953	あり
neĝ	雪	CSV2890	51	tondr	雷	CSV2890	9	雪	雷	0.537	0.940	なし
pend	挂	CSV2890	43	lau^r	桂ᴸ	PEJVO	9	挂	桂	0.484	0.975	あり
honest	诚	CSV2890	18	kastel	城	CSV2890	9	诚	城	0.472	0.952	なし
kontrol	检	CSV2890	33	kran	栓	CSV2890	9	检	栓	0.505	0.950	なし
ekzamen	检ᴱ	CSV2890	31	kran	栓	CSV2890	9	检	栓	0.505	0.950	あり
detekt	检ᴰ	PEJVO	12	kran	栓	CSV2890	9	检	栓	0.505	0.950	あり
promoci	升ᴾ	PEJVO	9	ŝalt	开	CSV2890	25	升	开	0.551	0.948	あり
put	井	CSV2890	9	paralel	并	CSV2890	18	井	并	0.604	0.982	なし
alkohol	醇	CSV2890	22	rav	醉	CSV2890	9	醇	醉	0.471	0.974	なし
tumult	闹	CSV2890	9	kluz	闸	PEJVO	9	闹	闸	0.552	0.963	なし
bird	鸟	CSV2890	63	ebon	乌	PEJVO	8	鸟	乌	0.520	0.961	なし
stern	铺	CSV2890	8	stift	销	PEJVO	10	铺	销	0.548	0.944	なし
pavim	铺ᴾ	PEJVO	8	stift	销	PEJVO	10	铺	销	0.548	0.944	あり
amator	好	CSV2890	8	adult	奸ᴬ	PEJVO	8	好	奸	0.507	0.954	あり
far	做	CSV2890	104	arog	傲	PEJVO	7	做	傲	0.505	0.972	なし
dorm	睡	CSV2890	46	saliv	唾	PEJVO	7	睡	唾	0.613	0.968	なし
spekul	投ˢ	PEJVO	7	kampanj	役ᴷ	PEJVO	10	投	役	0.488	0.970	あり
fart	体ᶠ	CSV2890	7	ripoz	休	CSV2890	12	体	休	0.545	0.979	あり
puŝ	推	CSV2890	48	vertebr	椎	PEJVO	7	推	椎	0.724	0.982	なし
ŝov	推ˢ̂	CSV2890	46	vertebr	椎	PEJVO	7	推	椎	0.724	0.982	あり
rezon	推ᴿ	CSV2890	10	vertebr	椎	PEJVO	7	推	椎	0.724	0.982	あり
vek	醒	CSV2890	13	acet	醋	PEJVO	7	醒	醋	0.453	0.945	なし
sobr	醒ˢ	CSV2890	7	acet	醋	PEJVO	7	醒	醋	0.453	0.945	あり
sobr	醒ˢ	CSV2890	7	vinagr	醋ⱽ	PEJVO	10	醒	醋	0.453	0.945	あり
sobr	醒ˢ	CSV2890	7	alkohol	醇	CSV2890	22	醒	醇	0.482	0.963	あり
brun	褐	CSV2890	28	skorpi	蝎	CSV2890	7	褐	蝎	0.450	0.956	なし
branĉ	枝	CSV2890	24	teknologi	技ᵀᴸ	CSV2890	7	枝	技	0.584	0.974	あり
verg	枝ⱽ	CSV2890	13	teknologi	技ᵀᴸ	CSV2890	7	枝	技	0.584	0.974	あり
sincer	诚ˢ	CSV2890	7	kastel	城	CSV2890	9	诚	城	0.472	0.952	あり
kontrol	检	CSV2890	33	bolt	栓ᴮ	PEJVO	7	检	栓	0.505	0.950	あり
kontrol	检	CSV2890	33	rigl	栓ᴿ	PEJVO	7	检	栓	0.505	0.950	あり
ekzamen	检ᴱ	CSV2890	31	bolt	栓ᴮ	PEJVO	7	检	栓	0.505	0.950	あり
ekzamen	检ᴱ	CSV2890	31	rigl	栓ᴿ	PEJVO	7	检	栓	0.505	0.950	あり
detekt	检ᴰ	PEJVO	12	bolt	栓ᴮ	PEJVO	7	检	栓	0.505	0.950	あり
detekt	检ᴰ	PEJVO	12	rigl	栓ᴿ	PEJVO	7	检	栓	0.505	0.950	あり
inspekt	检ᴵᴺ	PEJVO	7	kran	栓	CSV2890	9	检	栓	0.505	0.950	あり
inspekt	检ᴵᴺ	PEJVO	7	bolt	栓ᴮ	PEJVO	7	检	栓	0.505	0.950	あり
inspekt	检ᴵᴺ	PEJVO	7	rigl	栓ᴿ	PEJVO	7	检	栓	0.505	0.950	あり
pasi	情ᴾˢ	CSV2890	7	prudent	慎	CSV2890	12	情	慎	0.553	0.952	あり
litr	升	CSV2890	7	ŝalt	开	CSV2890	25	升	开	0.551	0.948	なし
kom	逗	CSV2890	9	emerit	退	CSV2890	7	逗	退	0.518	0.961	なし
kom	逗	CSV2890	9	degener	退ᴰ	PEJVO	7	逗	退	0.518	0.961	あり
ŝerc	逗ˢ̂	CSV2890	13	emerit	退	CSV2890	7	逗	退	0.518	0.961	あり
ŝerc	逗ˢ̂	CSV2890	13	degener	退ᴰ	PEJVO	7	逗	退	0.518	0.961	あり
frand	品	CSV2890	7	kristal	晶	CSV2890	28	品	晶	0.524	0.968	なし
orf	孤	CSV2890	7	vulp	狐	CSV2890	11	孤	狐	0.550	0.959	なし
bud	棚	CSV2890	7	kokos	椰	CSV2890	9	棚	椰	0.547	0.958	なし
varb	募	CSV2890	7	akt	幕	CSV2890	10	募	幕	0.456	0.966	なし
konus	锥	PEJVO	16	vertebr	椎	PEJVO	7	锥	椎	0.487	0.969	なし
ĉirkaŭ	围	文法層	71	bed	圃	PEJVO	6	围	圃	0.591	0.956	なし
peri	围ᴾ	PEJVO	13	bed	圃	PEJVO	6	围	圃	0.591	0.956	あり
sieg^	围ˢ	PEJVO	9	bed	圃	PEJVO	6	围	圃	0.591	0.956	あり
flank	侧	CSV2890	83	bir	测ᴮ	PEJVO	6	侧	测	0.591	0.969	あり
kur	跑	CSV2890	63	cito	胞ᶜᵀ	PIV	6	跑	胞	0.473	0.946	あり
puŝ	推	CSV2890	48	dimensi	维	CSV2890	6	推	维	0.490	0.950	なし
ŝov	推ˢ̂	CSV2890	46	dimensi	维	CSV2890	6	推	维	0.490	0.950	あり
rezon	推ᴿ	CSV2890	10	dimensi	维	CSV2890	6	推	维	0.490	0.950	あり
rond	圆	CSV2890	36	bed	圃	PEJVO	6	圆	圃	0.532	0.965	なし
cirkl	圆ᶜ	CSV2890	23	bed	圃	PEJVO	6	圆	圃	0.532	0.965	あり
his	升ᴴ	PEJVO	6	ŝalt	开	CSV2890	25	升	开	0.551	0.948	あり
rab	抢	CSV2890	28	pistol	枪ᴾ	PEJVO	6	抢	枪	0.507	0.972	あり
temperatur	温	CSV2890	12	eksces	滥	PEJVO	6	温	滥	0.462	0.943	なし
model	模	CSV2890	14	transvers	横ᵀ	PEJVO	6	模	横	0.492	0.964	あり
dimensi	维	CSV2890	6	vertebr	椎	PEJVO	7	维	椎	0.480	0.951	なし
piramid	锥ᴾ	PEJVO	6	vertebr	椎	PEJVO	7	锥	椎	0.487	0.969	あり
boben	圈	PEJVO	15	bed	圃	PEJVO	6	圈	圃	0.468	0.965	なし
eg^	棱	PEJVO	10	naved	梭	PEJVO	6	棱	梭	0.493	0.964	なし
sabat	土ˢ	CSV2890	5	kavalir	士	PEJVO	12	土	士	0.451	0.957	あり
jam	已	文法層	5	si	己	文法層	95	已	己	0.836	0.987	なし
jam	已	文法層	5	propr	己ᴾ	CSV2890	32	已	己	0.836	0.987	あり
jam	已	文法層	5	propriet	己ᴾᵀ	PEJVO	8	已	己	0.836	0.987	あり
flank	侧	CSV2890	83	gau^g^	测ᴳ	PEJVO	5	侧	测	0.591	0.969	あり
flank	侧	CSV2890	83	kusp	倒	PEJVO	5	侧	倒	0.517	0.955	なし
last	末	CSV2890	25	futur	未	PEJVO	5	末	未	0.630	0.973	なし
ĵet	投	CSV2890	67	servut	役	PEJVO	5	投	役	0.488	0.970	なし
spekul	投ˢ	PEJVO	7	servut	役	PEJVO	5	投	役	0.488	0.970	あり
kur	跑	CSV2890	63	citoz	胞ᶜᶻ	PIV	5	跑	胞	0.473	0.946	あり
agrabl	快	CSV2890	10	parcel	块ᴾ	PEJVO	5	快	块	0.518	0.951	あり
pend	挂	CSV2890	43	cinam	桂	CSV2890	5	挂	桂	0.484	0.975	なし
prunt	借	CSV2890	20	domaĝ	惜	CSV2890	5	借	惜	0.500	0.971	なし
brun	褐	CSV2890	28	denunc	揭ᴰ	CSV2890	5	褐	揭	0.466	0.973	あり
branĉ	枝	CSV2890	24	lice	校	CSV2890	5	枝	校	0.458	0.950	なし
verg	枝ⱽ	CSV2890	13	lice	校	CSV2890	5	枝	校	0.458	0.950	あり
preĝ	祈	CSV2890	18	zigzag	折ᶻ	PEJVO	5	祈	折	0.518	0.966	あり
zigzag	折ᶻ	PEJVO	5	analiz	析	CSV2890	13	折	析	0.520	0.960	あり
litr	升	CSV2890	7	inaŭgur	开ᴵ	CSV2890	5	升	开	0.551	0.948	あり
his	升ᴴ	PEJVO	6	inaŭgur	开ᴵ	CSV2890	5	升	开	0.551	0.948	あり
promoci	升ᴾ	PEJVO	9	inaŭgur	开ᴵ	CSV2890	5	升	开	0.551	0.948	あり
traduk	译	CSV2890	23	glace	泽	PEJVO	5	译	泽	0.565	0.950	なし
interpret	译ᴵ	CSV2890	12	glace	泽	PEJVO	5	译	泽	0.565	0.950	あり
termi	温ᵀᴿ	PEJVO	5	eksces	滥	PEJVO	6	温	滥	0.462	0.943	あり
put	井	CSV2890	9	aneks	并ᴬ	PEJVO	5	井	并	0.604	0.982	あり
alkohol	醇	CSV2890	22	ekstaz	醉ᴱᴷ	PEJVO	5	醇	醉	0.471	0.974	あり
s^ablon	模ˢ̂	PEJVO	5	palp	摸	CSV2890	11	模	摸	0.581	0.980	あり
s^ablon	模ˢ̂	PEJVO	5	horizontal	横	CSV2890	10	模	横	0.492	0.964	あり
s^ablon	模ˢ̂	PEJVO	5	transvers	横ᵀ	PEJVO	6	模	横	0.492	0.964	あり
moskit	蚊	CSV2890	5	formik	蚁	CSV2890	10	蚊	蚁	0.521	0.978	なし
pent	悔	CSV2890	12	kateh^iz	诲ᴷᴴ̂	PEJVO	5	悔	诲	0.639	0.954	あり
pent	悔	CSV2890	12	ume	梅	PEJVO	5	悔	梅	0.583	0.966	なし
prokrast	延	CSV2890	14	kuri	廷	PEJVO	5	延	廷	0.629	0.965	なし
persik	桃	CSV2890	5	provok	挑	CSV2890	7	桃	挑	0.578	0.980	なし
ran	蛙	CSV2890	8	ostr	蚌	PEJVO	5	蛙	蚌	0.543	0.970	なし
avantaĝ	优	CSV2890	6	angor	忧	PEJVO	5	优	忧	0.514	0.970	なし
ĉirkaŭ	围	文法層	71	stapl	囤	PEJVO	4	围	囤	0.487	0.963	なし
peri	围ᴾ	PEJVO	13	stapl	囤	PEJVO	4	围	囤	0.487	0.963	あり
sieg^	围ˢ	PEJVO	9	stapl	囤	PEJVO	4	围	囤	0.487	0.963	あり
grund	土	CSV2890	23	licenci	士ᴸ	PEJVO	4	土	士	0.451	0.957	あり
sabat	土ˢ	CSV2890	5	licenci	士ᴸ	PEJVO	4	土	士	0.451	0.957	あり
aŭ	或	文法層	4	abstin	戒	CSV2890	8	或	戒	0.483	0.962	なし
nur	仅	文法層	4	rit	仪	PEJVO	5	仅	仪	0.498	0.951	なし
tre	很	文法層	4	radik	根	CSV2890	41	很	根	0.614	0.974	なし
tre	很	文法層	4	arĝent	银	CSV2890	10	很	银	0.488	0.964	なし
tre	很	文法層	4	bank	银ᴮ	CSV2890	34	很	银	0.488	0.964	あり
flank	侧	CSV2890	83	test	测ᵀ	PEJVO	4	侧	测	0.591	0.969	あり
arde	鸟ᴬ	PEJVO	4	ebon	乌	PEJVO	8	鸟	乌	0.520	0.961	あり
skolop	鸟ˢ	PEJVO	4	ebon	乌	PEJVO	8	鸟	乌	0.520	0.961	あり
motacil	鸟ᴹᵀ	PEJVO	4	ebon	乌	PEJVO	8	鸟	乌	0.520	0.961	あり
alegr	快ᴬᴸ	PEJVO	4	blok	块	CSV2890	28	快	块	0.518	0.951	あり
alegr	快ᴬᴸ	PEJVO	4	parcel	块ᴾ	PEJVO	5	快	块	0.518	0.951	あり
somat	体ˢᵀ	PIV	4	ripoz	休	CSV2890	12	体	休	0.545	0.979	あり
branĉ	枝	CSV2890	24	gimnazi	校ᴳ	CSV2890	4	枝	校	0.458	0.950	あり
verg	枝ⱽ	CSV2890	13	gimnazi	校ᴳ	CSV2890	4	枝	校	0.458	0.950	あり
pati	情	文法層	30	inert	惰	PEJVO	4	情	惰	0.534	0.956	なし
pasi	情ᴾˢ	CSV2890	7	inert	惰	PEJVO	4	情	惰	0.534	0.956	あり
humor	情ᴴ	CSV2890	18	inert	惰	PEJVO	4	情	惰	0.534	0.956	あり
emoci	情ᴱ	CSV2890	11	inert	惰	PEJVO	4	情	惰	0.534	0.956	あり
litr	升	CSV2890	7	apert	开ᴬ	PEJVO	4	升	开	0.551	0.948	あり
his	升ᴴ	PEJVO	6	apert	开ᴬ	PEJVO	4	升	开	0.551	0.948	あり
promoci	升ᴾ	PEJVO	9	apert	开ᴬ	PEJVO	4	升	开	0.551	0.948	あり
rab	抢	CSV2890	28	fusil	枪	PEJVO	4	抢	枪	0.507	0.972	なし
kom	逗	CSV2890	9	regres	退ᴿ	PEJVO	4	逗	退	0.518	0.961	あり
kom	逗	CSV2890	9	dekadenc	退ᴰᴷ	PEJVO	4	逗	退	0.518	0.961	あり
ŝerc	逗ˢ̂	CSV2890	13	regres	退ᴿ	PEJVO	4	逗	退	0.518	0.961	あり
ŝerc	逗ˢ̂	CSV2890	13	dekadenc	退ᴰᴷ	PEJVO	4	逗	退	0.518	0.961	あり
forĝ	锻	CSV2890	12	saten	缎	PEJVO	4	锻	缎	0.512	0.961	なし
forĝ	锻	CSV2890	12	damask	缎ᴰ	PEJVO	4	锻	缎	0.512	0.961	あり
vat	棉	CSV2890	16	brok	锦	PEJVO	4	棉	锦	0.564	0.968	なし
koton	棉ᴷ	CSV2890	20	brok	锦	PEJVO	4	棉	锦	0.564	0.968	あり
kunikl	兔ᴷ	CSV2890	4	imun	免	CSV2890	30	兔	免	0.897	0.980	あり
vesp	蜂ⱽ	CSV2890	4	alp	峰	PEJVO	12	蜂	峰	0.652	0.966	あり
diletant	好ᴰ	PEJVO	4	adult	奸ᴬ	PEJVO	8	好	奸	0.507	0.954	あり
barier	栏ᴮ	PEJVO	4	dig	拦	PEJVO	6	栏	拦	0.546	0.963	あり
dand	俏	CSV2890	8	flustr	悄	CSV2890	4	俏	悄	0.596	0.971	なし
bed	圃	PEJVO	6	stapl	囤	PEJVO	4	圃	囤	0.544	0.960	なし
ĉirkaŭ	围	文法層	71	akapar	囤ᴬ	PEJVO	3	围	囤	0.487	0.963	あり
peri	围ᴾ	PEJVO	13	akapar	囤ᴬ	PEJVO	3	围	囤	0.487	0.963	あり
sieg^	围ˢ	PEJVO	9	akapar	囤ᴬ	PEJVO	3	围	囤	0.487	0.963	あり
lign	木	CSV2890	51	taktik	术	CSV2890	3	木	术	0.680	0.969	なし
ksil	木ᴷ	PEJVO	6	taktik	术	CSV2890	3	木	术	0.680	0.969	あり
ĵaŭd	木ᴶ̂	CSV2890	3	taktik	术	CSV2890	3	木	术	0.680	0.969	あり
muskat	木ᴹ	PEJVO	6	taktik	术	CSV2890	3	木	术	0.680	0.969	あり
koka	木ᴷᴼᴷᴬ	PEJVO	5	taktik	术	CSV2890	3	木	术	0.680	0.969	あり
grumis^am	木ᴳᴹ	PIV	3	taktik	术	CSV2890	3	木	术	0.680	0.969	あり
andromed	木ᴬᴰ	PIV	3	taktik	术	CSV2890	3	木	术	0.680	0.969	あり
klementin	木ᴷᴸᴱ	PIV	4	taktik	术	CSV2890	3	木	术	0.680	0.969	あり
saturn	土ˢᵀ	PEJVO	3	kavalir	士	PEJVO	12	土	士	0.451	0.957	あり
saturn	土ˢᵀ	PEJVO	3	licenci	士ᴸ	PEJVO	4	土	士	0.451	0.957	あり
tre	很	文法層	4	radikl	根ᴿᴸ	PIV	3	很	根	0.614	0.974	あり
flank	侧	CSV2890	83	inversi	倒ᴵ	PEJVO	3	侧	倒	0.517	0.955	あり
pedo	童ᴾ	PEJVO	3	ide	意	CSV2890	31	童	意	0.481	0.948	あり
pedo	童ᴾ	PEJVO	3	senc	意ˢ	CSV2890	36	童	意	0.481	0.948	あり
pedo	童ᴾ	PEJVO	3	signif	意ˢᴳ	CSV2890	15	童	意	0.481	0.948	あり
pedo	童ᴾ	PEJVO	3	intenc	意ᴵᴺ	CSV2890	12	童	意	0.481	0.948	あり
ot	待	文法層	21	kelner	侍	CSV2890	3	待	侍	0.494	0.956	なし
atend	待ᴬ	CSV2890	15	kelner	侍	CSV2890	3	待	侍	0.494	0.956	あり
cikoni	鸟ᶜ	CSV2890	3	ebon	乌	PEJVO	8	鸟	乌	0.520	0.961	あり
majn	鸟ᴹ	PEJVO	3	ebon	乌	PEJVO	8	鸟	乌	0.520	0.961	あり
ornit	鸟ᴼ	PEJVO	3	ebon	乌	PEJVO	8	鸟	乌	0.520	0.961	あり
pelikan	鸟ᴾᴸ	PEJVO	3	ebon	乌	PEJVO	8	鸟	乌	0.520	0.961	あり
karadri	鸟ᴷᴵ	PIV	3	ebon	乌	PEJVO	8	鸟	乌	0.520	0.961	あり
agrabl	快	CSV2890	10	grumel	块ᴳ	PIV	3	快	块	0.518	0.951	あり
alegr	快ᴬᴸ	PEJVO	4	grumel	块ᴳ	PIV	3	快	块	0.518	0.951	あり
roz	玫	CSV2890	35	ofensiv	攻ᴼ	PEJVO	3	玫	攻	0.527	0.952	あり
vitr	玻	CSV2890	53	talus	坡ᵀ	PEJVO	3	玻	坡	0.527	0.953	あり
arĝent	银	CSV2890	10	radikl	根ᴿᴸ	PIV	3	银	根	0.524	0.965	あり
bank	银ᴮ	CSV2890	34	radikl	根ᴿᴸ	PIV	3	银	根	0.524	0.965	あり
bol	沸	CSV2890	22	buda	佛ᴮᴬ	PEJVO	3	沸	佛	0.471	0.953	あり
rabd	枝ᴿ	PIV	3	teknik	技	CSV2890	26	枝	技	0.584	0.974	あり
rabd	枝ᴿ	PIV	3	inĝenier	技ᴵ	CSV2890	12	枝	技	0.584	0.974	あり
rabd	枝ᴿ	PIV	3	teknologi	技ᵀᴸ	CSV2890	7	枝	技	0.584	0.974	あり
rabd	枝ᴿ	PIV	3	lice	校	CSV2890	5	枝	校	0.458	0.950	あり
rabd	枝ᴿ	PIV	3	gimnazi	校ᴳ	CSV2890	4	枝	校	0.458	0.950	あり
preĝ	祈	CSV2890	18	plis	折ᴾ	PEJVO	3	祈	折	0.518	0.966	あり
preĝ	祈	CSV2890	18	analitik	析ᴬᵀ	PEJVO	3	祈	析	0.488	0.959	あり
akcident	祸	CSV2890	10	retort	锅ᴿ	PEJVO	3	祸	锅	0.495	0.959	あり
kontrol	检	CSV2890	33	embol	栓ᴱ	PEJVO	3	检	栓	0.505	0.950	あり
ekzamen	检ᴱ	CSV2890	31	embol	栓ᴱ	PEJVO	3	检	栓	0.505	0.950	なし
detekt	检ᴰ	PEJVO	12	embol	栓ᴱ	PEJVO	3	检	栓	0.505	0.950	あり
inspekt	检ᴵᴺ	PEJVO	7	embol	栓ᴱ	PEJVO	3	检	栓	0.505	0.950	あり
fald	折	CSV2890	36	analitik	析ᴬᵀ	PEJVO	3	折	析	0.520	0.960	あり
rabat	折ᴿ	CSV2890	10	analitik	析ᴬᵀ	PEJVO	3	折	析	0.520	0.960	あり
zigzag	折ᶻ	PEJVO	5	analitik	析ᴬᵀ	PEJVO	3	折	析	0.520	0.960	あり
refrakt	折ᴿᶠ	PEJVO	14	analitik	析ᴬᵀ	PEJVO	3	折	析	0.520	0.960	あり
plis	折ᴾ	PEJVO	3	analiz	析	CSV2890	13	折	析	0.520	0.960	あり
plis	折ᴾ	PEJVO	3	analitik	析ᴬᵀ	PEJVO	3	折	析	0.520	0.960	あり
gust	味	CSV2890	39	miaŭ	咪	CSV2890	3	味	咪	0.485	0.967	なし
patos	情ᴾᵀ	PEJVO	3	inert	惰	PEJVO	4	情	惰	0.534	0.956	あり
afekci	情ᴬ	PEJVO	3	inert	惰	PEJVO	4	情	惰	0.534	0.956	あり
patos	情ᴾᵀ	PEJVO	3	prudent	慎	CSV2890	12	情	慎	0.553	0.952	あり
afekci	情ᴬ	PEJVO	3	prudent	慎	CSV2890	12	情	慎	0.553	0.952	あり
parvenu	升ᴾⱽ	PEJVO	3	ŝalt	开	CSV2890	25	升	开	0.551	0.948	あり
parvenu	升ᴾⱽ	PEJVO	3	inaŭgur	开ᴵ	CSV2890	5	升	开	0.551	0.948	あり
parvenu	升ᴾⱽ	PEJVO	3	apert	开ᴬ	PEJVO	4	升	开	0.551	0.948	あり
stern	铺	CSV2890	8	debit	销ᴰ	PEJVO	3	铺	销	0.548	0.944	あり
pavim	铺ᴾ	PEJVO	8	debit	销ᴰ	PEJVO	3	铺	销	0.548	0.944	あり
s^ed	棚ˢ̂	PIV	3	kokos	椰	CSV2890	9	棚	椰	0.547	0.958	あり
kastel	城	CSV2890	9	sektor	域	PEJVO	3	城	域	0.485	0.966	なし
migr	迁	CSV2890	35	pedant	迂	PEJVO	3	迁	迂	0.498	0.969	なし
amator	好	CSV2890	8	kokr	奸	PEJVO	3	好	奸	0.507	0.954	なし
diletant	好ᴰ	PEJVO	4	kokr	奸	PEJVO	3	好	奸	0.507	0.954	あり
varb	募	CSV2890	7	kulis	幕ᴷ	PEJVO	3	募	幕	0.456	0.966	あり
kvest	募ᴷ	PIV	3	akt	幕	CSV2890	10	募	幕	0.456	0.966	あり
kvest	募ᴷ	PIV	3	kulis	幕ᴷ	PEJVO	3	募	幕	0.456	0.966	なし
ran	蛙	CSV2890	8	mitul	蚌ᴹ	PEJVO	3	蛙	蚌	0.543	0.970	あり
klor	氯	PEJVO	25	azot	氮ᴬ	PEJVO	3	氯	氮	0.479	0.960	あり
cirk	圈ᶜ	PEJVO	3	bed	圃	PEJVO	6	圈	圃	0.468	0.965	あり
meteor	陨	PEJVO	10	fini	限	PIV	3	陨	限	0.496	0.956	なし
meteor	陨	PEJVO	10	restrikt	限ᴿ	PIV	3	陨	限	0.496	0.956	あり
medal	牌	PEJVO	7	lien	脾	PEJVO	3	牌	脾	0.502	0.974	なし
bed	圃	PEJVO	6	akapar	囤ᴬ	PEJVO	3	圃	囤	0.544	0.960	あり
retrospektiv	顾	PEJVO	3	rezignaci	顺	PEJVO	3	顾	顺	0.525	0.968	なし
inter	间	文法層	235	anekdot	闻	CSV2890	2	间	闻	0.616	0.971	なし
sorp	木ˢ	PEJVO	2	taktik	术	CSV2890	3	木	术	0.680	0.969	あり
tili	木ᵀ	PEJVO	2	taktik	术	CSV2890	3	木	术	0.680	0.969	あり
kornus	木ᴷᴿ	PEJVO	2	taktik	术	CSV2890	3	木	术	0.680	0.969	あり
ro	木ᴿ	PIV	2	taktik	术	CSV2890	3	木	术	0.680	0.969	あり
koril	木ᴷᴵ	PIV	2	taktik	术	CSV2890	3	木	术	0.680	0.969	あり
as^ok	木ᴬˢ̂	PIV	2	taktik	术	CSV2890	3	木	术	0.680	0.969	あり
kobe	木ᴷᴮ	PIV	2	taktik	术	CSV2890	3	木	术	0.680	0.969	あり
perse	木ᴾ	PIV	2	taktik	术	CSV2890	3	木	术	0.680	0.969	あり
angostur	木ᴬˢ	PIV	2	taktik	术	CSV2890	3	木	术	0.680	0.969	あり
far	做	CSV2890	104	orgojl	傲ᴼ	PEJVO	2	做	傲	0.505	0.972	あり
ot	待	文法層	21	pag^i	侍ᴾ	PEJVO	2	待	侍	0.494	0.956	あり
ot	待	文法層	21	stevard	侍ˢ	PEJVO	2	待	侍	0.494	0.956	あり
atend	待ᴬ	CSV2890	15	pag^i	侍ᴾ	PEJVO	2	待	侍	0.494	0.956	あり
atend	待ᴬ	CSV2890	15	stevard	侍ˢ	PEJVO	2	待	侍	0.494	0.956	あり
kivi	鸟ᴷ	PEJVO	2	ebon	乌	PEJVO	8	鸟	乌	0.520	0.961	あり
perdrik	鸟ᴾᴰ	PEJVO	2	ebon	乌	PEJVO	8	鸟	乌	0.520	0.961	あり
sit	鸟ˢᴵ	PIV	2	ebon	乌	PEJVO	8	鸟	乌	0.520	0.961	あり
pluvi	鸟ᴾⱽ	PIV	2	ebon	乌	PEJVO	8	鸟	乌	0.520	0.961	あり
apterig	鸟ᴬᴾ	PIV	2	ebon	乌	PEJVO	8	鸟	乌	0.520	0.961	あり
kur	跑	CSV2890	63	celul	胞ᶜ	PEJVO	2	跑	胞	0.473	0.946	あり
renkont	遇	CSV2890	10	kompuls	逼	PIV	2	遇	逼	0.529	0.948	なし
vent	风	CSV2890	81	feniks	凤	PEJVO	2	风	凤	0.484	0.978	なし
stil	风ˢ	CSV2890	27	feniks	凤	PEJVO	2	风	凤	0.484	0.978	あり
tajfun	风ᵀ	CSV2890	2	feniks	凤	PEJVO	2	风	凤	0.484	0.978	あり
esk	风ᴱ	PEJVO	11	feniks	凤	PEJVO	2	风	凤	0.484	0.978	あり
anem	风ᴬ	PEJVO	3	feniks	凤	PEJVO	2	风	凤	0.484	0.978	あり
ventol	风ⱽᴸ	PEJVO	6	feniks	凤	PEJVO	2	风	凤	0.484	0.978	あり
som	体ˢᴹ	PIV	2	ripoz	休	CSV2890	12	体	休	0.545	0.979	あり
sat	饱	CSV2890	27	petard	炮ᴾ	PEJVO	2	饱	炮	0.536	0.947	あり
satur	饱ˢᴿ	PEJVO	14	petard	炮ᴾ	PEJVO	2	饱	炮	0.536	0.947	あり
propuls	推ᴾᴿ	PIV	2	dimensi	维	CSV2890	6	推	维	0.490	0.950	あり
inferenc	推ᴵ	PIV	2	dimensi	维	CSV2890	6	推	维	0.490	0.950	あり
propuls	推ᴾᴿ	PIV	2	vertebr	椎	PEJVO	7	推	椎	0.724	0.982	あり
inferenc	推ᴵ	PIV	2	vertebr	椎	PEJVO	7	推	椎	0.724	0.982	あり
roz	玫	CSV2890	35	razi	攻ᴿ	PIV	2	玫	攻	0.527	0.952	あり
vek	醒	CSV2890	13	glikol	醇ᴳ	PIV	2	醒	醇	0.482	0.963	あり
sobr	醒ˢ	CSV2890	7	glikol	醇ᴳ	PIV	2	醒	醇	0.482	0.963	あり
vitr	玻	CSV2890	53	eskarp	坡ᴱ	PEJVO	2	玻	坡	0.527	0.953	あり
glac	玻ᴳ	PEJVO	2	dekliv	坡	CSV2890	13	玻	坡	0.527	0.953	あり
glac	玻ᴳ	PEJVO	2	talus	坡ᵀ	PEJVO	3	玻	坡	0.527	0.953	あり
glac	玻ᴳ	PEJVO	2	eskarp	坡ᴱ	PEJVO	2	玻	坡	0.527	0.953	あり
vitre	玻ⱽᴱ	PIV	2	dekliv	坡	CSV2890	13	玻	坡	0.527	0.953	あり
vitre	玻ⱽᴱ	PIV	2	talus	坡ᵀ	PEJVO	3	玻	坡	0.527	0.953	あり
vitre	玻ⱽᴱ	PIV	2	eskarp	坡ᴱ	PEJVO	2	玻	坡	0.527	0.953	あり
bistr	褐ᴮˢ	PEJVO	2	rivel	揭	CSV2890	11	褐	揭	0.466	0.973	あり
bistr	褐ᴮˢ	PEJVO	2	denunc	揭ᴰ	CSV2890	5	褐	揭	0.466	0.973	あり
bistr	褐ᴮˢ	PEJVO	2	skorpi	蝎	CSV2890	7	褐	蝎	0.450	0.956	あり
vin	酒	CSV2890	68	asperg	洒	PEJVO	2	酒	洒	0.558	0.978	なし
bier	酒ᴮ	CSV2890	20	asperg	洒	PEJVO	2	酒	洒	0.558	0.978	あり
brand	酒ᴮᴺ	CSV2890	11	asperg	洒	PEJVO	2	酒	洒	0.558	0.978	あり
g^in	酒ᴳ̂	PEJVO	4	asperg	洒	PEJVO	2	酒	洒	0.558	0.978	あり
likvor	酒ᴸ	PEJVO	9	asperg	洒	PEJVO	2	酒	洒	0.558	0.978	あり
sake	酒ˢ	PEJVO	2	asperg	洒	PEJVO	2	酒	洒	0.558	0.978	あり
fot	拍	CSV2890	87	cipres	柏	PEJVO	2	拍	柏	0.622	0.973	なし
takt	拍ᵀ	CSV2890	17	cipres	柏	PEJVO	2	拍	柏	0.622	0.973	あり
ikt	拍ᴵ	PIV	2	cipres	柏	PEJVO	2	拍	柏	0.622	0.973	あり
branĉ	枝	CSV2890	24	teĥnik	技ᵀᴴ̂	CSV2890	2	枝	技	0.584	0.974	あり
verg	枝ⱽ	CSV2890	13	teĥnik	技ᵀᴴ̂	CSV2890	2	枝	技	0.584	0.974	あり
rabd	枝ᴿ	PIV	3	teĥnik	技ᵀᴴ̂	CSV2890	2	枝	技	0.584	0.974	あり
preĝ	祈	CSV2890	18	skand	析ˢ	PEJVO	2	祈	析	0.488	0.959	あり
akcident	祸	CSV2890	10	kaserol	锅ᴷˢ	CSV2890	2	祸	锅	0.495	0.959	あり
akcident	祸	CSV2890	10	marmit	锅ᴹ	PEJVO	2	祸	锅	0.495	0.959	あり
kontrol	检	CSV2890	33	dubel	栓ᴰ	PIV	2	检	栓	0.505	0.950	あり
ekzamen	检ᴱ	CSV2890	31	dubel	栓ᴰ	PIV	2	检	栓	0.505	0.950	あり
detekt	检ᴰ	PEJVO	12	dubel	栓ᴰ	PIV	2	检	栓	0.505	0.950	なし
inspekt	检ᴵᴺ	PEJVO	7	dubel	栓ᴰ	PIV	2	检	栓	0.505	0.950	あり
skrutini	检ˢ	PIV	2	kran	栓	CSV2890	9	检	栓	0.505	0.950	あり
skrutini	检ˢ	PIV	2	bolt	栓ᴮ	PEJVO	7	检	栓	0.505	0.950	あり
skrutini	检ˢ	PIV	2	rigl	栓ᴿ	PEJVO	7	检	栓	0.505	0.950	あり
skrutini	检ˢ	PIV	2	embol	栓ᴱ	PEJVO	3	检	栓	0.505	0.950	あり
skrutini	检ˢ	PIV	2	dubel	栓ᴰ	PIV	2	检	栓	0.505	0.950	あり
fald	折	CSV2890	36	skand	析ˢ	PEJVO	2	折	析	0.520	0.960	あり
rabat	折ᴿ	CSV2890	10	skand	析ˢ	PEJVO	2	折	析	0.520	0.960	あり
zigzag	折ᶻ	PEJVO	5	skand	析ˢ	PEJVO	2	折	析	0.520	0.960	あり
refrakt	折ᴿᶠ	PEJVO	14	skand	析ˢ	PEJVO	2	折	析	0.520	0.960	あり
plis	折ᴾ	PEJVO	3	skand	析ˢ	PEJVO	2	折	析	0.520	0.960	あり
dies	升ᴰ	PEJVO	2	ŝalt	开	CSV2890	25	升	开	0.551	0.948	あり
dies	升ᴰ	PEJVO	2	inaŭgur	开ᴵ	CSV2890	5	升	开	0.551	0.948	あり
dies	升ᴰ	PEJVO	2	apert	开ᴬ	PEJVO	4	升	开	0.551	0.948	あり
tepid	温ᵀᴾ	PEJVO	2	eksces	滥	PEJVO	6	温	滥	0.462	0.943	あり
kom	逗	CSV2890	9	retret	退ᴿᵀ	PEJVO	2	逗	退	0.518	0.961	あり
ŝerc	逗ˢ̂	CSV2890	13	retret	退ᴿᵀ	PEJVO	2	逗	退	0.518	0.961	あり
pioĉ	镐	CSV2890	5	manuskript	稿	CSV2890	2	镐	稿	0.545	0.961	なし
glikol	醇ᴳ	PIV	2	rav	醉	CSV2890	9	醇	醉	0.471	0.974	あり
glikol	醇ᴳ	PIV	2	ebri	醉ᴱ	CSV2890	11	醇	醉	0.471	0.974	あり
glikol	醇ᴳ	PIV	2	ekstaz	醉ᴱᴷ	PEJVO	5	醇	醉	0.471	0.974	あり
laŭb	棚ᴸ	CSV2890	2	kokos	椰	CSV2890	9	棚	椰	0.547	0.958	あり
barak	棚ᴮᴿ	PEJVO	2	kokos	椰	CSV2890	9	棚	椰	0.547	0.958	あり
markez	棚ᴹ	PEJVO	2	kokos	椰	CSV2890	9	棚	椰	0.547	0.958	あり
emigr	迁ᴱ	PIV	2	pedant	迂	PEJVO	3	迁	迂	0.498	0.969	あり
kul	蚊ᴷ	PEJVO	2	formik	蚁	CSV2890	10	蚊	蚁	0.521	0.978	あり
pent	悔	CSV2890	12	katekiz	诲	PEJVO	2	悔	诲	0.639	0.954	なし
rimors	悔ᴿ	PIV	2	katekiz	诲	PEJVO	2	悔	诲	0.639	0.954	あり
rimors	悔ᴿ	PIV	2	kateh^iz	诲ᴷᴴ̂	PEJVO	5	悔	诲	0.639	0.954	あり
rimors	悔ᴿ	PIV	2	ume	梅	PEJVO	5	悔	梅	0.583	0.966	あり
amator	好	CSV2890	8	stukac^	奸ˢ	PIV	2	好	奸	0.507	0.954	あり
hobi	好ᴴ	CSV2890	2	kokr	奸	PEJVO	3	好	奸	0.507	0.954	あり
hobi	好ᴴ	CSV2890	2	adult	奸ᴬ	PEJVO	8	好	奸	0.507	0.954	あり
hobi	好ᴴ	CSV2890	2	stukac^	奸ˢ	PIV	2	好	奸	0.507	0.954	あり
diletant	好ᴰ	PEJVO	4	stukac^	奸ˢ	PIV	2	好	奸	0.507	0.954	あり
kolumn	栏	CSV2890	2	dig	拦	PEJVO	6	栏	拦	0.546	0.963	なし
batrak	蛙ᴮ	PEJVO	2	ostr	蚌	PEJVO	5	蛙	蚌	0.543	0.970	あり
batrak	蛙ᴮ	PEJVO	2	mitul	蚌ᴹ	PEJVO	3	蛙	蚌	0.543	0.970	あり
elit	优ᴱ	PEJVO	2	angor	忧	PEJVO	5	优	忧	0.514	0.970	あり
optimum	优ᴼ	PEJVO	2	angor	忧	PEJVO	5	优	忧	0.514	0.970	あり
bovl	碗	CSV2890	4	pojn	腕	PEJVO	2	碗	腕	0.527	0.963	なし
kola	木ᴷᴸ	PEJVO	1	taktik	术	CSV2890	3	木	术	0.680	0.969	あり
gnet	木ᴳ	PEJVO	1	taktik	术	CSV2890	3	木	术	0.680	0.969	あり
viburn	木ⱽ	PEJVO	1	taktik	术	CSV2890	3	木	术	0.680	0.969	あり
evonim	木ᴱ	PEJVO	1	taktik	术	CSV2890	3	木	术	0.680	0.969	あり
magnoli	木ᴹᴳ	PEJVO	1	taktik	术	CSV2890	3	木	术	0.680	0.969	あり
terebint	木ᵀᴿ	PEJVO	1	taktik	术	CSV2890	3	木	术	0.680	0.969	あり
berberis	木ᴮ	PEJVO	1	taktik	术	CSV2890	3	木	术	0.680	0.969	あり
meli	木ᴹᴱᴸ	PEJVO	1	taktik	术	CSV2890	3	木	术	0.680	0.969	あり
neri	木ᴺᴿ	PEJVO	1	taktik	术	CSV2890	3	木	术	0.680	0.969	あり
fatsi	木ᶠᵀ	PEJVO	1	taktik	术	CSV2890	3	木	术	0.680	0.969	あり
ilici	木ᴵᴸ	PEJVO	1	taktik	术	CSV2890	3	木	术	0.680	0.969	あり
ailant	木ᴬᴵᴸ	PEJVO	1	taktik	术	CSV2890	3	木	术	0.680	0.969	あり
ardizi	木ᴬᴿᴰ	PEJVO	1	taktik	术	CSV2890	3	木	术	0.680	0.969	あり
eleagn	木ᴱᴬ	PEJVO	1	taktik	术	CSV2890	3	木	术	0.680	0.969	あり
jasmen	木ᴶˢ	PEJVO	1	taktik	术	CSV2890	3	木	术	0.680	0.969	あり
karpen	木ᴷᴬᴿᴾ	PEJVO	1	taktik	术	CSV2890	3	木	术	0.680	0.969	あり
kratag	木ᴷᴿᴬ	PEJVO	1	taktik	术	CSV2890	3	木	术	0.680	0.969	あり
osmant	木ᴼˢ	PEJVO	1	taktik	术	CSV2890	3	木	术	0.680	0.969	あり
stirak	木ˢᴵ	PEJVO	1	taktik	术	CSV2890	3	木	术	0.680	0.969	あり
fraksen	木ᶠˢ	PEJVO	1	taktik	术	CSV2890	3	木	术	0.680	0.969	あり
frangol	木ᶠᴳ	PEJVO	1	taktik	术	CSV2890	3	木	术	0.680	0.969	あり
oleandr	木ᴼᴸ	PEJVO	1	taktik	术	CSV2890	3	木	术	0.680	0.969	あり
oleastr	木ᴼᵀ	PEJVO	1	taktik	术	CSV2890	3	木	术	0.680	0.969	あり
tamarik	木ᵀᴬ	PEJVO	1	taktik	术	CSV2890	3	木	术	0.680	0.969	あり
hidrange	木ᴴᴰ	PEJVO	1	taktik	术	CSV2890	3	木	术	0.680	0.969	あり
hortensi	木ᴴᴼ	PEJVO	1	taktik	术	CSV2890	3	木	术	0.680	0.969	あり
zantoksil	木ᶻᴺ	PEJVO	1	taktik	术	CSV2890	3	木	术	0.680	0.969	あり
c^at	木ᶜ̂	PIV	1	taktik	术	CSV2890	3	木	术	0.680	0.969	あり
der	木ᴰ	PIV	1	taktik	术	CSV2890	3	木	术	0.680	0.969	あり
ele	木ᴱᴸ	PIV	1	taktik	术	CSV2890	3	木	术	0.680	0.969	あり
anon	木ᴬ	PIV	1	taktik	术	CSV2890	3	木	术	0.680	0.969	あり
biks	木ᴮᴷ	PIV	1	taktik	术	CSV2890	3	木	术	0.680	0.969	あり
bold	木ᴮᴸ	PIV	1	taktik	术	CSV2890	3	木	术	0.680	0.969	あり
ceib	木ᶜ	PIV	1	taktik	术	CSV2890	3	木	术	0.680	0.969	あり
duri	木ᴰᵁ	PIV	1	taktik	术	CSV2890	3	木	术	0.680	0.969	あり
flog	木ᶠ	PIV	1	taktik	术	CSV2890	3	木	术	0.680	0.969	あり
gari	木ᴳᴿ	PIV	1	taktik	术	CSV2890	3	木	术	0.680	0.969	あり
guta	木ᴳᵀ	PIV	1	taktik	术	CSV2890	3	木	术	0.680	0.969	あり
heve	木ᴴ	PIV	1	taktik	术	CSV2890	3	木	术	0.680	0.969	あり
fenik	木ᶠᴺ	PIV	1	taktik	术	CSV2890	3	木	术	0.680	0.969	あり
kluzi	木ᴷᶻ	PIV	1	taktik	术	CSV2890	3	木	术	0.680	0.969	あり
akebi	木ᴬᴷ	PIV	1	taktik	术	CSV2890	3	木	术	0.680	0.969	あり
arali	木ᴬᴿ	PIV	1	taktik	术	CSV2890	3	木	术	0.680	0.969	あり
au^kub	木ᴬᵁ̆	PIV	1	taktik	术	CSV2890	3	木	术	0.680	0.969	あり
avero	木ᴬⱽ	PIV	1	taktik	术	CSV2890	3	木	术	0.680	0.969	あり
balat	木ᴮᵀ	PIV	1	taktik	术	CSV2890	3	木	术	0.680	0.969	あり
budle	木ᴮᴰ	PIV	1	taktik	术	CSV2890	3	木	术	0.680	0.969	あり
cestr	木ᶜˢ	PIV	1	taktik	术	CSV2890	3	木	术	0.680	0.969	あり
cikas	木ᶜᴷ	PIV	1	taktik	术	CSV2890	3	木	术	0.680	0.969	あり
damar	木ᴰᴹ	PIV	1	taktik	术	CSV2890	3	木	术	0.680	0.969	あり
efedr	木ᴱᶠ	PIV	1	taktik	术	CSV2890	3	木	术	0.680	0.969	あり
ereti	木ᴱᴿ	PIV	1	taktik	术	CSV2890	3	木	术	0.680	0.969	あり
eskul	木ᴱˢ	PIV	1	taktik	术	CSV2890	3	木	术	0.680	0.969	あり
kopaiv	木ᴷᴾ	PIV	1	taktik	术	CSV2890	3	木	术	0.680	0.969	あり
kupres	木ᴷˢ	PIV	1	taktik	术	CSV2890	3	木	术	0.680	0.969	あり
burser	木ᴮᵁ	PIV	1	taktik	术	CSV2890	3	木	术	0.680	0.969	あり
agatid	木ᴬᴳ	PIV	1	taktik	术	CSV2890	3	木	术	0.680	0.969	あり
albizi	木ᴬᴸ	PIV	1	taktik	术	CSV2890	3	木	术	0.680	0.969	あり
amirid	木ᴬᴹ	PIV	1	taktik	术	CSV2890	3	木	术	0.680	0.969	あり
anagir	木ᴬᴺ	PIV	1	taktik	术	CSV2890	3	木	术	0.680	0.969	あり
antiar	木ᴬᵀ	PIV	1	taktik	术	CSV2890	3	木	术	0.680	0.969	あり
argani	木ᴬᴬ	PIV	1	taktik	术	CSV2890	3	木	术	0.680	0.969	あり
au^kume	木ᴬᵁ	PIV	1	taktik	术	CSV2890	3	木	术	0.680	0.969	あり
azarol	木ᴬᶻ	PIV	1	taktik	术	CSV2890	3	木	术	0.680	0.969	あり
azimen	木ᴬᴵ	PIV	1	taktik	术	CSV2890	3	木	术	0.680	0.969	あり
banjan	木ᴮᴺ	PIV	1	taktik	术	CSV2890	3	木	术	0.680	0.969	あり
cedrel	木ᶜᴰ	PIV	1	taktik	术	CSV2890	3	木	术	0.680	0.969	あり
celtid	木ᶜᴸ	PIV	1	taktik	术	CSV2890	3	木	术	0.680	0.969	あり
cercid	木ᶜᴿ	PIV	1	taktik	术	CSV2890	3	木	术	0.680	0.969	あり
deodar	木ᴰᴰ	PIV	1	taktik	术	CSV2890	3	木	术	0.680	0.969	あり
dileni	木ᴰᴸ	PIV	1	taktik	术	CSV2890	3	木	术	0.680	0.969	あり
drimis	木ᴰᴿ	PIV	1	taktik	术	CSV2890	3	木	术	0.680	0.969	あり
empetr	木ᴱᴹ	PIV	1	taktik	术	CSV2890	3	木	术	0.680	0.969	あり
eu^geni	木ᴱᵁ̆	PIV	1	taktik	术	CSV2890	3	木	术	0.680	0.969	あり
gvaran	木ᴳⱽ	PIV	1	taktik	术	CSV2890	3	木	术	0.680	0.969	あり
hikori	木ᴴᴷ	PIV	1	taktik	术	CSV2890	3	木	术	0.680	0.969	あり
himene	木ᴴᴹ	PIV	1	taktik	术	CSV2890	3	木	术	0.680	0.969	あり
hipofe	木ᴴᴾ	PIV	1	taktik	术	CSV2890	3	木	术	0.680	0.969	あり
simarub	木ˢᴹ	PIV	1	taktik	术	CSV2890	3	木	术	0.680	0.969	あり
alatern	木ᴬᴱ	PIV	1	taktik	术	CSV2890	3	木	术	0.680	0.969	あり
aleu^rit	木ᴬᴸᴱ	PIV	1	taktik	术	CSV2890	3	木	术	0.680	0.969	あり
amelanc^	木ᴬᶜ̂	PIV	1	taktik	术	CSV2890	3	木	术	0.680	0.969	あり
anamirt	木ᴬᴺᴬ	PIV	1	taktik	术	CSV2890	3	木	术	0.680	0.969	あり
aviceni	木ᴬᶜ	PIV	1	taktik	术	CSV2890	3	木	术	0.680	0.969	あり
bau^hini	木ᴮᵁ̆	PIV	1	taktik	术	CSV2890	3	木	术	0.680	0.969	あり
bignoni	木ᴮᴳ	PIV	1	taktik	术	CSV2890	3	木	术	0.680	0.969	あり
bosveli	木ᴮˢ	PIV	1	taktik	术	CSV2890	3	木	术	0.680	0.969	あり
celastr	木ᶜᵀ	PIV	1	taktik	术	CSV2890	3	木	术	0.680	0.969	あり
cinamom	木ᶜᴺ	PIV	1	taktik	术	CSV2890	3	木	术	0.680	0.969	あり
delonik	木ᴰᴷ	PIV	1	taktik	术	CSV2890	3	木	术	0.680	0.969	あり
epakrid	木ᴱᴾ	PIV	1	taktik	术	CSV2890	3	木	术	0.680	0.969	あり
eritren	木ᴱᴺ	PIV	1	taktik	术	CSV2890	3	木	术	0.680	0.969	あり
garcini	木ᴳᶜ	PIV	1	taktik	术	CSV2890	3	木	术	0.680	0.969	あり
gledic^i	木ᴳᴸ	PIV	1	taktik	术	CSV2890	3	木	术	0.680	0.969	あり
hipoman	木ᴴᴺ	PIV	1	taktik	术	CSV2890	3	木	术	0.680	0.969	あり
hur	木ᴴᴿ	PIV	1	taktik	术	CSV2890	3	木	术	0.680	0.969	あり
kad	木ᴷᴰ	PIV	1	taktik	术	CSV2890	3	木	术	0.680	0.969	あり
kus	木ᴷᵁ	PIV	1	taktik	术	CSV2890	3	木	术	0.680	0.969	あり
mug	木ᴹᵁ	PIV	1	taktik	术	CSV2890	3	木	术	0.680	0.969	あり
orn	木ᴼ	PIV	1	taktik	术	CSV2890	3	木	术	0.680	0.969	あり
kava	木ᴷⱽ	PIV	1	taktik	术	CSV2890	3	木	术	0.680	0.969	あり
kofe	木ᴷᶠ	PIV	1	taktik	术	CSV2890	3	木	术	0.680	0.969	あり
kokl	木ᴷᴷ	PIV	1	taktik	术	CSV2890	3	木	术	0.680	0.969	あり
moli	木ᴹᴸ	PIV	1	taktik	术	CSV2890	3	木	术	0.680	0.969	あり
nau^l	木ᴺ	PIV	1	taktik	术	CSV2890	3	木	术	0.680	0.969	あり
opul	木ᴼᴾ	PIV	1	taktik	术	CSV2890	3	木	术	0.680	0.969	あり
rafi	木ᴿᶠ	PIV	1	taktik	术	CSV2890	3	木	术	0.680	0.969	あり
ramn	木ᴿᴹ	PIV	1	taktik	术	CSV2890	3	木	术	0.680	0.969	あり
rusk	木ᴿˢ	PIV	1	taktik	术	CSV2890	3	木	术	0.680	0.969	あり
skin	木ˢᴷ	PIV	1	taktik	术	CSV2890	3	木	术	0.680	0.969	あり
tonk	木ᵀᴺ	PIV	1	taktik	术	CSV2890	3	木	术	0.680	0.969	あり
iksor	木ᴵ	PIV	1	taktik	术	CSV2890	3	木	术	0.680	0.969	あり
kacur	木ᴷᶜ	PIV	1	taktik	术	CSV2890	3	木	术	0.680	0.969	あり
kalun	木ᴷᴺ	PIV	1	taktik	术	CSV2890	3	木	术	0.680	0.969	あり
kau^ri	木ᴷᵁ̆	PIV	1	taktik	术	CSV2890	3	木	术	0.680	0.969	あり
kubeb	木ᴷᴱ	PIV	1	taktik	术	CSV2890	3	木	术	0.680	0.969	あり
kumar	木ᴷᴹ	PIV	1	taktik	术	CSV2890	3	木	术	0.680	0.969	あり
kvasi	木ᴷᴬ	PIV	1	taktik	术	CSV2890	3	木	术	0.680	0.969	あり
maduk	木ᴹᴰ	PIV	1	taktik	术	CSV2890	3	木	术	0.680	0.969	あり
malus	木ᴹˢ	PIV	1	taktik	术	CSV2890	3	木	术	0.680	0.969	あり
mirik	木ᴹᴿ	PIV	1	taktik	术	CSV2890	3	木	术	0.680	0.969	あり
okrom	木ᴼᴷ	PIV	1	taktik	术	CSV2890	3	木	术	0.680	0.969	あり
pajen	木ᴾᴶ	PIV	1	taktik	术	CSV2890	3	木	术	0.680	0.969	あり
papau^	木ᴾᴾ	PIV	1	taktik	术	CSV2890	3	木	术	0.680	0.969	あり
pirus	木ᴾᴵ	PIV	1	taktik	术	CSV2890	3	木	术	0.680	0.969	あり
psidi	木ᴾˢ	PIV	1	taktik	术	CSV2890	3	木	术	0.680	0.969	あり
robur	木ᴿᴮ	PIV	1	taktik	术	CSV2890	3	木	术	0.680	0.969	あり
sarak	木ˢᴿ	PIV	1	taktik	术	CSV2890	3	木	术	0.680	0.969	あり
sofor	木ˢᶠ	PIV	1	taktik	术	CSV2890	3	木	术	0.680	0.969	あり
spire	木ˢᴾ	PIV	1	taktik	术	CSV2890	3	木	术	0.680	0.969	あり
strob	木ˢᵀ	PIV	1	taktik	术	CSV2890	3	木	术	0.680	0.969	あり
sumak	木ˢᵁ	PIV	1	taktik	术	CSV2890	3	木	术	0.680	0.969	あり
jambos	木ᴶ	PIV	1	taktik	术	CSV2890	3	木	术	0.680	0.969	あり
johimb	木ᴶᴴ	PIV	1	taktik	术	CSV2890	3	木	术	0.680	0.969	あり
kanang	木ᴷᴳ	PIV	1	taktik	术	CSV2890	3	木	术	0.680	0.969	あり
karite	木ᴷᵀ	PIV	1	taktik	术	CSV2890	3	木	术	0.680	0.969	あり
katalp	木ᴷᴬᵀ	PIV	1	taktik	术	CSV2890	3	木	术	0.680	0.969	あり
kebrac^	木ᴷᶜ̂	PIV	1	taktik	术	CSV2890	3	木	术	0.680	0.969	あり
kolute	木ᴷᴼ	PIV	1	taktik	术	CSV2890	3	木	术	0.680	0.969	あり
laburn	木ᴸᴮ	PIV	1	taktik	术	CSV2890	3	木	术	0.680	0.969	あり
larici	木ᴸᴿ	PIV	1	taktik	术	CSV2890	3	木	术	0.680	0.969	あり
longan	木ᴸᴺ	PIV	1	taktik	术	CSV2890	3	木	术	0.680	0.969	あり
lorant	木ᴸᵀ	PIV	1	taktik	术	CSV2890	3	木	术	0.680	0.969	あり
makeri	木ᴹᴷ	PIV	1	taktik	术	CSV2890	3	木	术	0.680	0.969	あり
mezere	木ᴹᶻ	PIV	1	taktik	术	CSV2890	3	木	术	0.680	0.969	あり
musend	木ᴹᴺ	PIV	1	taktik	术	CSV2890	3	木	术	0.680	0.969	あり
negund	木ᴺᴳ	PIV	1	taktik	术	CSV2890	3	木	术	0.680	0.969	あり
pandan	木ᴾᴺ	PIV	1	taktik	术	CSV2890	3	木	术	0.680	0.969	あり
pitang	木ᴾᵀ	PIV	1	taktik	术	CSV2890	3	木	术	0.680	0.969	あり
pumili	木ᴾᴹ	PIV	1	taktik	术	CSV2890	3	木	术	0.680	0.969	あり
ramonc^	木ᴿᶜ̂	PIV	1	taktik	术	CSV2890	3	木	术	0.680	0.969	あり
robini	木ᴿᴵ	PIV	1	taktik	术	CSV2890	3	木	术	0.680	0.969	あり
sapind	木ˢᴰ	PIV	1	taktik	术	CSV2890	3	木	术	0.680	0.969	あり
sorbus	木ˢᴮ	PIV	1	taktik	术	CSV2890	3	木	术	0.680	0.969	あり
sparti	木ˢᴬ	PIV	1	taktik	术	CSV2890	3	木	术	0.680	0.969	あり
strikn	木ˢᴺ	PIV	1	taktik	术	CSV2890	3	木	术	0.680	0.969	あり
telope	木ᵀᴾ	PIV	1	taktik	术	CSV2890	3	木	术	0.680	0.969	あり
tipuan	木ᵀᴵ	PIV	1	taktik	术	CSV2890	3	木	术	0.680	0.969	あり
tujops	木ᵀᴶ	PIV	1	taktik	术	CSV2890	3	木	术	0.680	0.969	あり
zelkov	木ᶻ	PIV	1	taktik	术	CSV2890	3	木	术	0.680	0.969	あり
kajeput	木ᴷᴶ	PIV	1	taktik	术	CSV2890	3	木	术	0.680	0.969	あり
karagan	木ᴷᴬᴿ	PIV	1	taktik	术	CSV2890	3	木	术	0.680	0.969	あり
kastane	木ᴷᴬˢ	PIV	1	taktik	术	CSV2890	3	木	术	0.680	0.969	あり
kenomel	木ᴷᴱᴺ	PIV	1	taktik	术	CSV2890	3	木	术	0.680	0.969	あり
kokolob	木ᴷᴼᴷ	PIV	1	taktik	术	CSV2890	3	木	术	0.680	0.969	あり
kombret	木ᴷᴼᴹ	PIV	1	taktik	术	CSV2890	3	木	术	0.680	0.969	あり
komifor	木ᴷᴼᴹᴵ	PIV	1	taktik	术	CSV2890	3	木	术	0.680	0.969	あり
lavsoni	木ᴸⱽ	PIV	1	taktik	术	CSV2890	3	木	术	0.680	0.969	あり
lecitid	木ᴸᶜ	PIV	1	taktik	术	CSV2890	3	木	术	0.680	0.969	あり
lentisk	木ᴸˢ	PIV	1	taktik	术	CSV2890	3	木	术	0.680	0.969	あり
mangrov	木ᴹⱽ	PIV	1	taktik	术	CSV2890	3	木	术	0.680	0.969	あり
monodor	木ᴹᴼ	PIV	1	taktik	术	CSV2890	3	木	术	0.680	0.969	あり
palakvi	木ᴾᴸ	PIV	1	taktik	术	CSV2890	3	木	术	0.680	0.969	あり
pau^lini	木ᴾᵁ̆	PIV	1	taktik	术	CSV2890	3	木	术	0.680	0.969	あり
pinastr	木ᴾᴿ	PIV	1	taktik	术	CSV2890	3	木	术	0.680	0.969	あり
pistaci	木ᴾᶜ	PIV	1	taktik	术	CSV2890	3	木	术	0.680	0.969	あり
ravenal	木ᴿⱽ	PIV	1	taktik	术	CSV2890	3	木	术	0.680	0.969	あり
sviteni	木ˢⱽ	PIV	1	taktik	术	CSV2890	3	木	术	0.680	0.969	あり
taksodi	木ᵀᴷ	PIV	1	taktik	术	CSV2890	3	木	术	0.680	0.969	あり
teobrom	木ᵀᴮ	PIV	1	taktik	术	CSV2890	3	木	术	0.680	0.969	あり
tibus^en	木ᵀˢ̂	PIV	1	taktik	术	CSV2890	3	木	术	0.680	0.969	あり
akvifoli	木ᴬᶠ	PIV	1	taktik	术	CSV2890	3	木	术	0.680	0.969	あり
anakardi	木ᴬᴺᴬᴷ	PIV	1	taktik	术	CSV2890	3	木	术	0.680	0.969	あり
artokarp	木ᴬᴾ	PIV	1	taktik	术	CSV2890	3	木	术	0.680	0.969	あり
bugenvil	木ᴮⱽ	PIV	1	taktik	术	CSV2890	3	木	术	0.680	0.969	あり
ceratoni	木ᶜᴱ	PIV	1	taktik	术	CSV2890	3	木	术	0.680	0.969	あり
dalbergi	木ᴰᴮ	PIV	1	taktik	术	CSV2890	3	木	术	0.680	0.969	あり
dipterik	木ᴰᴾ	PIV	1	taktik	术	CSV2890	3	木	术	0.680	0.969	あり
fortunel	木ᶠᴿ	PIV	1	taktik	术	CSV2890	3	木	术	0.680	0.969	あり
gau^lteri	木ᴳᵁ̆	PIV	1	taktik	术	CSV2890	3	木	术	0.680	0.969	あり
jaborand	木ᴶᴮ	PIV	1	taktik	术	CSV2890	3	木	术	0.680	0.969	あり
jakarand	木ᴶᴷ	PIV	1	taktik	术	CSV2890	3	木	术	0.680	0.969	あり
kalitris	木ᴷᴬᴸ	PIV	1	taktik	术	CSV2890	3	木	术	0.680	0.969	あり
kamerops	木ᴷᴬᴹ	PIV	1	taktik	术	CSV2890	3	木	术	0.680	0.969	あり
kaskaril	木ᴷᴬˢᴷ	PIV	1	taktik	术	CSV2890	3	木	术	0.680	0.969	あり
kazuaren	木ᴷᴬᶻ	PIV	1	taktik	术	CSV2890	3	木	术	0.680	0.969	あり
kopaifer	木ᴷᴼᴾ	PIV	1	taktik	术	CSV2890	3	木	术	0.680	0.969	あり
ksiloste	木ᴷˢᴵ	PIV	1	taktik	术	CSV2890	3	木	术	0.680	0.969	あり
mangifer	木ᴹᶠ	PIV	1	taktik	术	CSV2890	3	木	术	0.680	0.969	あり
manilkar	木ᴹᴬ	PIV	1	taktik	术	CSV2890	3	木	术	0.680	0.969	あり
melaleu^k	木ᴹᵁ̆	PIV	1	taktik	术	CSV2890	3	木	术	0.680	0.969	あり
miristik	木ᴹᴵ	PIV	1	taktik	术	CSV2890	3	木	术	0.680	0.969	あり
miroksil	木ᴹᴵᴿ	PIV	1	taktik	术	CSV2890	3	木	术	0.680	0.969	あり
pau^lovni	木ᴾⱽ	PIV	1	taktik	术	CSV2890	3	木	术	0.680	0.969	あり
pilokarp	木ᴾᴷ	PIV	1	taktik	术	CSV2890	3	木	术	0.680	0.969	あり
pirakant	木ᴾᴬ	PIV	1	taktik	术	CSV2890	3	木	术	0.680	0.969	あり
podokarp	木ᴾᴰ	PIV	1	taktik	术	CSV2890	3	木	术	0.680	0.969	あり
rambutan	木ᴿᵀ	PIV	1	taktik	术	CSV2890	3	木	术	0.680	0.969	あり
sasafras	木ˢˢ	PIV	1	taktik	术	CSV2890	3	木	术	0.680	0.969	あり
semekarp	木ˢᴱ	PIV	1	taktik	术	CSV2890	3	木	术	0.680	0.969	あり
sterkuli	木ˢᴸ	PIV	1	taktik	术	CSV2890	3	木	术	0.680	0.969	あり
strofant	木ˢᴼ	PIV	1	taktik	术	CSV2890	3	木	术	0.680	0.969	あり
kalam	木ᴷᴬᴸᴬ	PIV	1	taktik	术	CSV2890	3	木	术	0.680	0.969	あり
grosulari	木ᴳˢ	PIV	1	taktik	术	CSV2890	3	木	术	0.680	0.969	あり
astrakant	木ᴬˢᵀ	PIV	1	taktik	术	CSV2890	3	木	术	0.680	0.969	あり
bertoleti	木ᴮᴿ	PIV	1	taktik	术	CSV2890	3	木	术	0.680	0.969	あり
brunfelsi	木ᴮᶠ	PIV	1	taktik	术	CSV2890	3	木	术	0.680	0.969	あり
brusoneti	木ᴮᴼ	PIV	1	taktik	术	CSV2890	3	木	术	0.680	0.969	あり
cezalpini	木ᶜᶻ	PIV	1	taktik	术	CSV2890	3	木	术	0.680	0.969	あり
foradendr	木ᶠᴰ	PIV	1	taktik	术	CSV2890	3	木	术	0.680	0.969	あり
hamamelid	木ᴴᴸ	PIV	1	taktik	术	CSV2890	3	木	术	0.680	0.969	あり
krescenti	木ᴷᴿᴱ	PIV	1	taktik	术	CSV2890	3	木	术	0.680	0.969	あり
mangostan	木ᴹᵀ	PIV	1	taktik	术	CSV2890	3	木	术	0.680	0.969	あり
metroksil	木ᴹᴱ	PIV	1	taktik	术	CSV2890	3	木	术	0.680	0.969	あり
pterokarp	木ᴾᴱ	PIV	1	taktik	术	CSV2890	3	木	术	0.680	0.969	あり
terminali	木ᵀᴹ	PIV	1	taktik	术	CSV2890	3	木	术	0.680	0.969	あり
tetraklin	木ᵀᵀ	PIV	1	taktik	术	CSV2890	3	木	术	0.680	0.969	あり
vikstremi	木ⱽᴷ	PIV	1	taktik	术	CSV2890	3	木	术	0.680	0.969	あり
hipokastan	木ᴴˢ	PIV	1	taktik	术	CSV2890	3	木	术	0.680	0.969	あり
cercidifil	木ᶜᶠ	PIV	1	taktik	术	CSV2890	3	木	术	0.680	0.969	あり
eritroksil	木ᴱᴷ	PIV	1	taktik	术	CSV2890	3	木	术	0.680	0.969	あり
hematoksil	木ᴴᵀ	PIV	1	taktik	术	CSV2890	3	木	术	0.680	0.969	あり
klerodendr	木ᴷᴸᴱᴿ	PIV	1	taktik	术	CSV2890	3	木	术	0.680	0.969	あり
liriodendr	木ᴸᴰ	PIV	1	taktik	术	CSV2890	3	木	术	0.680	0.969	あり
dipterokarp	木ᴰᵀ	PIV	1	taktik	术	CSV2890	3	木	术	0.680	0.969	あり
arktostafil	木ᴬᴼ	PIV	1	taktik	术	CSV2890	3	木	术	0.680	0.969	あり
kameciparis	木ᴷᴬᴹᴱ	PIV	1	taktik	术	CSV2890	3	木	术	0.680	0.969	あり
likvidambar	木ᴸᴷ	PIV	1	taktik	术	CSV2890	3	木	术	0.680	0.969	あり
sekvojadendr	木ˢᴶ	PIV	1	taktik	术	CSV2890	3	木	术	0.680	0.969	あり
ulm	木ᵁ	PIV	1	taktik	术	CSV2890	3	木	术	0.680	0.969	あり
gink	木ᴳᴷ	PIV	1	taktik	术	CSV2890	3	木	术	0.680	0.969	あり
baobab	木ᴮᴮ	PIV	1	taktik	术	CSV2890	3	木	术	0.680	0.969	あり
sekvoj	木ˢᴱᴷ	PIV	1	taktik	术	CSV2890	3	木	术	0.680	0.969	あり
santal	木ˢᴬᴺ	PIV	1	taktik	术	CSV2890	3	木	术	0.680	0.969	あり
kinkon	木ᴷᴵᴺ	PIV	1	taktik	术	CSV2890	3	木	术	0.680	0.969	あり
mahagon	木ᴹᴴ	PIV	1	taktik	术	CSV2890	3	木	术	0.680	0.969	あり
forsiti	木ᶠᴼ	PIV	1	taktik	术	CSV2890	3	木	术	0.680	0.969	あり
gardeni	木ᴳᴱ	PIV	1	taktik	术	CSV2890	3	木	术	0.680	0.969	あり
eŭkalipt	木ᴱᵀ	PIV	1	taktik	术	CSV2890	3	木	术	0.680	0.969	あり
tamarind	木ᵀᴰ	PIV	1	taktik	术	CSV2890	3	木	术	0.680	0.969	あり
palisandr	木ᴾᴬᴸ	PIV	1	taktik	术	CSV2890	3	木	术	0.680	0.969	あり
kriptomeri	木ᴷᴿᴵ	PIV	1	taktik	术	CSV2890	3	木	术	0.680	0.969	あり
lagerstrom	木ᴸᴳ	PIV	1	taktik	术	CSV2890	3	木	术	0.680	0.969	あり
disjunkci	或ᴰ	PIV	1	abstin	戒	CSV2890	8	或	戒	0.483	0.962	あり
flank	侧	CSV2890	83	anastrof	倒ᴬ	PEJVO	1	侧	倒	0.517	0.955	あり
ot	待	文法層	21	grum	侍ᴳ	PEJVO	1	待	侍	0.494	0.956	あり
atend	待ᴬ	CSV2890	15	grum	侍ᴳ	PEJVO	1	待	侍	0.494	0.956	あり
turd	鸟ᵀ	PEJVO	1	ebon	乌	PEJVO	8	鸟	乌	0.520	0.961	あり
upup	鸟ᵁ	PEJVO	1	ebon	乌	PEJVO	8	鸟	乌	0.520	0.961	あり
paru	鸟ᴾ	PEJVO	1	ebon	乌	PEJVO	8	鸟	乌	0.520	0.961	あり
oriol	鸟ᴼᴸ	PEJVO	1	ebon	乌	PEJVO	8	鸟	乌	0.520	0.961	あり
sturn	鸟ˢᵀ	PEJVO	1	ebon	乌	PEJVO	8	鸟	乌	0.520	0.961	あり
galbul	鸟ᴳ	PEJVO	1	ebon	乌	PEJVO	8	鸟	乌	0.520	0.961	あり
tetraon	鸟ᵀᵀ	PEJVO	1	ebon	乌	PEJVO	8	鸟	乌	0.520	0.961	あり
merl	鸟ᴹᴱ	PEJVO	1	ebon	乌	PEJVO	8	鸟	乌	0.520	0.961	あり
otid	鸟ᴼᵀ	PEJVO	1	ebon	乌	PEJVO	8	鸟	乌	0.520	0.961	あり
menur	鸟ᴹᴺ	PEJVO	1	ebon	乌	PEJVO	8	鸟	乌	0.520	0.961	あり
merop	鸟ᴹᴾ	PEJVO	1	ebon	乌	PEJVO	8	鸟	乌	0.520	0.961	あり
vanel	鸟ⱽ	PEJVO	1	ebon	乌	PEJVO	8	鸟	乌	0.520	0.961	あり
kolibr	鸟ᴷᴮ	PEJVO	1	ebon	乌	PEJVO	8	鸟	乌	0.520	0.961	あり
botau^r	鸟ᴮᵀ	PEJVO	1	ebon	乌	PEJVO	8	鸟	乌	0.520	0.961	あり
marabu	鸟ᴹᴮ	PEJVO	1	ebon	乌	PEJVO	8	鸟	乌	0.520	0.961	あり
falarop	鸟ᶠᴬ	PEJVO	1	ebon	乌	PEJVO	8	鸟	乌	0.520	0.961	あり
glareol	鸟ᴳᴿ	PEJVO	1	ebon	乌	PEJVO	8	鸟	乌	0.520	0.961	あり
palmiped	鸟ᴾᴹ	PEJVO	1	ebon	乌	PEJVO	8	鸟	乌	0.520	0.961	あり
frankolin	鸟ᶠᴷ	PEJVO	1	ebon	乌	PEJVO	8	鸟	乌	0.520	0.961	あり
fraterkul	鸟ᶠᵀ	PEJVO	1	ebon	乌	PEJVO	8	鸟	乌	0.520	0.961	あり
gastornit	鸟ᴳˢ	PEJVO	1	ebon	乌	PEJVO	8	鸟	乌	0.520	0.961	あり
au^k	鸟ᴬᵁ̆	PIV	1	ebon	乌	PEJVO	8	鸟	乌	0.520	0.961	あり
did	鸟ᴰ	PIV	1	ebon	乌	PEJVO	8	鸟	乌	0.520	0.961	あり
gip	鸟ᴳᴾ	PIV	1	ebon	乌	PEJVO	8	鸟	乌	0.520	0.961	あり
sul	鸟ˢᴸ	PIV	1	ebon	乌	PEJVO	8	鸟	乌	0.520	0.961	あり
uri	鸟ᵁᴿ	PIV	1	ebon	乌	PEJVO	8	鸟	乌	0.520	0.961	あり
c^eti	鸟ᶜ̂	PIV	1	ebon	乌	PEJVO	8	鸟	乌	0.520	0.961	あり
jing	鸟ᴶ	PIV	1	ebon	乌	PEJVO	8	鸟	乌	0.520	0.961	あり
kiti	鸟ᴷᵀ	PIV	1	ebon	乌	PEJVO	8	鸟	乌	0.520	0.961	あり
krek	鸟ᴷᴿ	PIV	1	ebon	乌	PEJVO	8	鸟	乌	0.520	0.961	あり
lani	鸟ᴸ	PIV	1	ebon	乌	PEJVO	8	鸟	乌	0.520	0.961	あり
lori	鸟ᴸᴿ	PIV	1	ebon	乌	PEJVO	8	鸟	乌	0.520	0.961	あり
merg^	鸟ᴹᴿ	PIV	1	ebon	乌	PEJVO	8	鸟	乌	0.520	0.961	あり
pipi	鸟ᴾᴾ	PIV	1	ebon	乌	PEJVO	8	鸟	乌	0.520	0.961	あり
tinam	鸟ᵀᴺ	PIV	1	ebon	乌	PEJVO	8	鸟	乌	0.520	0.961	あり
cinkl	鸟ᶜᴺ	PIV	1	ebon	乌	PEJVO	8	鸟	乌	0.520	0.961	あり
alced	鸟ᴬᴸ	PIV	1	ebon	乌	PEJVO	8	鸟	乌	0.520	0.961	あり
ploce	鸟ᴾᶜ	PIV	1	ebon	乌	PEJVO	8	鸟	乌	0.520	0.961	あり
bufag	鸟ᴮᶠ	PIV	1	ebon	乌	PEJVO	8	鸟	乌	0.520	0.961	あり
agami	鸟ᴬᴳ	PIV	1	ebon	乌	PEJVO	8	鸟	乌	0.520	0.961	あり
bucer	鸟ᴮᶜ	PIV	1	ebon	乌	PEJVO	8	鸟	乌	0.520	0.961	あり
certi	鸟ᶜᴿ	PIV	1	ebon	乌	PEJVO	8	鸟	乌	0.520	0.961	あり
cirku	鸟ᶜᵁ	PIV	1	ebon	乌	PEJVO	8	鸟	乌	0.520	0.961	あり
elani	鸟ᴱ	PIV	1	ebon	乌	PEJVO	8	鸟	乌	0.520	0.961	あり
fitis	鸟ᶠ	PIV	1	ebon	乌	PEJVO	8	鸟	乌	0.520	0.961	あり
kreks	鸟ᴷˢ	PIV	1	ebon	乌	PEJVO	8	鸟	乌	0.520	0.961	あり
kuruk	鸟ᴷᵁ	PIV	1	ebon	乌	PEJVO	8	鸟	乌	0.520	0.961	あり
lagop	鸟ᴸᴳ	PIV	1	ebon	乌	PEJVO	8	鸟	乌	0.520	0.961	あり
limoz	鸟ᴸᴹ	PIV	1	ebon	乌	PEJVO	8	鸟	乌	0.520	0.961	あり
nandu	鸟ᴺ	PIV	1	ebon	乌	PEJVO	8	鸟	乌	0.520	0.961	あり
nikte	鸟ᴺᴷ	PIV	1	ebon	乌	PEJVO	8	鸟	乌	0.520	0.961	あり
pirul	鸟ᴾᴿ	PIV	1	ebon	乌	PEJVO	8	鸟	乌	0.520	0.961	あり
pufin	鸟ᴾᶠ	PIV	1	ebon	乌	PEJVO	8	鸟	乌	0.520	0.961	あり
serin	鸟ˢᴿ	PIV	1	ebon	乌	PEJVO	8	鸟	乌	0.520	0.961	あり
s^tern	鸟ˢ̂	PIV	1	ebon	乌	PEJVO	8	鸟	乌	0.520	0.961	あり
tring	鸟ᵀᴿ	PIV	1	ebon	乌	PEJVO	8	鸟	乌	0.520	0.961	あり
katart	鸟ᴷᴬ	PIV	1	ebon	乌	PEJVO	8	鸟	乌	0.520	0.961	あり
koraci	鸟ᴷᶜ	PIV	1	ebon	乌	PEJVO	8	鸟	乌	0.520	0.961	あり
avocet	鸟ᴬⱽ	PIV	1	ebon	乌	PEJVO	8	鸟	乌	0.520	0.961	あり
bantam	鸟ᴮᴺ	PIV	1	ebon	乌	PEJVO	8	鸟	乌	0.520	0.961	あり
bonazi	鸟ᴮᶻ	PIV	1	ebon	乌	PEJVO	8	鸟	乌	0.520	0.961	あり
c^ifc^af	鸟ᶜ̂ᶠ	PIV	1	ebon	乌	PEJVO	8	鸟	乌	0.520	0.961	あり
fulmar	鸟ᶠᴸ	PIV	1	ebon	乌	PEJVO	8	鸟	乌	0.520	0.961	あり
hipola	鸟ᴴ	PIV	1	ebon	乌	PEJVO	8	鸟	乌	0.520	0.961	あり
jabiru	鸟ᴶᴮ	PIV	1	ebon	乌	PEJVO	8	鸟	乌	0.520	0.961	あり
kairin	鸟ᴷᴺ	PIV	1	ebon	乌	PEJVO	8	鸟	乌	0.520	0.961	あり
kalidr	鸟ᴷᴸ	PIV	1	ebon	乌	PEJVO	8	鸟	乌	0.520	0.961	あり
kvecal	鸟ᴷⱽ	PIV	1	ebon	乌	PEJVO	8	鸟	乌	0.520	0.961	あり
litorn	鸟ᴸᵀ	PIV	1	ebon	乌	PEJVO	8	鸟	乌	0.520	0.961	あり
numeni	鸟ᴺᴹ	PIV	1	ebon	乌	PEJVO	8	鸟	乌	0.520	0.961	あり
petrel	鸟ᴾᵀ	PIV	1	ebon	乌	PEJVO	8	鸟	乌	0.520	0.961	あり
pronel	鸟ᴾᴺ	PIV	1	ebon	乌	PEJVO	8	鸟	乌	0.520	0.961	あり
rubetr	鸟ᴿ	PIV	1	ebon	乌	PEJVO	8	鸟	乌	0.520	0.961	あり
sirapt	鸟ˢᴾ	PIV	1	ebon	乌	PEJVO	8	鸟	乌	0.520	0.961	あり
tadorn	鸟ᵀᴰ	PIV	1	ebon	乌	PEJVO	8	鸟	乌	0.520	0.961	あり
tangar	鸟ᵀᴳ	PIV	1	ebon	乌	PEJVO	8	鸟	乌	0.520	0.961	あり
alektor	鸟ᴬᴿ	PIV	1	ebon	乌	PEJVO	8	鸟	乌	0.520	0.961	あり
bernikl	鸟ᴮᴿ	PIV	1	ebon	乌	PEJVO	8	鸟	乌	0.520	0.961	あり
cirkaet	鸟ᶜᵀ	PIV	1	ebon	乌	PEJVO	8	鸟	乌	0.520	0.961	あり
diomede	鸟ᴰᴹ	PIV	1	ebon	乌	PEJVO	8	鸟	乌	0.520	0.961	あり
dromice	鸟ᴰᴿ	PIV	1	ebon	乌	PEJVO	8	鸟	乌	0.520	0.961	あり
fenikur	鸟ᶠᴺ	PIV	1	ebon	乌	PEJVO	8	鸟	乌	0.520	0.961	あり
galinag	鸟ᴳᴺ	PIV	1	ebon	乌	PEJVO	8	鸟	乌	0.520	0.961	あり
haliaet	鸟ᴴᴸ	PIV	1	ebon	乌	PEJVO	8	鸟	乌	0.520	0.961	あり
hematop	鸟ᴴᴹ	PIV	1	ebon	乌	PEJVO	8	鸟	乌	0.520	0.961	あり
karduel	鸟ᴷᴰ	PIV	1	ebon	乌	PEJVO	8	鸟	乌	0.520	0.961	あり
neofron	鸟ᴺᶠ	PIV	1	ebon	乌	PEJVO	8	鸟	乌	0.520	0.961	あり
pinikol	鸟ᴾᴷ	PIV	1	ebon	乌	PEJVO	8	鸟	乌	0.520	0.961	あり
platale	鸟ᴾᴬ	PIV	1	ebon	乌	PEJVO	8	鸟	乌	0.520	0.961	あり
porfiri	鸟ᴾᴼ	PIV	1	ebon	乌	PEJVO	8	鸟	乌	0.520	0.961	あり
pterokl	鸟ᴾᴱ	PIV	1	ebon	乌	PEJVO	8	鸟	乌	0.520	0.961	あり
lagopod	鸟ᴸᴰ	PIV	1	ebon	乌	PEJVO	8	鸟	乌	0.520	0.961	あり
bobolink	鸟ᴮᴮ	PIV	1	ebon	乌	PEJVO	8	鸟	乌	0.520	0.961	あり
bombicil	鸟ᴮᴹ	PIV	1	ebon	乌	PEJVO	8	鸟	乌	0.520	0.961	あり
himantop	鸟ᴴᴺ	PIV	1	ebon	乌	PEJVO	8	鸟	乌	0.520	0.961	あり
lokustel	鸟ᴸᴷ	PIV	1	ebon	乌	PEJVO	8	鸟	乌	0.520	0.961	あり
nucifrag	鸟ᴺᶜ	PIV	1	ebon	乌	PEJVO	8	鸟	乌	0.520	0.961	あり
perisore	鸟ᴾˢ	PIV	1	ebon	乌	PEJVO	8	鸟	乌	0.520	0.961	あり
saksikol	鸟ˢˢ	PIV	1	ebon	乌	PEJVO	8	鸟	乌	0.520	0.961	あり
somateri	鸟ˢᴹ	PIV	1	ebon	乌	PEJVO	8	鸟	乌	0.520	0.961	あり
tinunkol	鸟ᵀᴷ	PIV	1	ebon	乌	PEJVO	8	鸟	乌	0.520	0.961	あり
pirokorak	鸟ᴾᴵ	PIV	1	ebon	乌	PEJVO	8	鸟	乌	0.520	0.961	あり
falaropod	鸟ᶠᴿ	PIV	1	ebon	乌	PEJVO	8	鸟	乌	0.520	0.961	あり
kokotrau^st	鸟ᴷᴷ	PIV	1	ebon	乌	PEJVO	8	鸟	乌	0.520	0.961	あり
melopsitak	鸟ᴹᴸ	PIV	1	ebon	乌	PEJVO	8	鸟	乌	0.520	0.961	あり
poliplektr	鸟ᴾᴼᴸ	PIV	1	ebon	乌	PEJVO	8	鸟	乌	0.520	0.961	あり
serpentari	鸟ˢᴺ	PIV	1	ebon	乌	PEJVO	8	鸟	乌	0.520	0.961	あり
sterkorari	鸟ˢᴷ	PIV	1	ebon	乌	PEJVO	8	鸟	乌	0.520	0.961	あり
himantopod	鸟ᴴᴰ	PIV	1	ebon	乌	PEJVO	8	鸟	乌	0.520	0.961	あり
ptilonorink	鸟ᴾᵀᴵ	PIV	1	ebon	乌	PEJVO	8	鸟	乌	0.520	0.961	あり
streptopeli	鸟ˢᴱ	PIV	1	ebon	乌	PEJVO	8	鸟	乌	0.520	0.961	あり
emu	鸟ᴱᴹ	PIV	1	ebon	乌	PEJVO	8	鸟	乌	0.520	0.961	あり
guf	鸟ᴳᶠ	PIV	1	ebon	乌	PEJVO	8	鸟	乌	0.520	0.961	あり
alka	鸟ᴬᴬ	PIV	1	ebon	乌	PEJVO	8	鸟	乌	0.520	0.961	あり
kurl	鸟ᴷᵁᴿ	PIV	1	ebon	乌	PEJVO	8	鸟	乌	0.520	0.961	あり
ibis	鸟ᴵ	PIV	1	ebon	乌	PEJVO	8	鸟	乌	0.520	0.961	あり
antus	鸟ᴬᴺ	PIV	1	ebon	乌	PEJVO	8	鸟	乌	0.520	0.961	あり
krakt	鸟ᴷᴿᴬ	PIV	1	ebon	乌	PEJVO	8	鸟	乌	0.520	0.961	あり
dromaj	鸟ᴰᴶ	PIV	1	ebon	乌	PEJVO	8	鸟	乌	0.520	0.961	あり
mergul	鸟ᴹᴳ	PIV	1	ebon	乌	PEJVO	8	鸟	乌	0.520	0.961	あり
tanagr	鸟ᵀᴬ	PIV	1	ebon	乌	PEJVO	8	鸟	乌	0.520	0.961	あり
kondor	鸟ᴷᴼ	PIV	1	ebon	乌	PEJVO	8	鸟	乌	0.520	0.961	あり
koturn	鸟ᴷᴼᵀ	PIV	1	ebon	乌	PEJVO	8	鸟	乌	0.520	0.961	あり
h^aradri	鸟ᴴ̂	PIV	1	ebon	乌	PEJVO	8	鸟	乌	0.520	0.961	あり
bukorak	鸟ᴮᴷ	PIV	1	ebon	乌	PEJVO	8	鸟	乌	0.520	0.961	あり
kormoran	鸟ᴷᴹ	PIV	1	ebon	乌	PEJVO	8	鸟	乌	0.520	0.961	あり
albatros	鸟ᴬᴮ	PIV	1	ebon	乌	PEJVO	8	鸟	乌	0.520	0.961	あり
hipsipet	鸟ᴴˢ	PIV	1	ebon	乌	PEJVO	8	鸟	乌	0.520	0.961	あり
fenikopter	鸟ᶠᴾ	PIV	1	ebon	乌	PEJVO	8	鸟	乌	0.520	0.961	あり
piĵam	睡ᴾ	CSV2890	1	saliv	唾	PEJVO	7	睡	唾	0.613	0.968	あり
tifon	风ᵀᶠ	PIV	1	feniks	凤	PEJVO	2	风	凤	0.484	0.978	あり
kat	猫	CSV2890	27	piktur	描ᴾᴷ	PIV	1	猫	描	0.503	0.940	あり
felis	猫ᶠ	PEJVO	1	pentr	描	CSV2890	23	猫	描	0.503	0.940	あり
felis	猫ᶠ	PEJVO	1	piktur	描ᴾᴷ	PIV	1	猫	描	0.503	0.940	あり
feloid	猫ᶠᴰ	PEJVO	1	pentr	描	CSV2890	23	猫	描	0.503	0.940	あり
feloid	猫ᶠᴰ	PEJVO	1	piktur	描ᴾᴷ	PIV	1	猫	描	0.503	0.940	あり
cirkonferenc	圆ᶜᴺ	PEJVO	1	bed	圃	PEJVO	6	圆	圃	0.532	0.965	あり
vitr	玻	CSV2890	53	gradient	坡ᴳ	PEJVO	1	玻	坡	0.527	0.953	あり
glac	玻ᴳ	PEJVO	2	gradient	坡ᴳ	PEJVO	1	玻	坡	0.527	0.953	なし
vitre	玻ⱽᴱ	PIV	2	gradient	坡ᴳ	PEJVO	1	玻	坡	0.527	0.953	あり
c^ampan	酒ᶜ̂	PEJVO	1	asperg	洒	PEJVO	2	酒	洒	0.558	0.978	あり
vodk	酒ⱽᴰ	PEJVO	1	asperg	洒	PEJVO	2	酒	洒	0.558	0.978	あり
fot	拍	CSV2890	87	taksus	柏ᵀ	PEJVO	1	拍	柏	0.622	0.973	あり
takt	拍ᵀ	CSV2890	17	taksus	柏ᵀ	PEJVO	1	拍	柏	0.622	0.973	なし
raked	拍ᴿ	CSV2890	1	cipres	柏	PEJVO	2	拍	柏	0.622	0.973	あり
raked	拍ᴿ	CSV2890	1	taksus	柏ᵀ	PEJVO	1	拍	柏	0.622	0.973	あり
ikt	拍ᴵ	PIV	2	taksus	柏ᵀ	PEJVO	1	拍	柏	0.622	0.973	あり
piktur	描ᴾᴷ	PIV	1	ankr	锚	PEJVO	14	描	锚	0.464	0.965	あり
litani	祈ᴸ	PEJVO	1	fald	折	CSV2890	36	祈	折	0.518	0.966	あり
litani	祈ᴸ	PEJVO	1	rabat	折ᴿ	CSV2890	10	祈	折	0.518	0.966	あり
litani	祈ᴸ	PEJVO	1	zigzag	折ᶻ	PEJVO	5	祈	折	0.518	0.966	あり
litani	祈ᴸ	PEJVO	1	refrakt	折ᴿᶠ	PEJVO	14	祈	折	0.518	0.966	あり
litani	祈ᴸ	PEJVO	1	plis	折ᴾ	PEJVO	3	祈	折	0.518	0.966	あり
litani	祈ᴸ	PEJVO	1	analiz	析	CSV2890	13	祈	析	0.488	0.959	あり
litani	祈ᴸ	PEJVO	1	skand	析ˢ	PEJVO	2	祈	析	0.488	0.959	あり
litani	祈ᴸ	PEJVO	1	analitik	析ᴬᵀ	PEJVO	3	祈	析	0.488	0.959	あり
inspektor	检ᴵ	CSV2890	1	kran	栓	CSV2890	9	检	栓	0.505	0.950	あり
inspektor	检ᴵ	CSV2890	1	bolt	栓ᴮ	PEJVO	7	检	栓	0.505	0.950	あり
inspektor	检ᴵ	CSV2890	1	rigl	栓ᴿ	PEJVO	7	检	栓	0.505	0.950	あり
inspektor	检ᴵ	CSV2890	1	embol	栓ᴱ	PEJVO	3	检	栓	0.505	0.950	あり
inspektor	检ᴵ	CSV2890	1	dubel	栓ᴰ	PIV	2	检	栓	0.505	0.950	あり
sapor	味ˢ	PIV	1	miaŭ	咪	CSV2890	3	味	咪	0.485	0.967	あり
muŝ	蝇	CSV2890	20	vespert	蝠	PEJVO	1	蝇	蝠	0.523	0.944	なし
muŝ	蝇	CSV2890	20	filostom	蝠ᶠ	PIV	1	蝇	蝠	0.523	0.944	あり
muŝ	蝇	CSV2890	20	vespertilion	蝠ⱽᴸ	PIV	1	蝇	蝠	0.523	0.944	あり
sirfed	蝇ˢ	PEJVO	1	vespert	蝠	PEJVO	1	蝇	蝠	0.523	0.944	あり
sirfed	蝇ˢ	PEJVO	1	filostom	蝠ᶠ	PIV	1	蝇	蝠	0.523	0.944	あり
sirfed	蝇ˢ	PEJVO	1	vespertilion	蝠ⱽᴸ	PIV	1	蝇	蝠	0.523	0.944	あり
krabr	蜂ᴷ	PEJVO	1	alp	峰	PEJVO	12	蜂	峰	0.652	0.966	あり
cinip	蜂ᶜ	PIV	1	alp	峰	PEJVO	12	蜂	峰	0.652	0.966	あり
burd	蜂ᴮ	PIV	1	alp	峰	PEJVO	12	蜂	峰	0.652	0.966	あり
pergol	棚ᴾ	PIV	1	kokos	椰	CSV2890	9	棚	椰	0.547	0.958	あり
emigraci	迁ᴱᶜ	PIV	1	pedant	迂	PEJVO	3	迁	迂	0.498	0.969	あり
anofel	蚊ᴬ	PEJVO	1	formik	蚁	CSV2890	10	蚊	蚁	0.521	0.978	あり
kontrici	悔ᴷ	PIV	1	katekiz	诲	PEJVO	2	悔	诲	0.639	0.954	あり
kontrici	悔ᴷ	PIV	1	kateh^iz	诲ᴷᴴ̂	PEJVO	5	悔	诲	0.639	0.954	あり
pent	悔	CSV2890	12	mume	梅ᴹ	PIV	1	悔	梅	0.583	0.966	あり
rimors	悔ᴿ	PIV	2	mume	梅ᴹ	PIV	1	悔	梅	0.583	0.966	あり
kontrici	悔ᴷ	PIV	1	ume	梅	PEJVO	5	悔	梅	0.583	0.966	あり
kontrici	悔ᴷ	PIV	1	mume	梅ᴹ	PIV	1	悔	梅	0.583	0.966	あり
moratori	延ᴹ	PEJVO	1	kuri	廷	PEJVO	5	延	廷	0.629	0.965	あり
rubrik	栏ᴿ	CSV2890	1	dig	拦	PEJVO	6	栏	拦	0.546	0.963	あり
parapet	栏ᴾ	PEJVO	1	dig	拦	PEJVO	6	栏	拦	0.546	0.963	あり
balustrad	栏ᴮᴸ	PEJVO	1	dig	拦	PEJVO	6	栏	拦	0.546	0.963	あり
ran	蛙	CSV2890	8	lima	蚌ᴸ	PEJVO	1	蛙	蚌	0.543	0.970	あり
hil	蛙ᴴ	PEJVO	1	ostr	蚌	PEJVO	5	蛙	蚌	0.543	0.970	あり
hil	蛙ᴴ	PEJVO	1	mitul	蚌ᴹ	PEJVO	3	蛙	蚌	0.543	0.970	あり
hil	蛙ᴴ	PEJVO	1	lima	蚌ᴸ	PEJVO	1	蛙	蚌	0.543	0.970	あり
batrak	蛙ᴮ	PEJVO	2	lima	蚌ᴸ	PEJVO	1	蛙	蚌	0.543	0.970	あり
salamandr	蛙ˢ	PEJVO	1	ostr	蚌	PEJVO	5	蛙	蚌	0.543	0.970	あり
salamandr	蛙ˢ	PEJVO	1	mitul	蚌ᴹ	PEJVO	3	蛙	蚌	0.543	0.970	あり
salamandr	蛙ˢ	PEJVO	1	lima	蚌ᴸ	PEJVO	1	蛙	蚌	0.543	0.970	あり
tritur	蛙ᵀ	PEJVO	1	ostr	蚌	PEJVO	5	蛙	蚌	0.543	0.970	あり
tritur	蛙ᵀ	PEJVO	1	mitul	蚌ᴹ	PEJVO	3	蛙	蚌	0.543	0.970	あり
tritur	蛙ᵀ	PEJVO	1	lima	蚌ᴸ	PEJVO	1	蛙	蚌	0.543	0.970	あり
alit	蛙ᴬ	PIV	1	ostr	蚌	PEJVO	5	蛙	蚌	0.543	0.970	あり
alit	蛙ᴬ	PIV	1	mitul	蚌ᴹ	PEJVO	3	蛙	蚌	0.543	0.970	あり
alit	蛙ᴬ	PIV	1	lima	蚌ᴸ	PEJVO	1	蛙	蚌	0.543	0.970	あり
bomben	蛙ᴮᴹ	PIV	1	ostr	蚌	PEJVO	5	蛙	蚌	0.543	0.970	あり
bomben	蛙ᴮᴹ	PIV	1	mitul	蚌ᴹ	PEJVO	3	蛙	蚌	0.543	0.970	あり
bomben	蛙ᴮᴹ	PIV	1	lima	蚌ᴸ	PEJVO	1	蛙	蚌	0.543	0.970	あり
aksolotl	蛙ᴬᴷ	PIV	1	ostr	蚌	PEJVO	5	蛙	蚌	0.543	0.970	あり
aksolotl	蛙ᴬᴷ	PIV	1	mitul	蚌ᴹ	PEJVO	3	蛙	蚌	0.543	0.970	あり
aksolotl	蛙ᴬᴷ	PIV	1	lima	蚌ᴸ	PEJVO	1	蛙	蚌	0.543	0.970	あり
ambistom	蛙ᴬᴹ	PIV	1	ostr	蚌	PEJVO	5	蛙	蚌	0.543	0.970	あり
ambistom	蛙ᴬᴹ	PIV	1	mitul	蚌ᴹ	PEJVO	3	蛙	蚌	0.543	0.970	あり
ambistom	蛙ᴬᴹ	PIV	1	lima	蚌ᴸ	PEJVO	1	蛙	蚌	0.543	0.970	あり
amblistom	蛙ᴬˢ	PIV	1	ostr	蚌	PEJVO	5	蛙	蚌	0.543	0.970	あり
amblistom	蛙ᴬˢ	PIV	1	mitul	蚌ᴹ	PEJVO	3	蛙	蚌	0.543	0.970	あり
amblistom	蛙ᴬˢ	PIV	1	lima	蚌ᴸ	PEJVO	1	蛙	蚌	0.543	0.970	あり
bombinator	蛙ᴮᵀ	PIV	1	ostr	蚌	PEJVO	5	蛙	蚌	0.543	0.970	あり
bombinator	蛙ᴮᵀ	PIV	1	mitul	蚌ᴹ	PEJVO	3	蛙	蚌	0.543	0.970	あり
bombinator	蛙ᴮᵀ	PIV	1	lima	蚌ᴸ	PEJVO	1	蛙	蚌	0.543	0.970	あり
skorpi	蝎	CSV2890	7	vespert	蝠	PEJVO	1	蝎	蝠	0.462	0.965	なし
skorpi	蝎	CSV2890	7	filostom	蝠ᶠ	PIV	1	蝎	蝠	0.462	0.965	あり
skorpi	蝎	CSV2890	7	vespertilion	蝠ⱽᴸ	PIV	1	蝎	蝠	0.462	0.965	あり
strobil	锥ˢ	PEJVO	1	vertebr	椎	PEJVO	7	锥	椎	0.487	0.969	あり
eg^	棱	PEJVO	10	navet	梭ᴺᵀ	PEJVO	1	棱	梭	0.493	0.964	あり
bolid	陨ᴮ	PEJVO	1	fini	限	PIV	3	陨	限	0.496	0.956	あり
bolid	陨ᴮ	PEJVO	1	restrikt	限ᴿ	PIV	3	陨	限	0.496	0.956	あり
medalion	牌ᴹᴺ	PEJVO	1	lien	脾	PEJVO	3	牌	脾	0.502	0.974	あり
azotemi	氮血	PIV	1	kloremi	氯血	PIV	1	氮	氯	0.479	0.960	なし
nitrid	氮化	PIV	1	klorid	氯化	PIV	1	氮	氯	0.479	0.960	なし
klorat	氯盐	PIV	1	nitrat	氮盐	PIV	1	氯	氮	0.479	0.960	なし
klorat	氯盐	PIV	1	nitrit	氮盐ᴺᴵ	PIV	1	氯	氮	0.479	0.960	あり
klorit	氯盐ᴷᴵ	PIV	1	nitrat	氮盐	PIV	1	氯	氮	0.479	0.960	あり
klorit	氯盐ᴷᴵ	PIV	1	nitrit	氮盐ᴺᴵ	PIV	1	氯	氮	0.479	0.960	あり
jam	已	文法層	5	egoist	己ᴱ	PEJVO	0	已	己	0.836	0.987	あり
far	做	CSV2890	104	arogant	傲ᴬᴺ	PEJVO	0	做	傲	0.505	0.972	あり
kolektiv	集ᴷⱽ	PEJVO	0	nest	巢	CSV2890	17	集	巢	0.467	0.953	あり
