版	表面	見出し(raw)	行	語釈冒頭
学習者版	一性a	unu/ec/a	L42127	統一的な,一致した,一貫した
学習者版	一性a	monofizit/a	L52181	【PIV】Rilata al la monofizitoj: la monofizitaj ekle
学習者版	一性o	unu/ec/o	L42129	統一性,一致,一貫性;単一性
学習者版	一性o	monofizit/o	L52180	【キ】【PIV】Homo, kiu kredas, ke estas nur unu naturo 
学習者版	一神主义o	unu/di/ism/o	L42123	【宗】一神論,一神教,=monoteismo
学習者版	一神主义o	unitari/ism/o	L56609	【PIV】La doktrino de tiu skolo. Vd Socino.
学習者版	上	sur	L38830	{Ｂ}［前］〜の上に,〜の表面に;〜のところに
学習者版	上	sur-	L38831	{Ｂ}［前］〜の上に,〜の表面に;〜のところに
学習者版	上ˢᴾ	super	L38661	{Ｂ}［前］〜の上方に,〜の上に;〜に優越して;〜に熱中して
学習者版	上ˢᴾ	super-	L38662	{Ｂ}［前］〜の上方に,〜の上に;〜に優越して;〜に熱中して
学習者版	下	sub	L38216	{Ｂ}［前］〜の下に,下方に;〜の形をとって;〜に従って
学習者版	下	sub-	L38217	{Ｂ}［前］〜の下に,下方に;〜の形をとって;〜に従って
学習者版	不长a	ne/long/a	L27198	長くない,短めの
学習者版	不长a	nelg/a	L52396	【PIV】Okazinta nelge.
学習者版	不长e	ne/long/e	L27199	長くなく,少しの間
学習者版	不长e	nelg/e	L52395	【PIV】Antau^ nelonge: en la tombejo, nelge, vi paro
学習者版	中o	mez/o	L25283	{Ｂ}まん中,中央,中点;中間,中位,中ほど;最中,途中
学習者版	中o	meso/o	L51937	【PIV】Tiu peritonea refaldo.
学習者版	中肠ᴱo	mes/enter/o	L51933	【解】【PIV】Mesoentero (Vd (vidu) meso/).##偽分解(PIV正式分解
学習者版	中肠ᴱo	meso/enter/o	L51938	【PIV】Mesoo, liganta la abdomenan parieton al la ma
学習者版	中肠ᴱo	mez/enter/o	L51986	【PIV】(evi (evitinda)) = mesoentero (Vd (vidu) meso
学習者版	二色a	du/kolor/a	L7765	二色の,二色刷の
学習者版	二色a	dikro/a	L46745	【地質】【理】【PIV】(pp (se paroli pri) neizotropa kristal
学習者版	于	pri	L31940	{Ｂ}［前］〜について,〜に関して
学習者版	于	pri-	L31941	{Ｂ}［前］〜について,〜に関して
学習者版	五角o	kvin/angul/o	L21132	【数】五角形
学習者版	五角o	pentagon/o	L29863	【数】五角形,=kvinangulo
学習者版	以	per	L29895	{Ｂ}［前］〜で,〜を使って,〜によって,〜を介して
学習者版	以	per-	L29896	{Ｂ}［前］〜で,〜を使って,〜によって,〜を介して
学習者版	住所o	domicil/o	L7428	【法】（登録された）住所;本籍
学習者版	住所o	log^/ej/o	L22458	住みか;住居;宿泊所,宿舎
学習者版	全a	c^ia	L5490	{Ｂ}［形］すべての,あらゆる,どんな〜でも
学習者版	全a	integr/a	L15591	全部の,完全な,欠けたところのない;不可分の,不可欠の
学習者版	全o	c^io	L5602	{Ｂ}［代］すべて（の事・物）
学習者版	全o	integr/o	L49486	【PIV】integrado
学習者版	八分o	ok/on/o	L28257	八分の一;【楽】八分音符
学習者版	八分o	oktant/o	L28278	【数】八分円;【天】八分儀
学習者版	六角a	heksagon/a	L48798	【PIV】= sesangula.
学習者版	六角a	ses/angul/a	L57527	【理】【地質】【PIV】(pp (se paroli pri) kristalsistemo) Ha
学習者版	六角o	ses/angul/o	L36384	【数】六角形
学習者版	六角o	heksagon/o	L48797	【PIV】1 = regula sesangulo. 2 = sesangulo.
学習者版	共	kun	L20630	{Ｂ}［前］〜と共に,〜と一緒に;〜と,〜に対して;〜を連れて,〜を持って;〜と同時に,〜しながら
学習者版	共	kun-	L20631	{Ｂ}［前］〜と共に,〜と一緒に;〜と,〜に対して;〜を連れて,〜を持って;〜と同時に,〜しながら
学習者版	兽医a	best/kurac/a	L3590	獣医の,動物病院の
学習者版	兽医a	veterinar/a	L43216	獣医の,=bestkuraca
学習者版	内	en	L9369	{Ｂ}［前］（場所）〜の中で;（時間）〜の間に;（状態）〜において;（衣服）〜を着て
学習者版	内	en-	L9370	{Ｂ}［前］（場所）〜の中で;（時間）〜の間に;（状態）〜において;（衣服）〜を着て
学習者版	内	-en	L57281	{Ｂ}［前］（場所）〜の中で;（時間）〜の間に;（状態）〜において;（衣服）〜を着て
学習者版	内渗o	end/osmoz/o	L9427	【生】内方浸透##偽分解(PIV正式分解)##過細分解 e/n/d/osmoz/o
学習者版	内渗o	en/osmoz/o	L60156	【PIV】Osmozo al la interna medio.
学習者版	再见i	adiau^/i	L258	［他］別れを告げる;【情】ログアウトする,=malregistrig^i,>>saluti
学習者版	再见i	re/vid/i	L34017	［他］再会する,見なおす
学習者版	再见o	adiau^/o	L259	別れ,別れのあいさつ
学習者版	再见o	re/vid/o	L34018	再会
学習者版	出	el	L8751	{Ｂ}［前］〜の中から,〜から出た,〜のうちの,〜製の
学習者版	出	el-	L8752	{Ｂ}［前］〜の中から,〜から出た,〜のうちの,〜製の
学習者版	十二面ᴱo	dek/du/edr/o	L6117	【数】十二面体
学習者版	十二面ᴱo	dodeka/edr/o	L46869	【数】【PIV】1 = regula dekduedro. 2 = dekduedro.##偽分解
学習者版	千年o	mil/jar/o	L25505	=>jarmilo（千年紀）
学習者版	千年o	mileni/o	L52067	【PIV】1 Miljara dau^ro au^ datreveno. 2 Miljara reg
学習者版	卑	fi	L10885	{Ｂ}［間］チェッ！
学習者版	卑	fi-	L10886	{Ｂ}［間］チェッ！
学習者版	反应使i	reakci/ig/i	L33187	［他］反応させる
学習者版	反应使i	mal/dev/ig/i	L58028	【PIV】Fari, ke iu ne devu.
学習者版	同性o	sam/ec/o	L35014	同一,同一性
学習者版	同性o	gej/o	L48263	【PIV】(fm (familiara, familiare)) Samseksemulo.
学習者版	同时a	sam/temp/a	L35067	同時の;同時代の
学習者版	同时a	simultan/a	L55021	【PIV】Samtempe, sammomente okazanta: simultana tele
学習者版	同时性o	sam/temp/ec/o	L35069	同時性;同時代性
学習者版	同时性o	simultan/ec/o	L36658	【理】同時性,=samtempeco
学習者版	后	post	L31364	{Ｂ}［前］（時間的に）〜の後に,〜の後で;（空間的に）〜の後ろに,〜の背後で
学習者版	后	post-	L31365	{Ｂ}［前］（時間的に）〜の後に,〜の後で;（空間的に）〜の後ろに,〜の背後で
学習者版	后卫o	post/gvardi/o	L31391	【軍】後衛,後衛部隊,殿軍,=ariergardo
学習者版	后卫o	arier/o	L45266	【PIV】La malantau^a parto de armeo, tac^mento ks (k
学習者版	喷泉o	fontan/o	L11584	{Ｂ}噴水;噴水装置
学習者版	喷泉o	s^pruc/font/o	L39449	噴水,=fontano
学習者版	因ᴾ	pro	L32092	{Ｂ}［前］〜のせいで,〜のために（原因）;〜の代価として,〜と引き換えに
学習者版	因ᴾ	pro-	L32093	{Ｂ}［前］〜のせいで,〜のために（原因）;〜の代価として,〜と引き換えに
学習者版	地鼠o	talp/o	L39865	{Ｏ}【動】モグラ（土竜）（科の総称）;《転》暗闇で黙々と仕事をする人
学習者版	地鼠o	ter/mus/o	L40426	《般》野ネズミ,=kampomuso
学習者版	壁纸o	mur/paper/o	L26470	壁紙
学習者版	壁纸o	tapet/o	L39926	{Ｂ}壁紙,壁布;壁掛
学習者版	外	krom	L20291	{Ｂ}［前］〜のほかは（〜を除いて）;〜のほかにも（〜を含めて）
学習者版	外	krom-	L20292	{Ｂ}［前］〜のほかは（〜を除いて）;〜のほかにも（〜を含めて）
学習者版	多色a	mult/kolor/a	L26408	多色の,多色刷りの,=multekolora
学習者版	多色a	pleokro/a	L53569	【地質】【理】【PIV】(pp (se paroli pri) neizotropa kristal
学習者版	多色性o	mult/kolor/ec/o	L26409	多色性;《転》多彩さ
学習者版	多色性o	pleokro/ec/o	L53570	【PIV】Eco de kristalo pleokroa.
学習者版	多角a	mult/angul/a	L26370	【数】多角形の
学習者版	多角a	poligon/a	L53652	【建】【PIV】Konstruita sur plurangula plano: poligona 
学習者版	多角o	mult/angul/o	L26371	【数】多角形,=plurangulo
学習者版	多角o	poligon/o	L31058	{Ｏ}【植】タデ（蓼）（属）;【数】多角形,=plurangulo;《古》=fagopiro（ソバ）
学習者版	太	tro	L41492	{Ｂ}［副］あまりに〜すぎる
学習者版	太	tro-	L41493	{Ｂ}［副］あまりに〜すぎる
学習者版	头a	kap/a	L17033	頭の
学習者版	头a	-kap/a	L17034	頭の
学習者版	头巾o	kap/tuk/o	L17158	ずきん（頭巾）,（頭にかぶる）スカーフ
学習者版	头巾o	turban/o	L41794	{Ｏ}【服】ターバン
学習者版	头皮o	kap/hau^t/o	L17060	頭皮
学習者版	头皮o	skalp/o	L36846	{Ｏ}戦利頭皮,>>kaphau^to
学習者版	如	kvazau^	L21091	{Ｂ}［接］まるで〜のように
学習者版	如	kvazau^-	L21093	{Ｂ}［接］まるで〜のように
学習者版	始	ek	L8176	［間］さあ！
学習者版	始	ek-	L8177	［間］さあ！
学習者版	姻	bo	L3941	{Ｏ}［文字名］ボー（文字B，bの名称）
学習者版	姻	bo-	L3942	{Ｏ}［文字名］ボー（文字B，bの名称）
学習者版	对	kontrau^	L19424	{Ｂ}［前］〜に向かって,〜に対して,〜に対抗して,〜に反して
学習者版	对	kontrau^-	L19425	{Ｂ}［前］〜に向かって,〜に対して,〜に対抗して,〜に反して
学習者版	对流o	konvekt/o	L19603	【理】（熱）対流
学習者版	对流o	kontrau^/flu/o	L58509	【技】【PIV】Sistemo, ekz. (ekzemple) c^e ekstraktado, 
学習者版	己	si	L36439	{Ｂ}［代］自分
学習者版	己	heks	L48794	【化】【PIV】Pref. (Prefikso), montranta 6-karbonan c^e
学習者版	币o	dur/o	L7938	【史】ドゥーロ（スペインの５ペセタ銀貨）
学習者版	币o	valut/o	L42545	{Ｏ}【経】通貨;外国為替;為替相場,>>devizkurzo
学習者版	帆杆o	bum/o	L4620	【海】ブーム,帆げた
学習者版	帆杆o	vel/stang/o	L42883	【海】帆桁（ほげた）,ヤード,=jardo
学習者版	帆船o	skun/o	L37043	【海】スクーナー（二本以上のマストをもつ縦帆船）
学習者版	帆船o	vel/s^ip/o	L42885	【海】帆船
学習者版	帝主义o	imperialism/o	L15016	{Ｏ}=imperiismo（帝国主義）
学習者版	帝主义o	imperi/ism/o	L15026	帝国主義;帝政
学習者版	帝家o	imperialist/o	L15017	=imperiisto（帝国主義者）
学習者版	帝家o	imperi/ist/o	L15027	帝国主義者;帝政派（人）
学習者版	年a	jar/a	L16212	年間の,=unujara;年次の,毎年の,=c^iujara
学習者版	年a	-jar/a	L16213	年間の,=unujara;年次の,毎年の,=c^iujara
学習者版	年岁a	-jar/ag^/a	L16216	〜歳の
学習者版	年岁a	jar/ag^/a	L57418	〜歳の
学習者版	形a	form/a	L11699	形式の,外形の
学習者版	形a	-form/a	L11700	形式の,外形の
学習者版	拖网o	tren/ret/o	L41296	引網（漁業）,地引網,底引網,>>trolo,>>sejno
学習者版	拖网o	trol/o	L41532	【海】トロール網（漁業）
学習者版	按	lau^	L21601	{Ｂ}［前］〜に沿って,〜に従って,〜によって
学習者版	按	lau^-	L21602	{Ｂ}［前］〜に沿って,〜に従って,〜によって
学習者版	换行o	aline/o	L1181	{Ｏ}【印】（改行して）字下げになった行;（改行から次の改行までの）段落
学習者版	换行o	komut/ad/o	L18824	切り替え,転換
学習者版	擦伤i	ekskori/i	L8380	［他］【医】=skrapvundi（擦りむく）
学習者版	擦伤i	frot/vund/i	L12201	［他］擦りむく
学習者版	斜角o	klin/angul/o	L18046	【理】傾斜角,=klino
学習者版	斜角o	skalen/o	L55084	【解】【PIV】Nomo de pluraj oblikvaj muskoloj, kiuj lev
学習者版	斜边o	hipotenuz/o	L14430	【数】（直角三角形の）斜辺
学習者版	斜边o	klin/rand/o	L18071	斜断面,>>bevelo
学習者版	新星o	nov/stel/o	L27889	【天】新星,=novao
学習者版	新星o	nova/o	L52555	【天】【PIV】Stelo, kiu - pro eksploda forj^eto de siaj
学習者版	无o	nenio	L27235	{Ｂ}［代］何も〜ない
学習者版	无o	sen/o	L54829	【PIV】Japana monero, centono de eno.
学習者版	无罪a	inocent/a	L15478	=senkulpa（KK,War,F. de Diego）【私家版】
学習者版	无罪a	sen/kulp/a	L35938	罪のない,無実の
学習者版	更	pli	L30700	{Ｂ}［副］より,もっと
学習者版	更	pli-	L30701	{Ｂ}［副］より,もっと
学習者版	月鱼o	lamprid/o	L51259	【動】【PIV】Granda mara fis^o (unuspecia g. (genro) La
学習者版	月鱼o	lun/fis^/o	L58435	【動】【PIV】Vulgara kn (kolektiva nomo) de tri maraj s
学習者版	标点o	interpunkci/o	L15841	{Ｏ}【Ｇ】句読法;=interpunkciaj signoj
学習者版	标点o	cel/punkt/o	L60601	【PIV】La preciza punkto, kiun oni celas en la celob
学習者版	每	po	L30951	{Ｂ}［前］〜ずつ
学習者版	每	po-	L30953	{Ｂ}［前］〜ずつ
学習者版	气管o	aer/tub/o	L449	【車】（タイヤの）チューブ
学習者版	气管o	trake/o	L40992	【解】気管,>>bronko;【虫】気管;【植】導管;=trah^eo
学習者版	海星o	asteri/o	L2605	【動】ヒトデ,=marstelo
学習者版	海星o	mar/stel/o	L24482	【動】ヒトデ（海星）,=asterio
学習者版	海燕o	mar/hirund/o	L24389	【鳥】=glareolo（ツバメチドリ）;=s^terno（アジサシ）;=procelario（ミズ
学習者版	海燕o	procelari/o	L53833	【動】【PIV】G. (Genro) (Procellaria) de malgrandaj, hi
学習者版	滑石o	glit/s^ton/o	L13067	【運】（カーリングの）石,ストーン
学習者版	滑石o	talk/o	L39860	{Ｏ}【鉱】滑石;タルカムパウダー
学習者版	炸糕o	frit/kuk/o	L12137	【菓】揚げ菓子
学習者版	炸糕o	benjet/o	L45768	【PIV】Pastobulo, fritita k entenanta delikataj^on (
学習者版	燕尾者o	frak/ul/o	L11968	燕尾服を着た人
学習者版	燕尾者o	hirund/vost/ul/o	L61783	【PIV】Hirund vosta papilio. Sin. (sinonimo) makaono
学習者版	牧草o	gres/o	L13427	牧草,芝草,>>herbo
学習者版	牧草o	pas^t/herb/o	L29599	牧草
学習者版	白鱼o	alburn/o	L1037	【魚】ブリーク（ヨーロッパ産のコイ科の淡水魚）
学習者版	白鱼o	blank/fis^/o	L58429	【動】【PIV】Alburno 2.
学習者版	直角a	ort/a	L28804	【数】直角の
学習者版	直角a	rekt/angul/a	L33574	直角の,=orta
学習者版	直角o	ort/o	L28813	{Ｂ}【数】直角
学習者版	直角o	rekt/angul/o	L33575	{Ｂ}【数】直角,=orto
学習者版	离	for	L11592	{Ｂ}［副］遠くへ;離れて
学習者版	离	for-	L11594	{Ｂ}［副］遠くへ;離れて
学習者版	穿	tra	L40885	{Ｂ}［前］〜を通って,〜を貫いて;〜の端から端まで,〜中に;（時間的に）〜の間中
学習者版	穿	tra-	L40886	{Ｂ}［前］〜を通って,〜を貫いて;〜の端から端まで,〜中に;（時間的に）〜の間中
学習者版	穿刺i	punkci/i	L32741	［他］【医】穿刺（せんし）する
学習者版	穿刺i	tra/pik/i	L41210	［他］刺し通す,突き通す
学習者版	等势a	egal/potencial/a	L8130	【理】等ポテンシャルの,等電位の
学習者版	等势a	ekvipotencial/a	L47093	【理】【PIV】= egalpotenciala.
学習者版	群	-ar-	L2220	{Ｂ}［接尾辞］（同種のものの集団を示す）,>>arbaro,>>homaro
学習者版	群	ar	L61917	{Ｂ}［接尾辞］（同種のものの集団を示す）,>>arbaro,>>homaro
学習者版	肚肠o	trip/kolbas/o	L41446	【料】アンドゥイユ（臓物のソーセージ）
学習者版	肚肠o	anduj/o	L45013	【PIV】Porka tripkolbaso: fumaj^ita andujo.
学習者版	肝草o	hepat/herb/o	L14197	【植】=hepatiko（スハマソウ）
学習者版	肝草o	hepatik/o	L14198	【植】スハマソウ（属）,=hepatherbo
学習者版	胸骨o	brust/ost/o	L4508	【解】胸骨
学習者版	胸骨o	sternum/o	L37956	【解】胸骨
学習者版	自	mem	L24872	{Ｂ}［副］〜自身,〜自ら,〜そのもの;自分から,自発的に,おのずと
学習者版	自	mem-	L24873	{Ｂ}［副］〜自身,〜自ら,〜そのもの;自分から,自発的に,おのずと
学習者版	自治性o	au^tonom/ec/o	L2869	【政】自治,自治権
学習者版	自治性o	mem/reg/ec/o	L24975	自治;自制
学習者版	至	g^is	L13744	{Ｂ}［接］〜するまで
学習者版	至	g^is-	L13747	{Ｂ}［接］〜するまで
学習者版	船壁o	pavez/o	L29687	【海】舷墻（げんしょう）（上甲板舷側上の防壁）
学習者版	船壁o	s^ip/mur/o	L59982	【PIV】La vertikala parto de la s^ips^elo.
学習者版	船尾o	pou^p/o	L31539	【海】船尾,=s^ipvosto
学習者版	船尾o	s^ip/vost/o	L39296	船尾,とも,=pou^po
学習者版	花冠o	flor/kron/o	L11373	花の冠
学習者版	花冠o	korol/o	L19822	{Ｏ}【植】花冠（かかん）,=petalaro
学習者版	苦行o	asket/o	L2572	苦行者;禁欲主義者
学習者版	苦行o	sufer/ad/o	L38497	苦難,苦悩,受難
学習者版	草o	herb/o	L14219	{Ｂ}草;牧草,芝草;【植】草本
学習者版	草o	po/o	L62175	【地名】ポー川（イタリア）
学習者版	蝎鱼o	skorpi/fis^/o	L36976	【魚】フサカサゴ（属）,=skorpeno
学習者版	蝎鱼o	skorpen/o	L55133	【動】【PIV】G. (Genro) (Scorpaena) de fis^oj el la ord
学習者版	越	trans	L41078	{Ｂ}［前］〜の向こうに,〜を越えて
学習者版	越	trans-	L41079	{Ｂ}［前］〜の向こうに,〜を越えて
学習者版	过ᴾᴿ	preter	L31858	{Ｂ}［前］〜のそばを通って,〜を素通りして
学習者版	过ᴾᴿ	preter-	L31859	{Ｂ}［前］〜のそばを通って,〜を素通りして
学習者版	间	inter	L15641	{Ｂ}［前］〜の間に,〜の間で;〜の中にまじって
学習者版	间	inter-	L15642	{Ｂ}［前］〜の間に,〜の間で;〜の中にまじって
学習者版	雨云o	nimbus/o	L27578	【気】乱雲,=nimbostratuso;雨雲,>>pluvnubo
学習者版	雨云o	pluv/nub/o	L30931	雨雲
学習者版	食行o	mang^/ad/o	L24203	食事
学習者版	食行o	-mang^/ad/o	L57307	食事
学習者版	首柱o	c^ef/mast/o	L5343	【海】メインマスト,大檣（だいしょう）
学習者版	首柱o	steven/o	L37963	【海】船首材
学習者版	香草o	lavend/o	L21707	{Ｏ}【植】ラベンダー（属）
学習者版	香草o	spic/herb/o	L37611	【料】香辛料用野菜,香草,>>aromherbo
学習者版	马栗o	c^eval/kas^tan/o	L5479	【果】マロニエの実,ウマグリ
学習者版	马栗o	hipo/kas^tan/o	L14412	【植】マロニエ,セイヨウトチノキ,=c^evalkas^tano,>>eskulo##偽分解##過細
学習者版	马栗o	hipo/kastan/o	L49034	【植】【PIV】1 (ark. (arkaismo, arkaisme)) Alia nomo (H
学術版	一性a	unu/ec/a	L42127	統一的な,一致した,一貫した
学術版	一性a	monofizit/a	L52181	【PIV】Rilata al la monofizitoj: la monofizitaj ekle
学術版	一性o	unu/ec/o	L42129	統一性,一致,一貫性;単一性
学術版	一性o	monofizit/o	L52180	【キ】【PIV】Homo, kiu kredas, ke estas nur unu naturo 
学術版	一神主义o	unu/di/ism/o	L42123	【宗】一神論,一神教,=monoteismo
学術版	一神主义o	unitari/ism/o	L56609	【PIV】La doktrino de tiu skolo. Vd Socino.
学術版	三角a	tri/angul/a	L41325	三角形の
学術版	三角a	trigonometri/a	L56435	【PIV】Rilata al trigonometrio: trigonometriaj funkc
学術版	三角o	tri/angul/o	L41328	{Ｂ}【数】三角形
学術版	三角o	trigonometri/o	L41364	{Ｏ}【数】三角法
学術版	上	sur	L38830	{Ｂ}［前］〜の上に,〜の表面に;〜のところに
学術版	上	sur-	L38831	{Ｂ}［前］〜の上に,〜の表面に;〜のところに
学術版	上ˢᴾ	super	L38661	{Ｂ}［前］〜の上方に,〜の上に;〜に優越して;〜に熱中して
学術版	上ˢᴾ	super-	L38662	{Ｂ}［前］〜の上方に,〜の上に;〜に優越して;〜に熱中して
学術版	下	sub	L38216	{Ｂ}［前］〜の下に,下方に;〜の形をとって;〜に従って
学術版	下	sub-	L38217	{Ｂ}［前］〜の下に,下方に;〜の形をとって;〜に従って
学術版	不育化具o	sterilizator/o	L55431	【PIV】Aparato por sterilizi. Vd au^toklavo.
学術版	不育化具o	steril/iz/il/o	L55432	【PIV】Aparato por sterilizi. Vd au^toklavo.
学術版	不长a	ne/long/a	L27198	長くない,短めの
学術版	不长a	nelg/a	L52396	【PIV】Okazinta nelge.
学術版	不长e	ne/long/e	L27199	長くなく,少しの間
学術版	不长e	nelg/e	L52395	【PIV】Antau^ nelonge: en la tombejo, nelge, vi paro
学術版	东家o	orientalist/o	L28710	東洋通;東洋学者,>>orientologo
学術版	东家o	orient/ist/o	L28727	進路指導教員
学術版	个主义o	individualism/o	L15220	=individuismo（個人主義）
学術版	个主义o	individu/ism/o	L15226	個人主義
学術版	个家o	individualist/o	L15221	=individuisto（個人主義者）
学術版	个家o	individu/ist/o	L15227	個人主義者
学術版	中o	mez/o	L25283	{Ｂ}まん中,中央,中点;中間,中位,中ほど;最中,途中
学術版	中o	meso/o	L51937	【PIV】Tiu peritonea refaldo.
学術版	举具o	lev/il/o	L21948	【機】てこ,レバー;=levmas^ino,=levaparato
学術版	举具o	levator/o	L51407	【PIV】1 = elevatoro. 2 Nomo de diversaj muskoloj, k
学術版	乐家o	muzik/ist/o	L26557	音楽家
学術版	乐家o	optimist/o	L28555	{Ｏ}オプティミスト,楽天主義者;楽天家,><pesimisto
学術版	二倍a	du/obl/a	L7820	二倍の;二重の;二度の
学術版	二倍a	diploid/a	L46793	【PIV】= duploida.
学術版	二子叶oj	dikotiledon/oj	L46742	【植】【PIV】Dukotiledonoj.
学術版	二子叶oj	du/kotiledon/oj	L59452	【植】【PIV】Klaso (Dicotyledones) de angiospermoj kara
学術版	二形a	dimorf/a	L46764	【PIV】= duforma.
学術版	二形a	du/form/a	L58570	【PIV】Ekzistanta sub du formoj.
学術版	二形主义o	dimorf/ism/o	L46766	【PIV】= duformismo.
学術版	二形主义o	du/form/ism/o	L58572	【PIV】Fenomenaro rezultanta el duformeco.
学術版	二形性o	dimorf/ec/o	L46765	【PIV】= duformeco.
学術版	二形性o	du/form/ec/o	L58571	【地質】【理】【生】【PIV】Eco de substancoj au^ organismoj du
学術版	二色a	du/kolor/a	L7765	二色の,二色刷の
学術版	二色a	dikro/a	L46745	【地質】【理】【PIV】(pp (se paroli pri) neizotropa kristal
学術版	于	pri	L31940	{Ｂ}［前］〜について,〜に関して
学術版	于	pri-	L31941	{Ｂ}［前］〜について,〜に関して
学術版	五角o	kvin/angul/o	L21132	【数】五角形
学術版	五角o	pentagon/o	L29863	【数】五角形,=kvinangulo
学術版	以	per	L29895	{Ｂ}［前］〜で,〜を使って,〜によって,〜を介して
学術版	以	per-	L29896	{Ｂ}［前］〜で,〜を使って,〜によって,〜を介して
学術版	住所o	domicil/o	L7428	【法】（登録された）住所;本籍
学術版	住所o	log^/ej/o	L22458	住みか;住居;宿泊所,宿舎
学術版	侧柏o	tuj/o	L41754	【植】クロベ（黒檜）（属）
学術版	侧柏o	tujan/o	L56532	【化】【PIV】Simpla, unucikla monoterpeno, C 10 H 18, k
学術版	全a	c^ia	L5490	{Ｂ}［形］すべての,あらゆる,どんな〜でも
学術版	全a	integr/a	L15591	全部の,完全な,欠けたところのない;不可分の,不可欠の
学術版	全o	c^io	L5602	{Ｂ}［代］すべて（の事・物）
学術版	全o	integr/o	L49486	【PIV】integrado
学術版	八分o	ok/on/o	L28257	八分の一;【楽】八分音符
学術版	八分o	oktant/o	L28278	【数】八分円;【天】八分儀
学術版	六角a	heksagon/a	L48798	【PIV】= sesangula.
学術版	六角a	ses/angul/a	L57527	【理】【地質】【PIV】(pp (se paroli pri) kristalsistemo) Ha
学術版	六角o	ses/angul/o	L36384	【数】六角形
学術版	六角o	heksagon/o	L48797	【PIV】1 = regula sesangulo. 2 = sesangulo.
学術版	共	kun	L20630	{Ｂ}［前］〜と共に,〜と一緒に;〜と,〜に対して;〜を連れて,〜を持って;〜と同時に,〜しながら
学術版	共	kun-	L20631	{Ｂ}［前］〜と共に,〜と一緒に;〜と,〜に対して;〜を連れて,〜を持って;〜と同時に,〜しながら
学術版	兽医a	best/kurac/a	L3590	獣医の,動物病院の
学術版	兽医a	veterinar/a	L43216	獣医の,=bestkuraca
学術版	内	en	L9369	{Ｂ}［前］（場所）〜の中で;（時間）〜の間に;（状態）〜において;（衣服）〜を着て
学術版	内	en-	L9370	{Ｂ}［前］（場所）〜の中で;（時間）〜の間に;（状態）〜において;（衣服）〜を着て
学術版	内	-en	L57281	{Ｂ}［前］（場所）〜の中で;（時間）〜の間に;（状態）〜において;（衣服）〜を着て
学術版	内渗o	endosmoz/o	L9427	【生】内方浸透
学術版	内渗o	en/osmoz/o	L60156	【PIV】Osmozo al la interna medio.
学術版	再见i	adiau^/i	L258	［他］別れを告げる;【情】ログアウトする,=malregistrig^i,>>saluti
学術版	再见i	re/vid/i	L34017	［他］再会する,見なおす
学術版	再见o	adiau^/o	L259	別れ,別れのあいさつ
学術版	再见o	re/vid/o	L34018	再会
学術版	出	el	L8751	{Ｂ}［前］〜の中から,〜から出た,〜のうちの,〜製の
学術版	出	el-	L8752	{Ｂ}［前］〜の中から,〜から出た,〜のうちの,〜製の
学術版	刨具o	rabot/il/o	L32853	かんな（鉋）
学術版	刨具o	rabotator/o	L54124	【PIV】Elektra mas^ino por paralele raboti la duan f
学術版	刮具o	skrap/il/o	L36990	【機】きさげ;スクレーパー
学術版	刮具o	skrapator/o	L55140	【PIV】= skrapmas^ino. Vd bagro.
学術版	前史o	antau^/histori/o	L58965	【PIV】= prahistorio 2 k 3.
学術版	前史o	prehistori/o	L58966	【PIV】= prahistorio 2 k 3.
学術版	前臼o	antau^/molar/o	L1942	【解】小臼歯,=malgranda mueldento
学術版	前臼o	premolar/o	L31754	【解】小臼歯,=antau^molaro
学術版	前话o	antau^/parol/o	L1947	（本の）序文,前書き;（講演などの）前口上
学術版	前话o	prolog/o	L32285	{Ｏ}【文】序言,序文,序章,プロローグ;序幕,（古典劇の）前口上,序詞,><epilogo
学術版	千年o	mil/jar/o	L25505	=>jarmilo（千年紀）
学術版	千年o	mileni/o	L52067	【PIV】1 Miljara dau^ro au^ datreveno. 2 Miljara reg
学術版	卑	fi	L10885	{Ｂ}［間］チェッ！
学術版	卑	fi-	L10886	{Ｂ}［間］チェッ！
学術版	原兽o	protozo/o	L53963	【PIV】Vd (vidu) zoo.
学術版	原兽o	pra/best/o	L57766	【PIV】Antau^historia besto.
学術版	原型o	pra/tip/o	L31649	原型,基本型,=prototipo
学術版	原型o	prototip/o	L32433	{Ｏ}原型,基本型,=pratipo;【機】試作品,プロトタイプ
学術版	反应使i	reakci/ig/i	L33187	［他］反応させる
学術版	反应使i	mal/dev/ig/i	L58028	【PIV】Fari, ke iu ne devu.
学術版	号具o	numerator/o	L27975	【数】分子,>>denominatoro
学術版	号具o	numer/il/o	L27978	ナンバリング（番号打ち器）
学術版	同性o	sam/ec/o	L35014	同一,同一性
学術版	同性o	gej/o	L48263	【PIV】(fm (familiara, familiare)) Samseksemulo.
学術版	同时a	sam/temp/a	L35067	同時の;同時代の
学術版	同时a	simultan/a	L55021	【PIV】Samtempe, sammomente okazanta: simultana tele
学術版	同时性o	sam/temp/ec/o	L35069	同時性;同時代性
学術版	同时性o	simultan/ec/o	L36658	【理】同時性,=samtempeco
学術版	后	post	L31364	{Ｂ}［前］（時間的に）〜の後に,〜の後で;（空間的に）〜の後ろに,〜の背後で
学術版	后	post-	L31365	{Ｂ}［前］（時間的に）〜の後に,〜の後で;（空間的に）〜の後ろに,〜の背後で
学術版	后卫o	post/gvardi/o	L31391	【軍】後衛,後衛部隊,殿軍,=ariergardo
学術版	后卫o	arier/o	L45266	【PIV】La malantau^a parto de armeo, tac^mento ks (k
学術版	后话o	epilog/o	L9752	{Ｏ}【芸】（小説などの）跋（ばつ）;終章,エピローグ,><prologo
学術版	后话o	post/parol/o	L31426	（本の）後書き,後記
学術版	和主义o	pacifism/o	L28936	{Ｏ}平和主義,=pacismo
学術版	和主义o	pac/ism/o	L28944	平和主義
学術版	和家o	pacifist/o	L28937	{Ｏ}平和主義者,=pacisto
学術版	和家o	pac/ist/o	L28945	平和主義者
学術版	喷泉o	fontan/o	L11584	{Ｂ}噴水;噴水装置
学術版	喷泉o	s^pruc/font/o	L39449	噴水,=fontano
学術版	因ᴾ	pro	L32092	{Ｂ}［前］〜のせいで,〜のために（原因）;〜の代価として,〜と引き換えに
学術版	因ᴾ	pro-	L32093	{Ｂ}［前］〜のせいで,〜のために（原因）;〜の代価として,〜と引き換えに
学術版	围句o	c^irkau^/fraz/o	L5638	遠回しの表現
学術版	围句o	perifraz/o	L53276	【PIV】C^irkau^frazo (ekz. (ekzemple): «kiam la koko
学術版	围测o	c^irkau^/mezur/o	L5652	周囲の長さ
学術版	围测o	perimetr/o	L29970	{Ｏ}【数】（平面図形の）周囲の長さ
学術版	地鼠o	talp/o	L39865	{Ｏ}【動】モグラ（土竜）（科の総称）;《転》暗闇で黙々と仕事をする人
学術版	地鼠o	ter/mus/o	L40426	《般》野ネズミ,=kampomuso
学術版	堵具o	s^top/il/o	L39604	（ビンなどの）栓;【電】プラグ
学術版	堵具o	obturator/o	L52619	【PIV】= fotoaparata obturilo.
学術版	壁纸o	mur/paper/o	L26470	壁紙
学術版	壁纸o	tapet/o	L39926	{Ｂ}壁紙,壁布;壁掛
学術版	外	krom	L20291	{Ｂ}［前］〜のほかは（〜を除いて）;〜のほかにも（〜を含めて）
学術版	外	krom-	L20292	{Ｂ}［前］〜のほかは（〜を除いて）;〜のほかにも（〜を含めて）
学術版	多倍a	mult/obl/a	L26418	多数倍の;多くの,多数の,>>multega
学術版	多倍a	poliploid/a	L53667	【PIV】= plurploida.
学術版	多色a	mult/kolor/a	L26408	多色の,多色刷りの,=multekolora
学術版	多色a	pleokro/a	L53569	【地質】【理】【PIV】(pp (se paroli pri) neizotropa kristal
学術版	多色性o	mult/kolor/ec/o	L26409	多色性;《転》多彩さ
学術版	多色性o	pleokro/ec/o	L53570	【PIV】Eco de kristalo pleokroa.
学術版	多角a	mult/angul/a	L26370	【数】多角形の
学術版	多角a	poligon/a	L53652	【建】【PIV】Konstruita sur plurangula plano: poligona 
学術版	多角o	mult/angul/o	L26371	【数】多角形,=plurangulo
学術版	多角o	poligon/o	L31058	{Ｏ}【植】タデ（蓼）（属）;【数】多角形,=plurangulo;《古》=fagopiro（ソバ）
学術版	太	tro	L41492	{Ｂ}［副］あまりに〜すぎる
学術版	太	tro-	L41493	{Ｂ}［副］あまりに〜すぎる
学術版	头a	kap/a	L17033	頭の
学術版	头a	-kap/a	L17034	頭の
学術版	头巾o	kap/tuk/o	L17158	ずきん（頭巾）,（頭にかぶる）スカーフ
学術版	头巾o	turban/o	L41794	{Ｏ}【服】ターバン
学術版	头皮o	kap/hau^t/o	L17060	頭皮
学術版	头皮o	skalp/o	L36846	{Ｏ}戦利頭皮,>>kaphau^to
学術版	如	kvazau^	L21091	{Ｂ}［接］まるで〜のように
学術版	如	kvazau^-	L21093	{Ｂ}［接］まるで〜のように
学術版	始	ek	L8176	［間］さあ！
学術版	始	ek-	L8177	［間］さあ！
学術版	姻	bo	L3941	{Ｏ}［文字名］ボー（文字B，bの名称）
学術版	姻	bo-	L3942	{Ｏ}［文字名］ボー（文字B，bの名称）
学術版	存主义o	ekzistencialism/o	L8737	【哲】=ekzistadismo（実存主義）
学術版	存主义o	ekzist/ism/o	L47103	【哲】【PIV】Doktrino, lau^ kiu la homo, kies ekzisto e
学術版	对	kontrau^	L19424	{Ｂ}［前］〜に向かって,〜に対して,〜に対抗して,〜に反して
学術版	对	kontrau^-	L19425	{Ｂ}［前］〜に向かって,〜に対して,〜に対抗して,〜に反して
学術版	对流o	konvekt/o	L19603	【理】（熱）対流
学術版	对流o	kontrau^/flu/o	L58509	【技】【PIV】Sistemo, ekz. (ekzemple) c^e ekstraktado, 
学術版	射具o	paf/il/o	L28979	銃,鉄砲,>>fusilo;=pafarko;射出機
学術版	射具o	projekciator/o	L53861	【PIV】Aparato, por projekcii bildojn sur ekranon: m
学術版	己	si	L36439	{Ｂ}［代］自分
学術版	己	heks	L48794	【化】【PIV】Pref. (Prefikso), montranta 6-karbonan c^e
学術版	币o	dur/o	L7938	【史】ドゥーロ（スペインの５ペセタ銀貨）
学術版	币o	valut/o	L42545	{Ｏ}【経】通貨;外国為替;為替相場,>>devizkurzo
学術版	帆杆o	bum/o	L4620	【海】ブーム,帆げた
学術版	帆杆o	vel/stang/o	L42883	【海】帆桁（ほげた）,ヤード,=jardo
学術版	帆船o	skun/o	L37043	【海】スクーナー（二本以上のマストをもつ縦帆船）
学術版	帆船o	vel/s^ip/o	L42885	【海】帆船
学術版	帝主义o	imperialism/o	L15016	{Ｏ}=imperiismo（帝国主義）
学術版	帝主义o	imperi/ism/o	L15026	帝国主義;帝政
学術版	帝家o	imperialist/o	L15017	=imperiisto（帝国主義者）
学術版	帝家o	imperi/ist/o	L15027	帝国主義者;帝政派（人）
学術版	干植o	kserofit/o	L51041	【植】【PIV】Sekeja planto.
学術版	干植o	sek/plant/o	L60406	【PIV】Sekeja planto (Vd (vidu) eja).
学術版	年a	jar/a	L16212	年間の,=unujara;年次の,毎年の,=c^iujara
学術版	年a	-jar/a	L16213	年間の,=unujara;年次の,毎年の,=c^iujara
学術版	年岁a	-jar/ag^/a	L16216	〜歳の
学術版	年岁a	jar/ag^/a	L57418	〜歳の
学術版	形a	form/a	L11699	形式の,外形の
学術版	形a	-form/a	L11700	形式の,外形の
学術版	扩具o	amplifikator/o	L1616	【電】増幅器,=amplifikilo
学術版	扩具o	amplif/il/o	L44952	【PIV】Aparato, por pliigi la energion de elektraj o
学術版	担子菌oj	bazidimicet/oj	L45726	【PIV】Precipa klaso (Basidiomycetes) de la bazidimi
学術版	担子菌oj	bazidi/fung/oj	L58691	【PIV】Bazidi(o)mikotoj.
学術版	拖网o	tren/ret/o	L41296	引網（漁業）,地引網,底引網,>>trolo,>>sejno
学術版	拖网o	trol/o	L41532	【海】トロール網（漁業）
学術版	按	lau^	L21601	{Ｂ}［前］〜に沿って,〜に従って,〜によって
学術版	按	lau^-	L21602	{Ｂ}［前］〜に沿って,〜に従って,〜によって
学術版	振具o	vibr/il/o	L43283	【電】振動子
学術版	振具o	vibrator/o	L56865	【PIV】Aparato vibranta, pro la motoro, kiun g^i ent
学術版	换具o	komutator/o	L18825	【電】=komutilo（切換スイッチ）
学術版	换具o	komut/il/o	L18830	【電】切替スイッチ,開閉器;【通】電話交換機
学術版	换行o	aline/o	L1181	{Ｏ}【印】（改行して）字下げになった行;（改行から次の改行までの）段落
学術版	换行o	komut/ad/o	L18824	切り替え,転換
学術版	操具o	manipulator/o	L24261	=manipulilo（マニピュレーター）
学術版	操具o	operaci/il/o	L28493	手術器具;【情】演算子
学術版	擦伤i	ekskori/i	L8380	［他］【医】=skrapvundi（擦りむく）
学術版	擦伤i	frot/vund/i	L12201	［他］擦りむく
学術版	收割具o	falc^/il/o	L10365	【農】（長柄の）かま
学術版	收割具o	falc^ator/o	L47580	【PIV】Mas^ino kun radoj, servanta por grandakvante 
学術版	斜角o	klin/angul/o	L18046	【理】傾斜角,=klino
学術版	斜角o	skalen/o	L55084	【解】【PIV】Nomo de pluraj oblikvaj muskoloj, kiuj lev
学術版	斜边o	hipotenuz/o	L14430	【数】（直角三角形の）斜辺
学術版	斜边o	klin/rand/o	L18071	斜断面,>>bevelo
学術版	新星o	nov/stel/o	L27889	【天】新星,=novao
学術版	新星o	nova/o	L52555	【天】【PIV】Stelo, kiu - pro eksploda forj^eto de siaj
学術版	无o	nenio	L27235	{Ｂ}［代］何も〜ない
学術版	无o	sen/o	L54829	【PIV】Japana monero, centono de eno.
学術版	无名a	anonim/a	L1833	{Ｏ}匿名の
学術版	无名a	sen/nom/a	L36002	無名の
学術版	无张o	atoni/o	L2740	【病】アトニー,弛緩症
学術版	无张o	sen/toni/o	L61525	【PIV】Malesto de tonio. Vd atonio.
学術版	无形a	amorf/a	L1587	【化】無定形の;【鉱】非結晶の
学術版	无形a	sen/form/a	L35809	形をなさない,無形の
学術版	无感a	sen/sent/a	L36128	無感覚の;無情な
学術版	无感a	anestez/a	L45023	【PIV】Rilata al anestezo: anesteza substanco.
学術版	无水a	anhidr/a	L1778	【化】無水の
学術版	无水a	sen/akv/a	L57442	【PIV】1 Ne havanta akvon: senakva regiono. (Vd deze
学術版	无神主义o	ateism/o	L2652	{Ｏ}無神論,=sendiismo
学術版	无神主义o	sen/di/ism/o	L35729	【哲】無神論,=ateismo
学術版	无神家o	ateist/o	L2654	{Ｏ}無神論者,=sendiisto
学術版	无神家o	sen/di/ist/o	L35730	【哲】無神論者,=ateisto
学術版	无罪a	inocent/a	L15478	=senkulpa（KK,War,F. de Diego）【私家版】
学術版	无罪a	sen/kulp/a	L35938	罪のない,無実の
学術版	无色a	akromat/a	L815	【理】色消しの,色収差のない
学術版	无色a	sen/kolor/a	L35897	無色の
学術版	更	pli	L30700	{Ｂ}［副］より,もっと
学術版	更	pli-	L30701	{Ｂ}［副］より,もっと
学術版	替具o	alternator/o	L1359	【電】交流発電機
学術版	替具o	altern/il/o	L44843	【電】【PIV】Aparato, kiu produktas alternan kurenton p
学術版	月鱼o	lamprid/o	L51259	【動】【PIV】Granda mara fis^o (unuspecia g. (genro) La
学術版	月鱼o	lun/fis^/o	L58435	【動】【PIV】Vulgara kn (kolektiva nomo) de tri maraj s
学術版	极主义o	ekstrem/ism/o	L8602	【政】過激主義,極端主義,>>radikalismo
学術版	极主义o	paroksism/o	L29426	{Ｏ}（感情の）激発,絶頂,>>kulmino;【医】発作
学術版	标点o	interpunkci/o	L15841	{Ｏ}【Ｇ】句読法;=interpunkciaj signoj
学術版	标点o	cel/punkt/o	L60601	【PIV】La preciza punkto, kiun oni celas en la celob
学術版	械家o	mekanik/ist/o	L24824	力学者,機械学者;機械技師;【哲】機械論者
学術版	械家o	meh^anist/o	L51853	【PIV】Mekanikisto.
学術版	每	po	L30951	{Ｂ}［前］〜ずつ
学術版	每	po-	L30953	{Ｂ}［前］〜ずつ
学術版	气候化i	klimat/iz/i	L18038	［他］空気調節を施す
学術版	气候化i	aklimatiz/i	L44609	【PIV】= alklimatigi.
学術版	气石o	aerolit/o	L420	{Ｏ}【鉱】【天】隕石（いんせき）,=meteors^tono
学術版	气石o	aer/s^ton/o	L442	隕石（いんせき）,=meteors^tono
学術版	气管o	aer/tub/o	L449	【車】（タイヤの）チューブ
学術版	气管o	trake/o	L40992	【解】気管,>>bronko;【虫】気管;【植】導管;=trah^eo
学術版	治在o	dominant/o	L7431	【楽】ドミナント,属音
学術版	治在o	reg/ant/o	L33370	統治者,支配者
学術版	海星o	asteri/o	L2605	【動】ヒトデ,=marstelo
学術版	海星o	mar/stel/o	L24482	【動】ヒトデ（海星）,=asterio
学術版	海燕o	mar/hirund/o	L24389	【鳥】=glareolo（ツバメチドリ）;=s^terno（アジサシ）;=procelario（ミズ
学術版	海燕o	procelari/o	L53833	【動】【PIV】G. (Genro) (Procellaria) de malgrandaj, hi
学術版	滑石o	glit/s^ton/o	L13067	【運】（カーリングの）石,ストーン
学術版	滑石o	talk/o	L39860	{Ｏ}【鉱】滑石;タルカムパウダー
学術版	灵主义o	spirit/ism/o	L37669	交霊術
学術版	灵主义o	spiritualism/o	L37673	{Ｏ}【哲】唯心論;【宗】心霊主義;《般》精神主義
学術版	灵家o	spirit/ist/o	L37670	{Ｏ}交霊術師
学術版	灵家o	spiritualist/o	L37674	{Ｏ}【哲】唯心論者;【宗】心霊主義者;《般》精神主義者
学術版	炸糕o	frit/kuk/o	L12137	【菓】揚げ菓子
学術版	炸糕o	benjet/o	L45768	【PIV】Pastobulo, fritita k entenanta delikataj^on (
学術版	燕尾者o	frak/ul/o	L11968	燕尾服を着た人
学術版	燕尾者o	hirund/vost/ul/o	L61783	【PIV】Hirund vosta papilio. Sin. (sinonimo) makaono
学術版	爱学家o	filologi/ist/o	L11042	=filologo（文献学者）
学術版	爱学家o	filolog/o	L11044	{Ｏ}文献学者
学術版	牧草o	gres/o	L13427	牧草,芝草,>>herbo
学術版	牧草o	pas^t/herb/o	L29599	牧草
学術版	白鱼o	alburn/o	L1037	【魚】ブリーク（ヨーロッパ産のコイ科の淡水魚）
学術版	白鱼o	blank/fis^/o	L58429	【動】【PIV】Alburno 2.
学術版	直角a	ort/a	L28804	【数】直角の
学術版	直角a	rekt/angul/a	L33574	直角の,=orta
学術版	直角o	ort/o	L28813	{Ｂ}【数】直角
学術版	直角o	rekt/angul/o	L33575	{Ｂ}【数】直角,=orto
学術版	矿盐o	min/sal/o	L25612	岩塩,山塩,=s^tonsalo
学術版	矿盐o	borat/o	L45970	【化】【PIV】Salo de borata acido, H 3 BO 3.
学術版	社学家o	sociologi/ist/o	L37144	社会学者
学術版	社学家o	sociolog/o	L37146	{Ｏ}社会学者,=sociologiisto
学術版	神主义o	di/ism/o	L6817	【宗】理神論
学術版	神主义o	teism/o	L40044	{Ｏ}【哲】有神論,>>diismo,><ateismo
学術版	神学家o	teologi/ist/o	L40296	神学者,=teologo
学術版	神学家o	teolog/o	L40298	{Ｏ}神学者,=teologiisto
学術版	神家o	di/ist/o	L6818	【宗】理神論者
学術版	神家o	teist/o	L40045	{Ｏ}有神論者
学術版	离	for	L11592	{Ｂ}［副］遠くへ;離れて
学術版	离	for-	L11594	{Ｂ}［副］遠くへ;離れて
学術版	穿	tra	L40885	{Ｂ}［前］〜を通って,〜を貫いて;〜の端から端まで,〜中に;（時間的に）〜の間中
学術版	穿	tra-	L40886	{Ｂ}［前］〜を通って,〜を貫いて;〜の端から端まで,〜中に;（時間的に）〜の間中
学術版	穿刺i	punkci/i	L32741	［他］【医】穿刺（せんし）する
学術版	穿刺i	tra/pik/i	L41210	［他］刺し通す,突き通す
学術版	等势a	egal/potencial/a	L8130	【理】等ポテンシャルの,等電位の
学術版	等势a	ekvipotencial/a	L47093	【理】【PIV】= egalpotenciala.
学術版	等测a	izometri/a	L49597	【PIV】Rilata al izometrio; estanta izometrio.
学術版	等测a	egal/mezur/a	L59869	【PIV】Prezentanta egalan, regulan ritmon: la egal m
学術版	绿藻oj	verd/alg/oj	L43046	【植】緑藻類
学術版	绿藻oj	klorofic/oj	L50428	【植】【PIV】Klaso (Chlorophyceae el klorofitoj) de ver
学術版	群	-ar-	L2220	{Ｂ}［接尾辞］（同種のものの集団を示す）,>>arbaro,>>homaro
学術版	群	ar	L61917	{Ｂ}［接尾辞］（同種のものの集団を示す）,>>arbaro,>>homaro
学術版	耳痛o	orel/dolor/o	L28634	耳の痛み;【医】耳痛（じつう）
学術版	耳痛o	otalgi/o	L52888	【PIV】Oreldoloro.
学術版	肚肠o	trip/kolbas/o	L41446	【料】アンドゥイユ（臓物のソーセージ）
学術版	肚肠o	anduj/o	L45013	【PIV】Porka tripkolbaso: fumaj^ita andujo.
学術版	肝草o	hepat/herb/o	L14197	【植】=hepatiko（スハマソウ）
学術版	肝草o	hepatik/o	L14198	【植】スハマソウ（属）,=hepatherbo
学術版	胃痛o	stomak/dolor/o	L38030	胃痛
学術版	胃痛o	gastralgi/o	L48241	【PIV】Stomaka doloro, kiun la malsanulo lokalizas c
学術版	胚植oj	embrifit/oj	L47180	【植】【PIV】Grupego de plantoj karakterizataj de embri
学術版	胚植oj	embri/plant/oj	L60396	【植】【PIV】Embri(o)fitoj.
学術版	胞浆o	c^el/plasm/o	L5406	【生】細胞質
学術版	胞浆o	citoplasm/o	L46385	【生】【PIV】C^elplasmo. Vd plasmo.
学術版	胸骨o	brust/ost/o	L4508	【解】胸骨
学術版	胸骨o	sternum/o	L37956	【解】胸骨
学術版	膨具o	dilat/il/o	L46756	【PIV】Instrumento por dilati orificon.
学術版	膨具o	dilatator/o	L46758	【PIV】= dilatanto.
学術版	自	mem	L24872	{Ｂ}［副］〜自身,〜自ら,〜そのもの;自分から,自発的に,おのずと
学術版	自	mem-	L24873	{Ｂ}［副］〜自身,〜自ら,〜そのもの;自分から,自発的に,おのずと
学術版	自催o	au^tokataliz/o	L45507	【PIV】= memkatalizo.
学術版	自催o	mem/kataliz/o	L59229	【化】【PIV】Katalizo, kiu estas kau^zata de produkto d
学術版	自治性o	au^tonom/ec/o	L2869	【政】自治,自治権
学術版	自治性o	mem/reg/ec/o	L24975	自治;自制
学術版	自生志o	au^tobiografi/o	L2831	{Ｏ}自伝,自叙伝,=membiografio
学術版	自生志o	mem/biografi/o	L24877	自伝,=au^tobiografio
学術版	至	g^is	L13744	{Ｂ}［接］〜するまで
学術版	至	g^is-	L13747	{Ｂ}［接］〜するまで
学術版	船壁o	pavez/o	L29687	【海】舷墻（げんしょう）（上甲板舷側上の防壁）
学術版	船壁o	s^ip/mur/o	L59982	【PIV】La vertikala parto de la s^ips^elo.
学術版	船尾o	pou^p/o	L31539	【海】船尾,=s^ipvosto
学術版	船尾o	s^ip/vost/o	L39296	船尾,とも,=pou^po
学術版	花冠o	flor/kron/o	L11373	花の冠
学術版	花冠o	korol/o	L19822	{Ｏ}【植】花冠（かかん）,=petalaro
学術版	苦行o	asket/o	L2572	苦行者;禁欲主義者
学術版	苦行o	sufer/ad/o	L38497	苦難,苦悩,受難
学術版	草o	herb/o	L14219	{Ｂ}草;牧草,芝草;【植】草本
学術版	草o	po/o	L62175	【地名】ポー川（イタリア）
学術版	蝎鱼o	skorpi/fis^/o	L36976	【魚】フサカサゴ（属）,=skorpeno
学術版	蝎鱼o	skorpen/o	L55133	【動】【PIV】G. (Genro) (Scorpaena) de fis^oj el la ord
学術版	补具o	kompensator/o	L18624	【電】=kompensilo（補償器）
学術版	补具o	flik/il/o	L47865	【PIV】Kudrilo por fliki.
学術版	规具o	regulator/o	L33448	【機】=regulilo（調整器）
学術版	规具o	regul/il/o	L33458	【機】調整器,レギュレーター
学術版	越	trans	L41078	{Ｂ}［前］〜の向こうに,〜を越えて
学術版	越	trans-	L41079	{Ｂ}［前］〜の向こうに,〜を越えて
学術版	越形具o	transformator/o	L41093	【電】=transformilo（変圧器）
学術版	越形具o	trans/form/il/o	L41095	【電】変圧器,トランス
学術版	过ᴾᴿ	preter	L31858	{Ｂ}［前］〜のそばを通って,〜を素通りして
学術版	过ᴾᴿ	preter-	L31859	{Ｂ}［前］〜のそばを通って,〜を素通りして
学術版	间	inter	L15641	{Ｂ}［前］〜の間に,〜の間で;〜の中にまじって
学術版	间	inter-	L15642	{Ｂ}［前］〜の間に,〜の間で;〜の中にまじって
学術版	雨云o	nimbus/o	L27578	【気】乱雲,=nimbostratuso;雨雲,>>pluvnubo
学術版	雨云o	pluv/nub/o	L30931	雨雲
学術版	食行o	mang^/ad/o	L24203	食事
学術版	食行o	-mang^/ad/o	L57307	食事
学術版	首柱o	c^ef/mast/o	L5343	【海】メインマスト,大檣（だいしょう）
学術版	首柱o	steven/o	L37963	【海】船首材
学術版	香草o	lavend/o	L21707	{Ｏ}【植】ラベンダー（属）
学術版	香草o	spic/herb/o	L37611	【料】香辛料用野菜,香草,>>aromherbo
学術版	马栗o	c^eval/kas^tan/o	L5479	【果】マロニエの実,ウマグリ
学術版	马栗o	hipokas^tan/o	L14412	【植】マロニエ,セイヨウトチノキ,=c^evalkas^tano,>>eskulo
学術版	鸟足o	ornitopod/o	L52837	【植】【PIV】G. (Genro) (Ornithopus el fabacoj) de unu-
学術版	鸟足o	bird/pied/o	L60345	【PIV】Ornitopodo.
学術版	鼻炎o	naz/katar/o	L26848	【病】鼻カタル,鼻炎,=rinito
学術版	鼻炎o	rinit/o	L54426	【医】【PIV】Inflamo de la naza mukozo.
