判定	語根	鏡像	意味	学習者版に誤り	理由
ACCEPT	aneu^ploid	无ᴬ良ᴱ倍ᴾ	異数性の。PIV/学術版45027「Havanta nenorman nombron de kromosomoj」= 染色体数が正常でない。語源は an-(否定)+eu-(良い・正常な)+ploid(倍数体)。		学習者版45027 an/eu^/ploid/a⟦无ᴬ/良ᴱ/倍ᴾ/a⟧(##偽分解(PIV正式分解))。3成分すべて登録済みで語義と一致: (1) 无ᴬ=privative a-/an- は _inject_final.ps1:112 $privDisp="无ᴬ" で定義、a/fon/i/o(失声)・an/emi/o(貧血)・an/estez/o(無感覚)など多数で同一描画。(2) 良ᴱ=eu^ は sidecar 761行(piv, F=5)、しかも学習者版47475の eu^/ 見出し自身が「Pref. indikanta: 1 Bonan, normalan staton」=良い・正常な状態、と定義しており『正常でない倍数性』という語釈と論理的に一致。(3) 倍ᴾ=ploid は sidecar 180行(piv F=9)、du/ploid=二倍ᴾ・tri/ploid=三倍ᴾ・unu/ploid=一倍ᴾ と整合。裸字衝突なし(无裸=sen、良裸=bon、倍裸=obl はいずれも識別子で分離)。表面同形0。
ACCEPT	antheli	抗ᴬᴺ日ᴴᴱ	対日像(anthelion)。太陽と反対方向に見える拡散した太陽の像という光学現象。学術版45104 `antheli/o:【PIV】Optika aperaj^o, difuza bildo de Suno en la kontrau^a direkto.`		学習者版45104 `ant/heli/o⟦抗ᴬᴺ/日ᴴᴱ/o⟧`。★これは指摘された失敗様式を実際に一度踏んで是正済みの箇所で、_homonym_disp.tsv に「2026-07-26 正本ドリフトで antheli/o→ant/heli/o が露出し heli が气ᴴ(ヘリウム)で描画→disc追加」と記録がある。現行は (1) ant→抗ᴬᴺ が disc=`ant/heli/o` の専用 sep(既定の分詞-ant=在、antonim の 反 とも別)、(2) heli→日ᴴᴱ が disc=`peri/heli/o,pir/heli/o/metr/o,ant/heli/o` の sep(基本形 heli/o=气ᴴ ヘリウムとは別エントリ)。両方とも正規登録済みで、「反+太陽」= 対日像は語義と完全一致。★注記: 識別子を落とすと面が 抗日(中国語の政治的高負荷語)になる。案A通り識別子込みの 抗ᴬᴺ日ᴴᴱ で入れる限り、抗 と 日 の間に非CJK上付き字が入るため第30レンズの CJK極大連続判定でも実在語を形成しない(実測: 学習者版の 抗日 隣接は本行1件のみで、tsv には未計上)。識別子省略版を採用してはならない。
ACCEPT	asistoli	无ᴬ缩ˢ	【医】心収縮(sistolo)の不全に由来する症候群=心収縮不全/心静止。学術版45380 asistoli/o:Simptomaro, kiu dependas de la insuficienco de la kora sistolo。		学習者版45380 a/sistol/i/o⟦无ᴬ/缩ˢ/i/o⟧を実確認。无ᴬ は_inject_final.ps1 L112 $privDisp=否定接頭a-/an-の固定描画(a/fon/i/o⟦无ᴬ/声ᶠᴼ⟧・a/kromat/a⟦无ᴬ/色ᴷᴿ⟧・a/morf/a⟦无ᴬ/形ᴹ⟧と同系列)。缩ˢ はsidecar6572 sistol=缩ˢ(学習者版36815 sistol/o⟦缩ˢ/o⟧=心収縮期、対義diastol=舒ᴰ)。无ᴬ缩ˢ=「収縮が無い」で語釈(収縮の不全)と論理的に一致=R4合格。同綴取り違え・固有名・音訳なし。無漢字の連結分節 i を落とすのは既存鏡像の確立慣行(続62で投入の mikroskopi=微镜ˢᴷ, trikromi=三色ᴷᴵ, endoskopi=内ᴱᴰ镜ˢᴷ が同様に -i を落としている。_bk_map_pre_mirror0801.tsv との差分で実確認)。sidecarに无ᴬ缩ˢ は0件=衝突なし。
ACCEPT	briozo	苔ᴮ兽ᶻ	【動】コケムシ(苔虫)動物門 Bryozoa。学術版46064『Filumo (Bryozoa) de akvaj senvertebraj animaloj, tre malgrandaj, kies kolonioj formas krustecan kovron sur fuko, s^tonoj ks』=群体が海藻や石に痂状の被覆を作る微小な水生無脊椎動物の門。		語源 bryon(コケ)+zoon(動物) と語釈が一致し、苔+兽 は正しい意味計算。①bri=苔ᴮ の接地確認: 学習者版46052 `bri/o⟦苔ᴮ/o⟧`(蘚類 Bryum 属)・46054 `bri/fit/oj⟦苔ᴮ/植ᶠ/oj⟧`(コケ植物門)・4351 `bri/o/fit/oj⟦苔ᴮ/o/植ᶠ/oj⟧` と一貫。同綴別語の取り違えなし(bril=光る等とは分節が別)。②zo=兽ᶻ は sidecar 登録済(basic F=16)、兽群で ᶻ は一意。③先例: 学術版32434 に既存の鏡像 `protozo/oj⟦原兽/oj⟧`(proto+zo) があり、同型の充填。ただし 原兽 は識別子を落とした旧1,828行型で、今回は §3.1続72/§14.2.1続62 の案A(識別子込み)ゆえ 兽ᶻ が正しい。④連結母 o の脱落は既存15件の鏡像と整合(megalosau^r=巨ᴹ爬虫 は megal/o/sau^r の o を落としている)。⑤衝突走査: 苔ᴮ兽ᶻ は全ファイル0件。
ACCEPT	butilhidroksi	丁基水ᴴ氧	ブチルヒドロキシ-(butyl-hydroxy-)。学術版57544 butilhidroksi/anizol/o=C11H16O2(BHA)、61514 butilhidroksi/toluen/o=C15H24O(BHT)、いずれも食品の酸敗を防ぐ酸化防止剤。両行とも⟦⟧無し=語根まるごとラテン残り。		学習者版57544 but/il/hidr/oksi/aniz/ol/o⟦丁/基/水ᴴ/氧/果ᴬ/ol/o⟧を実確認。成分は全て体系内の正規描画: (1)but→丁 は_inline_tokens.tsv記載の$alkylStemトークン(C4=中国化学命名の丁基butyl。バターbut/er=培と二重ゲートで弁別済、_inject_final.ps1 L120/L267)。丁は十干=炭素数4の意味符であり音訳ではない→R4合格。(2)il→基 は_inject_final.ps1 L268の化学-yl規則(【化】タグ+前分節がアルキル語幹の二重ゲート。器具-il=具は不発火)。乙基/丁基は中国化学の実用語。(3)hidr→水ᴴ(sidecar639)、oksi→氧(sidecar5987)は固定描画で、学習者版のhidr/oksid/o⟦水ᴴ/氧化⟧と整合。固有名・音訳・同綴取り違えのいずれも無し。sidecar内に丁基水ᴴ氧の既存描画は0件=衝突なし。★1点だけ注記: 正本mapに既存の legacy 行 8898 piv hidroksi 水氧 / 8899 piv hidroksid 水氧化 は識別子ᴴを付けていない(学術版14333 hidroksid/o⟦水氧化/o⟧)。本件を案A(識別子込み)で入れると学術版内部で 水氧 と 水ᴴ氧 が併存する。案A(続62)が現行標準なので本候補は案A準拠でACCEPTだが、legacy2行を水ᴴ氧/水ᴴ氧化へ格上げして揃えるのが望ましい(別件)。
ACCEPT	cianorat	青金盐ᴬ	シアノ金酸塩(cyanoaurate)。学術版46285 `cianorat/o:【PIV】Vd (vidu) oro.` = 金(oro)の項参照＝金のシアン錯塩		学習者版46285 `cian/or/at/o⟦青/金/盐ᴬ/o⟧`。3成分すべてが正規の固定描画または登録済みトークンで、意味も一致する。cian=青(sidecar 8387行、cyan/シアン=希kyanos青緑で音訳でなく意味由来)、or=金(sidecar 287行、基本形owner・エス or/o=金)、盐ᴬ=at は _inline_tokens.tsv 19行に登録済みの化学塩トークン(受動分詞-at=被 と弁別)。発火経路も確認: _inject_final.ps1 L105 $chemAcid に 'cian' が含まれ、L203 で先頭分節=cian かつ 'at' 分節あり→$chemSaltLine 発火。既存の同型鏡像が map に多数ある: `piv cianat 青盐`(8533)・`piv izocianat 等青盐`(8991)・`piv acetat 醋盐`(8324)・`piv dikromiat 二金盐`(8591)。よって 青金盐ᴬ=「シアン/金/塩」は R4 透明・R2 既存字のみ・音訳なし・固有名でない。注意点1件(阻却理由ではない): 既存の cianat は sidecar で識別子なしの 青盐 で登録されており、本件を案A(識別子込み 盐ᴬ)で入れると兄弟語と表記が揺れる。案A方針(続62)に従うなら 青金盐ᴬ でよいが、cianat 側も 青盐ᴬ に揃えるか要確認。
ACCEPT	cianorit	青金盐ᴵ	シアノ金(I)酸塩。学術版46286は「Vd oro」だけだが、PIV2020 or/o 項(k31978)の派生形に『cian orito: Salo de HAu(CN)3』と明記。すなわちシアン化物+金(Au)の亜酸塩。		学習者版46286 cian/or/it/o⟦青/金/盐ᴵ/o⟧。3成分すべてPIV語釈と一致することを一次資料で確認した。(1) 青=cian は sidecar 8387行(pejvo)の正所有者。学習者版46287の cian/ 見出し自身が接頭辞、4952 cian/o⟦青/o⟧=【化】シアンで、化学のシアン基も同一語根=固定描画で正しい(同綴別語ではない)。(2) 金=or は sidecar 287行(basic F=61)の裸字正所有者で、PIV の HAu(CN)3 の Au と一致。or=金 は or/o⟦金/o⟧で確定。(3) 盐ᴵ=化学 -it(-ite 亜…酸塩)は _inject_final.ps1:108 $saltIt で定義、fosf/it/o(亜リン酸塩)・nitr/it/o(亜硝酸塩)と同型。裸 盐=sal と識別子で分離済み。姉妹語 cianorat/o⟦青/金/盐ᴬ⟧(PIV: Salo de HAu(CN)4)とも整合。音訳ゼロ・固有名でない。表面同形0。
ACCEPT	dietil	二乙基	ジエチル(diethyl)。学術版59939 `dietil/morfin/o:【PIV】Heroino.`(ジアセチル…ではなくPIV表記のジエチルモルヒネ＝ヘロイン)。dietil 自体は「エチル基2個」の化学接頭部		学習者版59939 `di/et/il/morfin/o⟦二/乙/基/morfin/o⟧`。3成分は化学ゲート由来の文脈トークンだが、いずれも意味が分節と厳密に一致し、かつ同型の裸根鏡像が map に多数の先例をもつ。発火経路も確認済み: _inject_final.ps1 L199 の $isSysChem 判定正規表現に `morfin|[Hh]eroin` が含まれるため語釈「Heroino.」で化学行と判定され、L267 で $alkylStem の et→乙(L120 `'et'='乙'`)、-il→基(_homonym.tsv 33行 `il 基 sep` 化学ラジカル)、di→二(_homonym.tsv 53行 `di 二 sep` 数詞di-)が発火する。字の意味と所有者: 二=du(sidecar 148行 num 319回、two)、乙=etil(sidecar 8255行 pejvo、ethyl)、基=baz(sidecar 3622行 basic 47回、化学では基＝ラジカル)。すなわち逆引きしても「二・エチル・基」で diethyl に読め、R4 透明・音訳ゼロ・新字ゼロ。既存の同型鏡像: `piv benzoil 安息香基`(8486)・`piv karbonil 碳基`(9023)・`piv jodil 碘基`(9009)・`piv fosforil 磷基`(9884)・`piv kromiil 金基`(10025)・`piv etoksi 乙氧`(8699)・`content etil 乙`(5766)。中国化学命名でも 二乙基 が diethyl の正式訳語。morfin(モルフェウス由来の固有名)は両版でラテン維持されており §7 も遵守。注意点1件(阻却理由ではない): 既存語根 `etil`=乙(学術版10053 `etil/o⟦乙/o⟧`)との粒度差で、dietil を 二乙基 とすると 二+etil(乙) の素朴合成 二乙 とは表示が食い違う。逆引きは一意なので実害はないが記録しておくべき差分。
ACCEPT	dimetoksi	二甲氧	【化】ジメトキシ(基)。学術版58337 dimetoksi/fenol/o = Gvajakolo(グアヤコール、PIV k?38155: C6H4(OCH3)(OH))。PIV 6234 apiolo の語釈でも「dimetoksi-metilendioksi-alilbenzeno」と生産的な化学接頭辞として使用		3成分すべて化学接頭辞として正しく、中国語の標準訳語 二甲氧(基) と一致する。di=二: 数詞di-(2)は _homonym.tsv:53 / _homonym_disp.tsv:252 に di/met/oksi/fenol/o を含む33語のdisc listで登録、神di/o系(=神, map:716)とは明示分離。加えて _bare_alias_ledger.tsv:133 に di→二 の化学系word-scoped bare alias。met=甲(メチル基): map:257 の動詞 met/i=置 とは _homonym.tsv:57 / _context_sense.tsv:406(met.methoxy, 正規表現 (?:^met/$|(?:^|/)met/oksi(?:/|$)))で厳密に分離、_bare_alias_ledger.tsv:37/108 にも登録。既存描画 met/oksi/o⟦甲/氧/o⟧(学習者版51944=メトキシ基)が直接の先例。oksi=氧 は map:2703(sci)。R4透明・音訳ゼロ・固有名なし。注意点(ACCEPTを妨げないが記録): di は di/kromi/at/o では 二ᴰᴵ(識別子付)、本語では 二(bare alias経路)と識別子の付き方が経路により異なる。学習者版58337の実出力が ⟦二/甲/氧/…⟧ なので鏡像 二甲氧 が『学習者版をそのまま写す』正解だが、案A(識別子込み)の統一を厳格に取るなら 二ᴰᴵ甲ᴹᴱ氧 との二択をユーザーに確認する余地はある。
ACCEPT	ekinozo	海胆兽ᶻ	ウニ綱とナマコ綱を含む棘皮動物の亜門 Echinozoa。学術版47035 `ekinozo/oj:【PIV】Subfilumo (Echinozoa) de ekinodermoj, ampleksanta la ekinoidojn k la holoturioidojn.`		学習者版47035 `ekin/o/zo/oj⟦海胆/o/兽ᶻ/oj⟧`。ekin=海胆 は学術版8219 `ekin/o⟦海胆/o⟧:【動】ウニ` が基本形で sidecar `"ekin" "海胆" pejvo F=4`。zo=兽ᶻ は `content zo 兽`(sidecar 兽ᶻ, basic F=16)で、学術版57034 `zo/o:Animalo vs (en kunmetaj^oj)` の通り複合語用「動物」。Echinozoa = ekin+zo の逐語計であり、実体もウニ類を中核とする亜門なので「海胆+動物」で意味が導ける。同族 ekin/o/derm(海胆/o/皮ᴰ)・ekin/oid(海胆/似ᴼ)と描画が揃う。分類群名は §7 の固有名(人名・地名・作品名・神格)に当たらず、本体系は既に 兽ᴮᴿ/爬虫 等で分類群を漢字化している。
ACCEPT	eu^foni	良ᴱ声ᶠᴼ	美音・快い響き(euphony)。学術版47480 eu^foni/o:Belsoneco de la parolo(話しことばの美しい響き)。		★同綴別語の罠を実データで確認したうえで合格。fon には二層あり、正本map1802は content fon 底(背景fon/o⟦底ᶠᴼ⟧=背景・下地)だが、_homonym_disp.tsv 193行が fon/comb/声/声ᶠᴼ「音(phone)結合形 telefon/mikrofon等。背景fon=底はidx0で別」と定義。eu^/fon/i/o は fon が idx1(結合形)なので 声ᶠᴼ が発火し、学習者版47480 eu^/fon/i/o⟦良ᴱ/声ᶠᴼ/i/o⟧ の通り「良い+音」=euphony と語釈が一致する(背景の底ᶠᴼ を拾う誤りは起きていない)。良ᴱ はsidecar761 eu^=良ᴱ(学術版47475 eu^/⟦良ᴱ/⟧「良好・正常な状態や機能を示す接頭辞」)で、兄弟語 eu^/termi/o⟦良ᴱ/温ᵀᴿ⟧(正常体温)・eu^/bakteri/oj⟦良ᴱ/菌ᴮ⟧と整合。-i を落とすのは既存鏡像慣行どおり。sidecarに良ᴱ声ᶠᴼ は0件=衝突なし。
ACCEPT	franj	兄ᶠᴿ女ᴺ	fratino(姉妹)の愛称形「姉ちゃん」。PIV k13502「Karesformo de fratino」、PEJVO 12003「姉妹（親愛の呼びかけ）,=fratineto」。学術版12003はラテンのまま。		学習者版12003 fra/nj/o⟦兄ᶠᴿ/女ᴺ/o⟧。_homonym_disp.tsv:133 に sep で fra→兄ᶠᴿ が明示登録され、注記が『fra/nj/o⟦兄/女ᴺ/o⟧=姉ちゃん。既存の frat/in/o⟦兄/女/o⟧ の完全な鏡像。分節 fra は両版でこの2語にしか現れない』と自ら鏡像であることを述べている。成分所有権も確認: 兄裸=frat(basic F=30)/兄ᶠᴿ=fra、女裸=in(suf F=359)/女ᴺ=nj(pejvo F=2, sidecar 240行)。識別子込みなので両方とも一意復号。音訳要素なし、固有名でもない(A/njo・Ma/njo等の人名はラテン維持で正しく分離済み)。表面同形0件(学術/学習者/mapとも)。識別子整合性監査でも当該行は無違反。
ACCEPT	glicerid	甘油ᴳᶜ子	グリセリド(グリセロールのエステル)。学術版13028 `glicerid/o:【化】グリセリド`		学習者版13028 `glicer/id/o⟦甘油ᴳᶜ/子/o⟧`(偽分解(PIV正式分解)タグ付き)。glicer=甘油ᴳᶜ は sidecar に `"glicer" "甘油" "gc" "ᴳᶜ" "甘油ᴳᶜ" "piv" F=3` として正規登録。学術版48380 `glicer/o:Radiko, CH2OH-CHOH-CH2-, de glicerolo` と一致し、甘油は「甘い油」= グリセロールの中国語標準語で音訳ではない(R4適合)。id=子 は `suf id 子`(既定)。_homonym.tsv の id→化(bromid/klorid/sulfid 等の二元化合物系)の disc に glicerid は含まれないので、既定の 子 で正しく、同族の ozid(糖ᴼ/子)とも整合。「グリセロールの誘導体」で意味が導ける。同綴別語の混入なし。
ACCEPT	glukozid	糖ᴳ子	【化】グルコシド(配糖体のうち糖部分がグルコースのもの)。学術版48426『Heterozido, kies sakarida parto estas glukozo.』		①glukoz=糖ᴳ は sidecar 登録済(pejvo F=2)、糖群(suker無印/konfitᴷ/bombonᴮ/kandᴷᴰ/glukozᴳ/glukᴳᴸ/glikᴳᴵ/sakaridˢᴰ/glucidᴳᶜ)で ᴳ は一意。②id=子 は master `suf id 子`(F=108)で 子 群の無印所有者ゆえ、裸の 子 は id に一意に戻る(atom は 子ᴬ)。③重要な取り違えチェック: 化学の二元化合物 -id は別描画 化ᴵᴰ(学習者版16293 `jod/id/o⟦碘/化ᴵᴰ/o⟧`)だが、_homonym_disp.tsv 121行の disc リストは glukoz/id・oz/id を含まず、注記に「lanthanoid lantan/id·saccharide sakar/id(糖類)は二元化合物でないため除外」と明記=配糖体の -id は 子 が正しい。学習者版48426 の 糖ᴳ/子 は規約どおり。④意味の透明性: ozid/o の PIV 定義『Substanco, kies hidrolizo liveras unu au^ plurajn monosakaridojn』=加水分解で単糖を生む物質、すなわち「糖の派生体」ゆえ 糖+子(派生)は R4 を満たす。⑤衝突走査0件。留意(阻害要因ではない): 同族の ozid/o(学術版52912)・heterozid/o(48920) は学術版でラテンのまま。充填するなら 糖ᴼ子・异ᴴ糖ᴼ子 で family ごと埋めるのが整合的。
ACCEPT	heksacian	六ᴴᴬ青	ヘキサシアノ-(hexacyano-)=シアン化物イオン6個を配位子とする錯体の接頭部。学術版58353 heksacian/o/ferat/o⟦heksacian/o/铁盐/o⟧:ヘキサシアノ鉄(III)/(II)酸の塩。47702 ferician/o・47711 ferocian/o の同義語としても現れる。		学習者版58353 heksa/cian/o/fer/at/o⟦六ᴴᴬ/青/o/铁/盐ᴬ/o⟧を実確認。六ᴴᴬ はsidecar145 heksa=六ᴴᴬ(学術版48796 heksa/⟦六ᴴᴬ/⟧「物質が6個の原子・官能基・分子から成ることを示す接頭辞」——化学用途そのもの)、青 はsidecar8387 cian=青(学習者版4952 cian/o⟦青/o⟧=シアン、4951 cian/id/o⟦青/化ᴵᴰ⟧=シアン化物、46284 cian/at/o⟦青/盐ᴬ⟧)。六ᴴᴬ青=「六つのシアン(化物)」で語釈と一致=R4合格、音訳成分なし。既に学術版側に同型の語根鏡像 ferocian/o⟦铁青/o⟧(47711、学習者版は fer/o/cian/o⟦铁/o/青/o⟧)という先例があり、本件はその系列に整合する。数詞六は heksa の意味そのもの(音ではない)。sidecarに六ᴴᴬ青 は0件=衝突なし。
ACCEPT	ih^tiopterig	鱼ᴵᴴ̂翅ᴾᴳ	魚鰭類 Ichthyopterygia(中生代の海生爬虫類の目、魚竜を含む)。学術版49293 `ih^tiopterig/oj:【PIV】= iktiopterigoj.`→49312 `iktiopterig/oj:【動】【PIV】Ordo (Ichthyopterygia) de mezozoikaj maraj reptilioj, al kiu apartenas la fis^osau^roj.`		学習者版49293 `ih^tio/pterig/oj⟦鱼ᴵᴴ̂/翅ᴾᴳ/oj⟧`。両成分とも語根表の固定描画そのもの: sidecar 1648行 `ih^tio 鱼 iĥ ᴵᴴ̂ 鱼ᴵᴴ̂ piv`、6005行 `pterig 翅 pg ᴾᴳ 翅ᴾᴳ pejvo`。文脈上書き・inline rule は一切介在しない(_inject_final.ps1 に該当語のscoped規則なし)。Ichthyo-(魚)+pteryg-(鰭・翼)で語義「魚の鰭をもつもの」と厳密に一致し R4 透明。識別子ᴵᴴ̂/ᴾᴳ が付くため中国語の日常語「鱼翅(フカヒレ)」とも表示上一意に弁別される。姉妹語への申し送り: 正則綴りの `iktiopterig`(学術版49312)も同様にラテンのままで、学習者版49312は `iktio/pterig/oj⟦鱼ᴵᴷ/翅ᴾᴳ/oj⟧` なので、対の鏡像 鱼ᴵᴷ翅ᴾᴳ を同時に入れないと綴り異体間で被覆が割れる。
ACCEPT	iktiopterig	鱼ᴵᴷ翅ᴾᴳ	魚竜上目 Ichthyopterygia。学術版49312「Ordo (Ichthyopterygia) de mezozoikaj maraj reptilioj, al kiu apartenas la fis^osau^roj」= 中生代の海生爬虫類の目(魚竜が属する)。語源 ichthyo-(魚)+pterygia(ひれ)。		学習者版49312 iktio/pterig/oj⟦鱼ᴵᴷ/翅ᴾᴳ/oj⟧。(1) 鱼ᴵᴷ=iktio は sidecar 1602行(piv, F=2)、iktio/log/o(魚類学者)・iktio/logi/o・iktio/sau^r/o(魚竜)と同一描画で固定。(2) 翅ᴾᴳ=pterig は sidecar 6005行(pejvo, F=7)、aktin/o/pterig(条鰭類)・akant/o/pterig(棘鰭類)・a/pterig(キーウィ)・arkeo/pterig(始祖鳥)と同一。裸 翅=pter(sci F=18)とは識別子で分離済み。『魚のひれ』は Ichthyopterygia の語義そのもので R4 透明。分類群名は人名・地名でないので §7 非該当(本プロジェクトは生物名369件を漢字化済み)。h-system異綴 ih^tio/pterig は 鱼ᴵᴴ̂翅ᴾᴳ で別識別子=衝突なし。表面同形0。
ACCEPT	indigozid	蓝ᴵ糖ᴼ子	インジゴ植物のグルコシド(インジカン)、C14H17O6N・3H2O、インジゴの基。学術版49383 `indigozid/o:【化】【PIV】Glukozido de indigujo, hetero-ducikla, C 14 H 17 O 6 N, 3H 2 O, bazo de indigo.`		学習者版49383 `indig/oz/id/o⟦蓝ᴵ/糖ᴼ/子/o⟧`。indig=蓝ᴵ は学術版15196 `indig/o⟦蓝ᴵ/o⟧:【化】インジゴ（染料）,藍` で基本形一致(値する ind/ig=值/使 とは分節が別で衝突なし)。oz=糖ᴼ は _homonym.tsv の oz→糖 sep で disc に `indig/oz/id/o,indig/oz/id/az/o` が明示列挙(既定の 富、症状の 症 とは別)。id=子 は既定。「藍+糖+誘導体」= インジゴの配糖体で語義と一致。音訳成分なし。
ACCEPT	karafic	藻ᴷ藻ᶠᶜ	【植】シャジクモ綱(Charophyceae)/シャジクモ植物門=緑藻の一群、約250種。学術版50002 karafic/oj:Klaso (Charophyceae el klorofitoj) au^ filumo (Charophyta) de verdalgoj。		学習者版50002 kara/fic/oj⟦藻ᴷ/藻ᶠᶜ/oj⟧を実確認。分節は karaf/ic ではなく kara/fic であり、藻ᴷ はsidecar5448 kara=藻ᴷ(学習者版50001 kara/o⟦藻ᴷ/o⟧=シャジクモ属Chara)、藻ᶠᶜ はsidecar5446 fic=藻ᶠᶜ(学術版57285 -fic/⟦藻ᶠᶜ/⟧「藻類の綱名を作る接尾辞」)。カラフェ karaf/o⟦瓶ᴷ/o⟧(17174)を拾う取り違えは起きていない=同綴罠クリア。兄弟の bangi/fic⟦藻ᴮ/藻ᶠᶜ⟧(45641)・fuk/o/fic⟦藻ᶠ/o/藻ᶠᶜ⟧(48094)・ulv/o/fic⟦藻ᵁ/o/藻ᶠᶜ⟧(56587)・klor/o/fic⟦绿ᴷ/o/藻ᶠᶜ⟧(50428)と完全に同型で、-fic系の綱名システムに正しく合流する。sidecarに藻ᴷ藻ᶠᶜ は0件=衝突なし。
ACCEPT	karafit	藻ᴷ植ᶠ	【植】シャジクモ綱/門 Charophyceae / Charophyta(緑藻の一群)。学術版50003『Klaso (Charophyceae el klorofitoj) au^ filumo (Charophyta) de verdalgoj; 250 sp-oj el c^. 5−6 g-oj.』		①kara=藻ᴷ の接地確認: 学習者版50001 `kara/o⟦藻ᴷ/o⟧:【植】G. (Chara el karaacoj) de dolc^akvaj verdalgoj…` =属名 Chara そのものの見出しが存在し、藻ᴷ はその固定字。sidecar `kara 藻 k ᴷ piv F=1`、藻群(alg無印ほか24語根)で ᴷ は一意。②同綴取り違えの検査: 分節 kara は学習者版全体で kara/o・kara/fic/oj・kara/fit/oj の3語にしか現れず(grep実施)、形容詞 kara(=いとしい、語根 kar)や karaf/o⟦瓶ᴷ/o⟧(カラフ)とは分節が別(karaf は一塊)。よって silv/莺 型の取り違えは発生しない。③fit=植ᶠ は sidecar 登録済(pejvo F=10)、bri/fit/oj⟦苔ᴮ/植ᶠ/oj⟧ 等と一貫。④意味: Charophyta=「シャジクモ(藻)の植物門」で 藻ᴷ植ᶠ は逐語計算どおり。音訳要素ゼロ(Chara を音写せず最近縁の 藻 に寄せる=生物名グルーピング方針どおり)。⑤衝突走査0件。留意: 同語釈の兄弟 karafic/oj(学術版50002)も学術版ラテンのまま=学習者版は 藻ᴷ/藻ᶠᶜ。充填するなら対で。
ACCEPT	klavikord	键弦	クラヴィコード。学術版50372「Frua klavara instrumento kun frapataj kordoj, populara de la 15a g^is la 18a jc」= 打弦式の初期鍵盤楽器。語源 clavis(鍵)+chorda(弦)。		学習者版50372 klav/i/kord/o⟦键/i/弦/o⟧。両成分とも裸字の正所有者で、他語根との誤読が構造的に起きない稀な例: sidecar 4821行 klav=键(basic F=17, 裸字所有者)、4541行 kord=弦(basic F=16, 裸字所有者)。すなわち 键弦 は klav+kord 以外に復号しようがない(裸鏡像だが案Aが警戒する『成分が別語根の無印に読める』事態は発生しない)。「鍵+弦」は語釈 klavara instrumento kun frapataj kordoj と一直線に対応し R4 透明。表面同形0(学術版・学習者版・map の全描画に 键弦 は不在)。姉妹語 klavicen/o(チェンバロ)はラテンのままだが本件の可否には影響しない。識別子整合性監査で当該行は無違反。
ACCEPT	kromiat	金ᴷᴿ盐ᴬ	【化】クロム酸塩(chromate)。PIV k24507 kromi/o=クロム(元素Cr)の派生形 kromiato「Salo de kromiata acido, H2CrO4」。学術版50990はラテン、学習者版50990は kromi/at/o⟦金ᴷᴿ/盐ᴬ/o⟧		同綴別語の取り違えなし。kromi=クロム元素は _kanji_map_master.tsv:6565(pejvo kromi 金)+_identifier_sidecar.tsv:304(金ᴷᴿ)で確定。前置詞krom=外(map:73)とは _homonym.tsv:5 で明示分離済み(「krom/at=クロム酸塩→金/盐」と裁定済)。-at-は受動分詞の被(map:2680)ではなく化学塩接尾辞で、_inject_final.ps1:198/233 の行レベル判定$chemSaltLine(語釈に'Sal[oj] '/'酸塩'を含む)が発火し 盐ᴬ(_inline_tokens.tsv:19)になる。語釈が「Salo de ...」なので発火条件を実際に満たす。音訳なし・固有名なし・R4透明(クロム+塩→クロム酸塩)。★付随所見: _kanji_map_master.tsv:8591 に既存の piv dikromiat 二金盐 があるが、学習者版59506は di/kromi/at/o⟦二ᴰᴵ/金ᴷᴿ/盐ᴬ/o⟧ で識別子付き。案A(識別子込み)に合わせるなら dikromiat も 二ᴰᴵ金ᴷᴿ盐ᴬ に更新して版間整合を取るべき(本件のACCEPT自体は阻害しない)。同様に bi/kromi/at(59505)=二ᴮ/金ᴷᴿ/盐ᴬ も未充填候補。
ACCEPT	ksenartr	外ᴷˢ节ᴬᴿ	異節上目/貧歯目 Xenarthra(=Edentata)。歯が無いか琺瑯質の無い歯を持つ哺乳類の目で、ナマケモノ・アルマジロ・アリクイを含む。学術版51035 `ksenartr/oj:【動】【PIV】Ordo (Edentata, sin. Xenarthra) de mamuloj, sen dentoj au^ kun dentoj sen emajlo...`		学習者版51035 `ksen/artr/oj⟦外ᴷˢ/节ᴬᴿ/oj⟧`。ksen=外ᴷˢ は sidecar `"ksen" "外" "ks" "ᴷˢ" "外ᴷˢ" piv F=2` に正規登録され、同じ字で ksen/o/fob/o⟦外ᴷˢ/o/怕ᶠ⟧(外国人嫌悪)を描いている(元素 ksenon は 气ᴷˢ で別)。artr=节ᴬᴿ は学術版45348 `artr/o⟦节ᴬᴿ/o⟧:【医】Artiko (en kunmetaj^oj)`。Xenarthra の語源そのものが xeno-(異)+arthron(関節)= 異常な椎骨関節を持つことに由来するので、外+节 は逐語的に正しい。同綴別語の混入なし・音訳なし。分類群名なので §7 非該当。
ACCEPT	leu^koz	白ᴸᴱ症ᴼ	【医】白血球増多症/ロイコーシス(PIV: 産生器官(脾・骨髄)における白血球の異常増多。白血病leŭkemioとして顕在化しうる)		取り違えなし。leu^k=白ᴸᴱ は _homonym_disp.tsv:23 に leu^k/emi/o,leu^k/oz/o の2語スコープで登録済み(2026-07-19の正本ドリフト是正で明示裁定、leu^ko=白ᴸ(sidecar:1160)とは別root)。-oz-は糖ではなく病名接尾辞(PIV k32429 -oz/①「malsanon nomo」)で、_homonym.tsv:196の症disc listに leu^k/oz/o が実名で掲載されており 症ᴼ が正しく発火する。学習者版51406 の 白ᴸᴱ/症ᴼ は語釈(白血球の異常増多)に一致。R4透明(白+症→白血球系の症状)。表示衝突なし: leu^kemi=白血病(map:6038)、leu^kocit=白胞(map:4509)、leu^kocit/oz=白胞症ᴼ と全て別表示。音訳なし・固有名なし。
ACCEPT	meningokok	脑膜菌ᴷᴷ	【生】髄膜炎菌(Neisseria meningitidis)=小球状細胞をもつ真正細菌で、流行性脳脊髄膜炎の病原体。学術版51897 meningokok/o。		★kok=鸡(ニワトリ)の同綴罠を実データで確認したうえで合格。_homonym_disp.tsv 39行が kok/sep/『mikro/kok/o,diplo/kok/o,enter/o/kok/o,mening/o/kok/o』/菌/菌ᴷᴷ「-coccus(球菌)→菌。鶏kok=鸡は別」と、まさに mening/o/kok/o を明示列挙している。学習者版51897 mening/o/kok/o⟦脑膜/o/菌ᴷᴷ/o⟧で実描画も確認。脑膜 はsidecar7069 mening=脑膜(学習者版25028 mening/o⟦脑膜/o⟧=髄膜、25027 mening/it/o⟦脑膜/炎ᵀ⟧=髄膜炎)。脑膜菌ᴷᴷ=「髄膜の球菌」で語釈と一致=R4合格。兄弟 mikro/kok⟦微/菌ᴷᴷ⟧・diplo/kok⟦双ᴰᴾ/菌ᴷᴷ⟧と同型。連結oの脱落は既存鏡像慣行どおり。sidecarに脑膜菌ᴷᴷ は0件=衝突なし。
ACCEPT	metencefal	后ᴹ脑ᴱ	【解】後脳(metencephalon)。学術版51964『Tiu antau^a parto de la rombencefalo (posta cerboveziko), kiu konsistigas la cerebelon k la ponton.』=菱脳の前部で小脳と橋を構成する部分。		①met=后ᴹ は台帳登録済み。_homonym_disp.tsv 83行 `met sep met/encefal/o 后 后ᴹ` 注記「met-(希 meta-=後方)→后: metencefal/o 後脳。動詞 meti=置・系統化学 met=甲 は disc外で維持」。★指摘された取り違えリスク(met/i=置く、化学 met=甲基)はまさにこの word-scoped disc で分離済みで、実データ上も met/encefal/o の1語だけに限定発火。②中国語解剖学の標準語も 后脑=metencephalon で、字義が学術定義と正確に一致。③兄弟の整合: 学術版58191 が既に `romb/encefal/o⟦菱/脑ᴱ/o⟧` と分解済みで、后ᴹ脑ᴱ はその並びに正しく入る。encefal=脑ᴱ は sidecar 登録済(pejvo F=11)、脑群(cerb無印/encefalᴱ/cerebrᶜᴿ)で一意。④后群(post=無印/aposterior=后ᴬ、別途 epi=后ᴱ)で ᴹ は空き=id重複なし。⑤衝突走査: 后ᴹ脑ᴱ は全ファイル0件。
ACCEPT	mezosau^r	中爬虫	メソサウルス目 Mesosauria(アフリカ・南米の石炭紀〜ペルム紀の小型海生無弓類爬虫類)。学術版51995 `mezosau^r/oj:【動】【PIV】Ordo (Mesosauria) de malgrandaj, maraj, anapsidaj reptilioj, el la karbonio k permio de Afriko k S Ameriko.`		学習者版51995 `mez/o/sau^r/oj⟦中/o/爬虫/oj⟧`。両成分とも語根表の固定描画で裸字所有者本人: sidecar 1787行 `mez 中 basic 91回`(識別子なし=中の所有者)、7051行 `sau^r 爬虫 piv 4回`。inline rule・文脈上書きは一切なし。meso-(中)+sauro(爬虫)で「中生の/中間型の爬虫類」と語義一致、R4透明・R2既存字・音訳なし。分類群名は §7 の人名地名作品名神格に当たらず、生物名369件投入の既定方針(最近縁種グルーピング)の対象。連結母音 o を落とす形も既存鏡像の先例どおり: _kanji_map_master.tsv 6411行 `piv megalosau^r 巨ᴹ爬虫`(megal/o/sau^r の o を落として 巨ᴹ+爬虫)。表示 中爬虫 は map/sidecar に既存衝突なし(実測)。
ACCEPT	mezozo	中兽ᶻ	中生動物門 Mesozoa。学術版51998「Filumo (Mesozoa, sin. Planuloidea, el metazooj), kies reprezentantoj konsistas el nur unu c^eltavolo... k kiuj parazitas en la nefroj de maraj senvertebruloj」= 単細胞層からなり海産無脊椎動物の腎に寄生する動物門。原生動物と後生動物の『中間』の位置づけから meso-(中)+zoa(動物)。		学習者版51998 mez/o/zo/oj⟦中/o/兽ᶻ/oj⟧。(1) 中=mez は sidecar 1787行(basic F=91)の裸字正所有者。(2) 兽ᶻ=zo は sidecar 1439行(basic F=16)、meta/zo(後生動物)=超ᴹ/兽ᶻ・proto/zo(原生動物)=原ᴾᵀ/兽ᶻ・bri/o/zo(コケムシ)=苔ᴮ/o/兽ᶻ と完全に同一描画で、同じ『-zoa 動物門』系列に並ぶ。裸 兽=best(F=49)とは識別子ᶻで分離済み。metazoo/protozoo の姉妹関係を保つ点で分類学的にも正しい。同綴の mezozoik/o(中生代)は両版でラテン維持=衝突なし。表面同形0。監査違反なし。
ACCEPT	naftil	原油基	ナフチル基。C10H7-、ナフタレンから生じる一価の原子団。学術版52300 `naftil/o:【化】【PIV】C 10 H 7 -, unuvalenta grupo el naftaleno.`		学習者版52300 `naft/il/o⟦原油/基/o⟧`(偽分解(PIV正式分解))。naft=原油 は学術版26622 `naft/o⟦原油/o⟧:【化】ナフサ;《般》原油` で基本形一致。基 は _homonym.tsv の il→基ᴵ ではなく(disc に naft/il は無い)、_inject_final.ps1:268 の化学インライン規則「【化】タグ+前分節がアルキル/アリル語幹(fen,alk,**naft**,nitrozo,sulfon,…)」で発火する既登録の規則。器具-il=具 とは二重ゲートで弁別済み。同綴別語の取り違えではなく(naft は語源的に同一形態素)、音訳でも固有名でもない。★注記2点: (a) 学習者版の面は識別子なしの 基 で、homonym 側の 基ᴵ とは別経路。鏡像も 基(識別子なし)で写すのが正しい。(b) 厳密にはナフチル基はナフタレン(naftalen=ラテン未割当)由来で原油由来ではないが、萘/苯 は二級で R2 外(実測: 萘 一级=0/二级=1、苯 一级=0/二级=1)ため代替不能。既存の同型 map 項目(benzoil=安息香基, jodil=碘基, karbonil=碳基, fosforil=磷基)と同じ「物質名+基」の型に収まる。この鏡像はインライン規則依存の描画をアプリ側で再現可能にする効果もある。
ACCEPT	neornit	新鸟ᴼ	【動】新鳥亜綱 Neornithes(PIV k? 74867: 尾が退化し指が部分的に癒合した鳥類の亜綱)		取り違えの危険を正しく回避済み。ここの ne- は否定の ne(map:179 func ne 不)ではなくギリシャ語 neo-(新)。_bare_alias_ledger.tsv:22 に ne→新 が【word-scoped】で登録され、ゲート条件が ($s -eq 'ne') -and ($idx -eq 0) -and ($segs -contains 'ornit') と ornit を含む語に限定されているため、他の ne(不)語への波及ゼロ。ornit=鸟ᴼ は map:4290+sidecar:1020 で確定。学習者版52416 の 新/鸟ᴼ は語釈(鳥類の亜綱)に完全一致し、R4透明(新+鳥→新鳥類)。表示 新鸟ᴼ は _kanji_map_master.tsv 内で既存衝突なし。識別子は ne が意図的bare(alias ledger登録)なので 新鸟ᴼ が正しい形。
ACCEPT	nukleosom	核ᴺ体ˢᴹ	ヌクレオソーム=クロマチンの単位。学術版52577 nukleosom/o:= kromatinero。参照先50987 kromatin/er/o=ヒストンに密に巻きついたDNA繊維の一部からなるクロマチン単位。	YES	学習者版52577 nukle/o/som/o⟦核ᴺ/o/体ˢᴹ/o⟧を実確認。核ᴺ はsidecar5144 nukle=核ᴺ(学習者版27945 nukle/o⟦核ᴺ/o⟧=原子核/細胞核)。体ˢᴹ はsidecar1759 som=体ˢᴹ(学術版57326 -som/⟦体ˢᴹ/⟧、55218 som/o⟦体ˢᴹ/o⟧「非プラスチド性の細胞小器官(複合語中): lizo somo, nukleo somo, peroksi somo, ribo somo」——PIV定義そのものが nukleo+somo の合成であると明言している)。核ᴺ体ˢᴹ=「核の(中の)小体」で語釈と一致=R4合格。兄弟 rib/o/som⟦核ᴿ/o/体ˢᴹ⟧・liz/o/som⟦解ᴸ/o/体ˢᴹ⟧・centr/o/som⟦央/o/体ˢᴹ⟧と同型。核ᴺ(nukle)と核ᴿ(rib)は識別子で弁別済。sidecarに核ᴺ体ˢᴹ は0件=衝突なし。
ACCEPT	nukleozid	核ᴺ糖ᴼ子	【化】ヌクレオシド(核酸塩基+糖。リン酸を欠く)。学術版52579 は `nukleozid/o:【PIV】Vd (vidu) ozo.` と参照のみだが、参照先 ozid/o(学術版52912)『Substanco, kies hidrolizo liveras unu au^ plurajn monosakaridojn k eventuale neglucidajn substancojn: … nukle ozido, rutozido』で語釈が確定する。		①各成分が台帳登録済み: nukle=核ᴺ(sidecar basic F=44、核群は kern無印/nukleᴺ)、oz=糖ᴼ(_homonym_disp.tsv 197行の oz sep→糖ᴼ、disc リストに `nukle/oz/id/o` が明示的に含まれる)、id=子(master suf、子群の無印所有者)。②同綴取り違えの検査: -oz は病症の 症ᴼ(196行 disc、arteri/o/skler/oz 等)と糖の 糖ᴼ(197行 disc)で二分され、nukleozid は糖側の disc に正しく入っている。-id も二元化合物 化ᴵᴰ の disc には入っておらず 子 が正。③意味: 「核(酸)の糖派生体」で R4 成立。④衝突走査: 核ᴺ糖ᴼ子 は全ファイル0件。留意(阻害要因ではない): 中国語話者には 核糖=リボース と読める可能性があるが、識別子 核ᴺ(nukle)/糖ᴼ(oz) が別分節であることを示すので構造的には弁別される。また glukozid と同様、上位語 ozid/heterozid が学術版ラテンのまま残る family 半充填になる点は要認識。
ACCEPT	oestrogen	发情生ᴳ	エストロゲン=卵巣ホルモン。学術版52638 `oestrogen/o:【生】【化】【PIV】(kn) Ovaria hormono, precipe reganta la disvolvig^on k la funkciadon de la reproduktig^aj organoj k de la mamoj c^e la inoj de mamuloj.`		学習者版52638 `oestr/o/gen/o⟦发情/o/生ᴳ/o⟧`。両成分とも固定描画で裸字/識別子付き所有者本人: sidecar 8276行 `oestr 发情 piv 2回`(裸 发情 の所有者)、905行 `gen 生 g ᴳ 生ᴳ sci 65回`。inline rule なし。oestro の語義も同ファイル52635 `oestr/o⟦发情/o⟧:【生】【PIV】Fiziologia stato de ina mamulo dum la maturig^o de la ovaria(j) foliklo(j) k ovolado`(発情期)で 发情 と一致。oestro-gen = 「発情を生じさせるもの」で estrogen の語源そのままであり、語釈(卵巣ホルモン)とも整合。R4透明・音訳なし・固有名でない。連結o省略も megalosau^r 先例どおり。
ACCEPT	ombropolarimetr	影极ᴾᴿ计ᴹ	半影偏光計の中核部分。学術版60125 du/on/ombropolarimetr/o「Polarimetro, en kiu ambau^ vidkampoj estas reduktataj al duon ombro per nikoloj」= ニコルプリズムで両視野を半影にした偏光計。PIV2020 でも duonombropolarimetro は ombr/o 項(k31802)の派生形として登録され、実体は ombro(影)+polarimetro(偏光計)。		学習者版60125 du/on/ombr/o/polar/i/metr/o⟦二/分/影/o/极ᴾᴿ/i/计ᴹ/o⟧。学術版が du/on/ombropolarimetr/o と切ったため『ombropolarimetr』が合成語根として被覆穴になっている典型的な鏡像案件。成分は全て登録済み: 影=ombr(sidecar 2742行 basic F=22 の裸字正所有者)、极ᴾᴿ=polar(sidecar 3651行 sci F=25、裸 极=ekstrem とは識別子で分離)、计ᴹ=計器の -metr-(_homonym_disp.tsv:194 comb metr→计ᴹ、裸 计=statistik とは分離)。『影+偏光+計器』は PIV 語釈(duonombro に還元する偏光計)と一致し R4 透明、音訳ゼロ、固有名でない。表面同形0。なお学術版31011は polarimetr/o⟦极计/o⟧(旧1,828行の裸鏡像)なので同一版内に 极计 と 极ᴾᴿ计ᴹ が併存するが、これは続62の案A採用時に容認済みの状態で、mikroskop=微镜 と mikroskopi=微镜ˢᴷ、endoskop=内镜 と endoskopi=内ᴱᴰ镜ˢᴷ という先例が _kanji_map_master.tsv に既にある(新規鏡像は識別子込み・既存裸行は据置)。よって案A準拠で ACCEPT。
ACCEPT	ornitiski	鸟ᴼ坐骨	鳥盤目 Ornithischia。中生代の化石草食恐竜の目。学術版52834 `ornitiski/oj:【動】【PIV】Ordo (Ornithischia) de fosiliaj herbovoraj dinosau^roj, ampleksanta multajn grandajn reptiliojn el mezozoiko. Vd sau^riskioj.`		学習者版52834 `ornit/iski/oj⟦鸟ᴼ/坐骨/oj⟧`。ornit=鸟ᴼ は sidecar `"ornit" "鸟" "o" "ᴼ" "鸟ᴼ" pejvo F=3` に正規登録(ornit/o/logi=鸟ᴼ/o/学ᴸᴳ, ornit/o/pod=鸟ᴼ/o/足ᴾᴼ と一貫)。iski=坐骨 は学術版16047 `iski/o⟦坐骨/o⟧:【解】座骨`。Ornithischia は文字通り「鳥の坐骨(鳥盤)」を意味する分類名で、鸟+坐骨 は逐語的に完全一致。姉妹群 sau^r/iski/oj⟦爬虫/坐骨/oj⟧(竜盤目)と描画が対称になり、既存の先例とも整合する。本12件中で最も接地が強い候補。
ACCEPT	ozid	糖ᴼ子	【化】オシド/配糖体(PIV k32432 oz/o④の派生形 ozido: 加水分解により1個以上の単糖と場合により非糖質を与える物質。二糖・オリゴ糖・多糖・ヘテロシドを包含。Sin. malsimpla sukero)		oz=糖ᴼ は _homonym.tsv:197 の糖disc listに oz/o,oz/id/o が実名掲載済みで発火が保証される(病名の症ᴼは別listで、本語は化学義なので糖が正しい)。id=子 は map:104(suf id 子)+sidecar:199 の固定描画で、化学の-ide(二元化合物)=化(_homonym.tsv:121)のlistには oz/id は含まれず 子 のまま=正しい弁別。同型の既存描画が学習者版に実在: nukle/oz/id/o⟦核ᴺ/糖ᴼ/子/o⟧・rut/oz/id/o⟦草ᴿ/糖ᴼ/子/o⟧。糖ᴼ/子 は学習者版に7回出現し全て-ozid-系。R4透明(糖+子=糖の派生体→配糖体)。音訳なし。★付随: 学術版48426 glukozid/o:・48920 heterozid/o:・52579 nukleozid/o:・54569 rutozid/o: も同じ理由でラテン残存の未充填鏡像候補(今回の依頼リスト外だが同時処理推奨)。
ACCEPT	panj	父ᴾᴬ女ᴺ	ママ、かあちゃん(母への愛称)。学術版29157 `panj/o:ママ,かあちゃん,>>patrino`。		実データで完全裏付け。①両版共通で `patr/in/o⟦父/女/o⟧:母,母親`(29647) が既に成立=「父(親)+女」で母を表すのは本体系の確立描画。②_homonym_disp.tsv 134行に `pa sep pa/c^j/o,pa/nj/o 父 父ᴾᴬ` が登録済みで、注記自体が「pa(patro の切り詰め)→父。pa/nj/o⟦父/女ᴺ/o⟧=ママ。既存の patr/in/o⟦父/女/o⟧ の完全な鏡像。分節 pa は両版でこの2語にしか現れない」と述べている。③識別子: nj は _identifier_sidecar.tsv に `nj 女 n ᴺ 女ᴺ pejvo F=2` で登録済、女群(in=無印/feminism=ᶠ/nj=ᴺ/femin=ᶠᴱ/ginek=ᴳ)でᴺは一意。父群(patr=無印/patri=ᴾᴵ)でᴾᴬも一意。④衝突走査: 父ᴾᴬ女ᴺ は master/学術版/学習者版のいずれにも0件。patrino の 父女(無印)とも識別子で弁別される。音訳要素なし。
ACCEPT	predispozici	前ᴾ处ᴰᶻ	【医】(病気に)素因を与える、かかりやすくする。学術版53780『(tr) (pp malsano) Dispozicii 4.』=dispozicii の第4義(病気について)。		①pre=前ᴾ は sidecar 登録済(piv F=2)。接頭辞そのものが見出しとして存在し 学習者版53770 `pre/⟦前ᴾ/⟧:【PIV】Pref. signifanta: 1 «tempe senpere antau^»…` と描画済み。兄弟 pre/molar/o⟦前ᴾ/臼/o⟧・pre/histori/o⟦前ᴾ/史/o⟧ と一貫。前群(antaŭ無印/frontᶠ/avanᴬⱽ/aversᴬᴿ/preᴾ)で ᴾ は一意。②dispozici=处ᴰᶻ は sidecar 登録済(pejvo F=3)で、学術版7132/7133/46840 の全出現で 处ᴰᶻ 固定=文脈上書きなし。处群(lok無印/disponᴰ/dispoziciᴰᶻ)で一意。③意味計算: pre(前)+dispozici(処置・性向) = 「あらかじめ素質を与える」で音訳ゼロ、成分から全体が導ける。④衝突走査: 前ᴾ处ᴰᶻ は全ファイル0件。留意: 本語で効いている語義は dispozicio の「性向・素質・体質」義で、处 の中心義「配置・処置」とはややズレるが、これは既存の dispozici=处ᴰᶻ 基本割当から継承した性質であり、鏡像が新たに持ち込む誤りではない(固定形態素描画の原則どおり)。
ACCEPT	pterosau^r	翅爬虫	翼竜(Pterosauria)。学術版54030 `pterosau^r/oj:【PIV】Flugsau^roj.`。同義語 flugsau^ro は学術版60864 `flug/sau^r/oj⟦飞/爬虫/oj⟧:【動】【PIV】Ordo (Pterosauria) de sau^roj el j^urasio k kretaceo, bonege adaptitaj al flugo`		学習者版54030 `pter/o/sau^r/oj⟦翅/o/爬虫/oj⟧`。両成分とも固定描画で裸字所有者本人: sidecar 6004行 `pter 翅 sci 18回`(裸 翅 の所有者、識別子付き 翅ᴾᴳ=pterig とは §9 で弁別済み)、7051行 `sau^r 爬虫 piv 4回`。inline rule なし。ptero-(翼)+sauro(爬虫)で「翼のある爬虫類」= 翼竜と語義一致、R4透明。既存鏡像 `piv megalosau^r 巨ᴹ爬虫` と同型。同義語 flugsau^r は学術版で既に分解済み(飞/爬虫)なので表示は 飞爬虫 と別で衝突なし、翅爬虫 は map/sidecar に既存衝突なし(実測)。
ACCEPT	rutozid	草ᴿ糖ᴼ子	ルトシド(ルチン)。C27H30O16、ヘンルーダ(ruto)等の植物から抽出されるヘテロシド。毛細血管強化に医薬用、ビタミンPの構成成分。学術版54569 `rutozid/o:【化】【PIV】Heterozido, C 27 H 30 O 16, ekstraktata el ruto k.a. plantoj...`		学習者版54569 `rut/oz/id/o⟦草ᴿ/糖ᴼ/子/o⟧`。★同綴別語の疑いを実データで潰した: rut=草ᴿ は学術版34795 `rut/o⟦草ᴿ/o⟧:{Ｏ}【植】ヘンルーダ（属）` で、語釈が明示する抽出源 ruto そのもの(sidecar `"rut" "草" "r" "ᴿ" "草ᴿ" pejvo F=4`)。oz=糖ᴼ は _homonym.tsv oz→糖 の disc に `rut/oz/id/o` が明示列挙。id=子 は既定。「ヘンルーダ+糖+誘導体」= ヘンルーダの配糖体で語義と完全一致。姉妹の indigozid(蓝ᴵ糖ᴼ子)・salik/oz/id・nukle/oz/id と型が揃う。
ACCEPT	salikilat	柳基盐ᴬ	【化】サリチル酸塩(salicylate)=解熱・鎮痛・抗炎症(特にリウマチ)に用いる、サリチル酸の塩。学術版54624 salikilat/o:Salo de salik(il)ata acido。		学習者版54624 salik/il/at/o⟦柳/基/盐ᴬ/o⟧を実確認。柳 はsidecar5343 salik=柳(学習者版34942 salik/o⟦柳/o⟧=ヤナギ属Salix)で、これは同綴の偶然ではなく語源的事実: 同辞書54621 salik/in/o(サリシン)の語釈が「ekstraktata el la s^elo de salikoj(ヤナギの樹皮から抽出)」と明記し、PIV自身が salik- 由来として綴っている。il→基 は_inject_final.ps1 L268の化学-yl規則で、許可される前分節リストに 'salik' が明示的に含まれている(@('fen','alk','naft','nitrozo','sulfon','sulfur','pirid','okzal','en','salik'))=設計上の意図的発火。at→盐ᴬ は_inline_tokens.tsv登録済トークン($chemSaltLine、逆引き一意)。柳基盐ᴬ=「ヤナギ基の塩」で語釈と一致=R4合格、音訳成分ゼロ。兄弟 salik/at/o⟦柳/盐ᴬ⟧(54623)・salik/oz/id/o⟦柳/糖ᴼ/子⟧(54622)と整合。ヤナギ以外の同綴語(salikok=虾ˢエビ、salikari=草ˢᴬᴸᴵ、salikorni=草ˢᴬᴸ)を拾う取り違えは起きていない。sidecarに柳基盐ᴬ は0件=衝突なし。
ACCEPT	salikozid	柳糖ᴼ子	【化】サリシン salicin(PIV: salikozido = salikino。ヤナギ樹皮から抽出される鎮痛・解熱作用のあるグルコシド C6H4(O.C6H11O5)CH2OH)		3成分すべて語釈と一致し、鏡像の中でも最も透明な部類。salik=柳 は map:5343(basic, 6回)+sidecar:5343、PIV『ekstraktata el la ŝelo de salikoj(ヤナギの樹皮から抽出)』と直結。oz=糖ᴼ は _homonym.tsv:197 の糖listに salik/oz/id/o が実名掲載。id=子 は map:104。柳+糖+子=『ヤナギの配糖体』でR4完全成立。同綴別語の危険なし(salik は他義なし)。音訳成分ゼロ、固有名なし。表示衝突なし。
ACCEPT	sapozid	皂糖ᴼ子	【化】サポニン saponino(PIV k? 96227: 植物性ヘテロシド。ステロイド系またはトリテルペン系の非糖部を持ち、水に溶けて起泡する。Sin. sapozido。PIV k32432 oz/o④の派生形としても『sap ozido: Saponino』と立項)		PIV自身が sap+ozido と分綴して立項しており(k32432 Derived form: **sap ozido**)、偽分解ではなく語源通り。sap=皂(石鹸) は map:3221(basic, 22回)で、PIV 96178 sapo(石鹸)および saponino の命名理由(水中で泡立つ=石鹸様)と直結。oz=糖ᴼ は _homonym.tsv:197 の糖listに sap/oz/id/o が実名掲載。id=子 は map:104。皂+糖+子=『石鹸様の配糖体』でR4成立。sap の同綴別語(sapind/sapon 等)は別語根として独立しており取り違えなし。音訳成分ゼロ・固有名なし・表示衝突なし。nukle/oz/id=核ᴺ糖ᴼ子, rut/oz/id=草ᴿ糖ᴼ子, salik/oz/id=柳糖ᴼ子 と完全に同型。
ACCEPT	sau^riski	爬虫坐骨	【動】竜盤目 Saurischia(草食・肉食の恐竜の目。最大級の恐竜を含む)。学術版54739『Ordo (Saurischia) de dinosau^roj herbovoraj k karnovoraj, inter ili la plej grandaj el c^iuj dinosau^roj. Vd ornitiskioj.』		①sau^r=爬虫 は sidecar の 爬虫群の無印所有者(piv F=4)。学術版54738 に `sau^r/o⟦爬虫/o⟧:【動】Kn de reptilioj eksklude de la testuduloj k serpentoj` と本体見出しあり=接地確認。②iski=坐骨 も sidecar 無印所有者(pejvo F=3)で、坐骨群は iski 単独=逆引き一意。③意味: Saurischia は文字どおり「トカゲ型の腰(坐骨)を持つ」目で、爬虫+坐骨 は語源の逐語計算。学習者版は既に `##偽分解##エス的分解` として受理済み。④兄弟の整合: 学習者版52834 `ornit/iski/oj⟦鸟ᴼ/坐骨/oj⟧`(鳥盤目)が対で存在し、学術版ではこちらもラテンのまま=同じ規則で 鸟ᴼ坐骨 を対で充填するのが整合的。⑤識別子なしの2成分連結だが、両成分とも各群の無印所有者(reptili は 爬虫ᴿ と別印)なので案Aが警戒する「別語根の無印に読める」問題は発生しない。⑥衝突走査: 爬虫坐骨 は全ファイル0件。
ACCEPT	sinartr	共ˢ节ᴬᴿ	不動関節(synarthrosis)。学術版55027/PIV k41001「= senmova artiko」= 動かない関節(頭蓋縫合のように癒合した関節)。語源 syn-(共に)+arthron(関節)。		学習者版55027 sin/artr/o⟦共ˢ/节ᴬᴿ/o⟧。これは偽友是正が既に済んでいる登録済みケース。_homonym_disp.tsv:62 が sep で sin→共ˢ を宣言し、対象語リストに sin/artr/o を明記、注記も『syn-(共·同together)→共。胸sin/o(怀)·再帰sin(自)は別エントリで維持。2026-07-18 正本過細分解で露出: sin/artr(synarthrosis癒合関節=共/节)·sin/ost(synostosis骨癒合=共/骨)追加(syn-の偽友sin=怀を是正)』と、まさに同綴別語(sino=胸/怀、再帰sin=自)からの分離を明示している。実際 _kanji_map_master.tsv 2626行の sin は 怀 だが、本語では 共ˢ が適用され sin/kron(同期)・sin/onim(同義語)・sin/ost(骨癒合)と同一系列。artr は sidecar 5202行 节ᴬᴿ(pejvo F=9)で artr/it=关节炎等と同一、裸 节=diet や 节ᴬ=artik とも識別子で分離。裸 共=kun(prep F=249)とも ˢ で分離済み。表面同形0、監査違反なし。
ACCEPT	sinost	共ˢ骨	骨性癒合(synostosis)。頭蓋の2骨をつなぐ組織が骨化してできた不動関節。学術版55052 `sinost/o:【解】【PIV】(synostosis) Nemovebla artiko, devenanta el ostig^o de la histo kuniganta du ostojn de la kranio.`		学習者版55052 `sin/ost/o⟦共ˢ/骨/o⟧`。★sin は三重同綴で危険な箇所だが台帳で解決済み: (a) 基本形 sin/o=怀(胸・懐, basic F=24)、(b) 再帰代名詞 sin=自ˢ(disc: sin/kon/o 等11件)、(c) syn-(共・同)=共ˢ(disc に `sin/artr/o,sin/ost/o` が明示列挙、_homonym.tsv 注記「2026-07-18 正本過細分解で露出: sin/artr(synarthro…)」)。本語は (c) の disc に載っており正しい。ost=骨 は学術版28861 `ost/o⟦骨/o⟧:{Ｂ}骨` の基本形そのもの。「共に+骨」= 骨がつながって一体化した関節で語義と一致し、姉妹の sin/artr/o(共ˢ/节ᴬᴿ, 不動関節)とも整合。
ACCEPT	sporozo	胞子兽ᶻ	【動】胞子虫類(Sporozoa)=胞子を形成する寄生性の原生動物群。学術版55348 sporozo/oj:Vd zoo ①(=57034 zo/o「複合語中で『動物』の意」)。実質的定義は相互参照から確定: 48546 gregarin/oj「Subklaso (Gregarina) de sporozooj」、50497 kokcidi/o「Subklaso (Coccidia) de sporozooj, parazitantaj en c^eloj」、44856 alveol/ul/oj が ciliuloj/sulkoflageluloj と並べて sporozooj を原生動物に列挙。		学習者版55348 spor/o/zo/oj⟦胞子/o/兽ᶻ/oj⟧を実確認。胞子 はsidecar6034 spor=胞子(学習者版37720 spor/o⟦胞子/o⟧=【生】胞子)、兽ᶻ はsidecar1439 zo=兽ᶻ(学術版57034 zo/o⟦兽ᶻ/o⟧「Animalo vs (en kunmetaj^oj): zoosporo, zoosterolo 等」)。胞子兽ᶻ=「胞子の(を作る)動物」で語釈と一致=R4合格。兄弟 proto/zo/oj⟦原ᴾᵀ/兽ᶻ⟧・meta/zo/oj⟦超ᴹ/兽ᶻ⟧・bri/o/zo/oj⟦苔ᴮ/兽ᶻ⟧・ekin/o/zo/oj⟦海胆/兽ᶻ⟧・mez/o/zo/oj⟦中/兽ᶻ⟧と完全に同型。なお 兽 は中国語では本来『獣(哺乳類)』で単細胞の原生動物にはやや広すぎるが、これは -zo-=兽ᶻ という体系全体の既定固定形態素(protozoo も同じ性質)であり本件が新たに持ち込む誤りではない。sidecarに胞子兽ᶻ は0件=衝突なし。
ACCEPT	teleau^tograf	远自ᴬ记ᴳ	書画電送装置(テロートグラフ)/書画電送する。学術版40091-40092 `teleau^tograf/i:［他］書画電送する` / `teleau^tograf/o:書画電送装置,（商標）テロートグラフ`		学習者版40092 `tele/au^t/o/graf/o⟦远/自ᴬ/o/记ᴳ/o⟧`。3成分すべて台帳で裏が取れた。(1) tele=远 は _kanji_map_master.tsv `pref tele 远`。(2) au^t=自ᴬ は _homonym.tsv の sep エントリで、disc に `tele/au^t/o/graf/i,tele/au^t/o/graf/o` が明示列挙されている(基本形 au^t/o=车「自動車」とは別エントリとして正規登録済み)。(3) graf=记ᴳ は `sci graf 记`(sidecar 记ᴳ, F=123)が既定で、伯(伯爵)の方が sep 側の例外。よって「遠隔+自動+記録」で書画電送装置の意味が論理的に導ける。音訳成分なし。商標義は第2義で、第1義は普通名詞の装置名なので §7 非該当。全字が一級3500(远/自/记 各1件で確認)。
ACCEPT	urgener	尿ᵁᴿ生ᴳᴿ	泌尿生殖器の(urogenital)。学術版57388「Rilata k al la genera k al la urina aparatoj」= 生殖器系と泌尿器系の両方に関わる。		学習者版57388 ur/gener/a⟦尿ᵁᴿ/生ᴳᴿ/a⟧。これも同綴別語の分離が登録済みのケース。_homonym_disp.tsv:72 が sep で ur→尿ᵁᴿ を宣言し、対象語に ur/gener/a, ur/o/gener/a を明記、注記『uro-(尿)→尿。オーロックスur/o(原牛)は維持。uro/log/uro/grafiは既に尿ᵁᴼ』。実際 _kanji_map_master.tsv 4484行の ur は 原牛(オーロックス Bos primigenius)であり、識別子ᵁᴿが無ければ『原牛生』=野牛の生殖という誤読になるところを構造的に回避している。_identifier_alias.tsv も『尿 uri ur ギリシャ語 ur-/uro-/-uria の同一尿形態系。既定 homonym ur=尿ᵁᴿ を共有』と裏づけ。gener=生ᴳᴿ は sidecar 908行(pejvo F=18)で、裸 生=nask、生ᴳ=gen、生ᴮᴼ=bio 等と識別子で分離済み。『尿+生殖』は語釈 genera k urina aparatoj と一対一対応で R4 透明。表面同形0、監査違反なし。
ACCEPT	urogener	尿ᵁᴼ生ᴳᴿ	泌尿生殖器の。生殖器系と泌尿器系の両方に関するもの。学術版57389 `urogener/a:【解】【PIV】Rilata k al la genera k al la urina aparatoj.`	YES	学習者版57389 `uro/gener/a⟦尿ᵁᴼ/生ᴳᴿ/a⟧`。★同綴別語の疑いを潰した: 単独語根 ur/o は学術版42290 `ur/o⟦原牛/o⟧:【動】オーロックス(原牛)` で全く別だが、結合形 uro- は _kanji_map_master.tsv `content uro 尿` + sidecar `"uro" "尿" "uo" "ᵁᴼ" "尿ᵁᴼ" piv F=3` として別エントリで登録済み。_homonym.tsv にも `ur→尿ᵁᴿ` の sep(disc: `ur/gener/a,ur/o/gener/a`、注記「オーロックスur/o(原牛)は維持。uro/log/uro/grafiは既に尿ᵁᴼ」)があり、二重に裏が取れる。姉妹 uro/grafi/o⟦尿ᵁᴼ/志ᴳ⟧ と一貫。gener=生ᴳᴿ は学術版12768 `gener/a⟦生ᴳᴿ/a⟧:生殖の` の基本形。「尿+生殖」で語義と完全一致。
HOLD	arkipter	首ᴬ翅	【動】アルキプテラ Archiptera(PIV k2787、廃止された旧・昆虫目。カゲロウ・トンボ・シラミ・シロアリを含む原始有翅昆虫群。ark.=archaïsme表示)		REJECTするほど明白な誤りではないが、単独ACCEPTもできない設計上の争点あり。良い側: pter=翅 は _kanji_map_master.tsv:6004(sci)で確立した生きた形態素で、di/pter=双翅(_homonym.tsv:53に掲載)・arkeo/pterig/o⟦古ᴬᴼ/翅ᴾᴳ/o⟧(始祖鳥)と同型。arki=首ᴬ も map:4643+sidecar:255 の固定描画で、arki/duk⟦首ᴬ/公爵⟧・arki/ang^el⟦首ᴬ/天使⟧と文脈非依存に一致しており固定形態素描画は破っていない。PIVも arki/(k2779)=ĉef/ と定義。懸念側2点: (1) Archiptera の arkhi- は『首位(ĉef)』ではなくギリシャ語『原初/原始』の意で、本体系はその概念を既に別語根 arkeo=古ᴬᴼ(map:3477)として持ち、まさに同型語 arkeo/pterig=古ᴬᴼ翅ᴾᴳ で使っている。首ᴬ翅 と 古ᴬᴼ翅ᴾᴳ が『原始有翅類』という同一概念に二系統の描画を与える。(2) 語源のみのarki-を持つ他語根(arkitekt=建筑・arkipelag=群岛・arkiv=档ᴬ・arkiteu^t=贝ᴬᴿ)は全て未分割の丸ごと語根として扱われており、arkipterだけ分割する扱いの線引きが要裁定。ユーザー判断事項: (a)首ᴬ翅で確定するか、(b)arkipterをラテン維持し学習者版13404側の分割も撤回するか。
HOLD	jodit	碘盐ᴶᴵ	【化】亜ヨウ素酸(塩)を表す -it 系語根。学術版での唯一の出現は59075 `hipo/jodit/a⟦亚/jodit/a⟧:【PIV】Epiteto de acido HIO.`(次亜ヨウ素酸 HIO の形容詞)。対応する学習者版59075 は `hipo/jod/it/a⟦亚/碘/盐ᴵ/a⟧`。		意味・成分は正しいが、提案の識別子が学術版側の family 慣例と食い違う。①-at/-it 塩の whole-root は学術版で確立した書式がある: -at 側が無印、-it 側が「語根頭字+i」の2字識別子。実測(_identifier_sidecar.tsv / 学術版本文): jodat=碘盐(無印)・sulfat=硫盐 / sulfit=硫盐ˢᴵ・klorat=氯盐 / klorit=氯盐ᴷᴵ・nitrat=氮盐 / nitrit=氮盐ᴺᴵ・fosfat=磷盐 / fosfit=磷盐ᶠᴵ・plumbat/plumbit=铅盐/铅盐ᴾᴵ・stanat/stanit=锡盐/锡盐ˢᴵ。この規則に従えば jodit は 碘盐ᴶᴵ。②提案の 碘盐ᴵ は学習者版の注入トークン 盐ᴵ(_inline_tokens.tsv 20行 `盐ᴵ it $chemSaltLine 化学塩 -ite(亜リン酸 fosf/it/a=磷/盐ᴵ)`)をそのまま連結したもの。学習者版が 磷/盐ᴵ・学術版が 磷盐ᶠᴵ と既に二層で書式が分かれている以上、学術版側だけ jodit に 盐ᴵ 方式を持ち込むと兄弟5語根と不揃いになる。③逆引き一意性はどちらでも保たれる(碘盐=jodat / 碘盐ᴵ or 碘盐ᴶᴵ=jodit)ため機械監査では落ちない=人手裁定が必要。④裁定事項: 案Aの機械的連結(碘盐ᴵ)を優先するか、-it 塩 family の既存書式(碘盐ᴶᴵ)を優先するか。実務上は後者を推奨(family 内5件の先例があり、識別子生成規則とも整合)。⑤学習者版の描画 碘/盐ᴵ 自体は自層の規則どおりで誤りではない。
HOLD	kaloz	茧糖ᴼ	二義同綴。①【化】カロース callose(PIV k? kal/o派生形: グルコース重合体(C6H10O5)n、篩管を冬季に塞ぐ多糖) ②【解】脳梁 corpus callosum(PIV k19966 の独立語根 kaloz/o: 両大脳半球間の白質板)		化学義の描画自体は正しい。kal=茧(map:5816, 胼胝/callus)+oz=糖ᴼ(_homonym.tsv:197の糖disc listに kal/oz/o が明示掲載)で 茧糖ᴼ=カロース は語源(篩管のkalo由来)通りで透明。問題は充填先の一意性: 学術版49821(化学)と49822(解剖)は【どちらも同一キー kaloz/o:】であり、語根レベルで kaloz→茧糖ᴼ を入れると49822の脳梁まで『胼胝の糖』と描画されてしまう。PIVでも 48342(kal/o派生形kalozo=化学)と 48866(kaloz/o=解剖、独立ID k19966)が別語根として分離されている。既存の語単位disc機構では両行のキーが同一文字列のため弁別不能で、$chemSaltLine と同型の【語釈レベル判定】(Glucido/polimero を含む行のみ発火 等)を新設するか、homonym二層機構で行を分けるかの実装裁定が要る。なお学習者版49822は 茧/oz と oz をラテン残しにしており([F]不整合)、化学義49821のみ 茧/糖ᴼ。ユーザー裁定事項: (a)化学義だけ語釈gate付きで鏡像充填し解剖義はラテン維持、(b)両義とも充填せず据置。
HOLD	katet	股小	直角三角形の直角をはさむ辺(cathetus/勾股の股)。学術版50167 `katet/o:【数】【PIV】C^eorta latero de triangulo. Vd hipotenuzo.`		学習者版50167 `kat/et/o⟦股/小/o⟧`。股 は語根の固定描画ではなく語釈スコープの inline rule で、_inject_final.ps1 L282 `elseif(($s -eq 'kat') -and $idx -eq 0 -and ($rest -match 'latero.*triangul|C^eorta latero')){ $tok='股' }`(2026-07-18)。kat の固定描画は 猫(map 459行/sidecar 1737行 basic 27回)であり、鏡像の定義どおり固定描画を連結すると 猫小=子猫(実在: 学習者版17559 `kat/et/o⟦猫/小/o⟧ 小猫`)になってしまう。すなわち本候補は固定描画の連結ではなく「注入後の表示面」を写したもので、鏡像の生成手順から外れている。加えて(1)裸字 股 の所有者は koks(sidecar 4734行 basic 8回、koks/o=腰・koks/a・koks/it/o 等が稼働)、小 の所有者は et(sidecar 182行 suf 655回)なので、股小 は逆引きで koks/et「小さい腰」に解け、kateto に解けない。(2)そもそも kateto は希 káthetos(垂線)由来で -et- 縮小辞は存在せず、小 は偽分解由来の余剰成分で「小さい股」という誤読を持ち込む。(3)副作用: 裸根 katet を map に入れると学習者版50200 `katet/o/metr/o⟦katet/o/计ᴹ/o⟧`(現在 katet ラテン)が 股小/o/计ᴹ に変わる。股 自体は中国数学の勾股(直角边)で語義に完全一致する優れた字なので、`katet=股+新識別子` のような非鏡像の割当なら価値があるが、それは鏡像充填の枠を超えるためユーザー裁定が必要。学習者版の 股/小 表示自体は語釈が隣接する版では有用で、2026-07-26 第13レンズ裁定(faithful mirror は現状維持)に照らしても変更不要。
HOLD	okzalil	酸模基ᴵ	オキサリル基。学術版52689「La grupo-CO-CO-: okzalila klorido, (COCl)2」= -CO-CO- 基(シュウ酸に由来する二価アシル基)。okzal はスイバ/酸模(Rumex)で、okzalata acido=シュウ酸の語根。	YES	意味は正しいが識別子が裸で、案A(識別子込み)の目的を破るため保留。【正しい点】酸模=okzal は sidecar 8356行(pejvo F=2)の正所有者で、okzal/o=【植】スイバ(酸葉)、okzal/at/a acid/o⟦酸模/盐ᴬ/a 酸/o⟧=シュウ酸と系列が通っている。化学 -il(-yl 原子団)→基 も _inject_final.ps1:268 が2026-07-23に okzal を明示的にアルキル語幹リストへ追加した意図的措置(注記に「オキサリル=La grupo/radiko【化】」)。【問題】裸の 基 は baz(基礎)の裸字所有(sidecar: baz=基 basic F=47)。そのため 酸模基 は okzal+baz(『スイバの基礎』)に復号されてしまう——これは第27回続62で案Aを採用した理由そのもの(『裸鏡像だと成分が別語根の無印に読める』)。しかも _homonym_disp.tsv:33 は化学-ilの正規描画を 基ᴵ と宣言済みで、aceton/il/o⟦aceton/基ᴵ⟧・benzo/il/o⟦安息香/基ᴵ⟧・karbon/il/o⟦碳/基ᴵ⟧等はすでに 基ᴵ で出ている。プロジェクト自身の _audit_output_identifier_integrity.ps1 も『学習者版:52689 okzal/il/o [il] => naked 基』を裸groupkey違反(208件中)として検出する。【是正案】(a) _inject_final.ps1:268 の $tok='基' を '基ᴵ'(=_homonym_disp.tsv:33 の overrideDisp)に統一し、学習者版を 酸模/基ᴵ にしたうえで鏡像 酸模基ᴵ を入れる。ただしこの修正は et/il・met/il・alk/il・fen/il・naft/il・prop/il・but/il・pirid/il・sulfon/il・sulfur/il・nitrozo/il・salik/il 等13行以上に波及するためユーザー裁定が必要。(b) 暫定的に鏡像だけ 酸模基ᴵ を入れると学習者版と食い違うので不可。→ 先に(a)の裁定を得てから充填すべき。
HOLD	rinkocefal	嘴ᴿ头ᶜ	喙頭目 Rhynchocephalia。学術版54439「Ordo (Rhynchocephalia) de reptilioj, kiujn karakterizas ostaj pontoj en la kranio; nur unu nun vivanta sp., sfenodonto」= 頭蓋に骨橋を持つ爬虫類の目、現生種はムカシトカゲのみ。語源 rhyncho-(嘴・吻)+cephal(頭)。	YES	意味は完全に正しいが、rink の描画が裸で他語根の所有字を借りているため保留。【正しい点】头ᶜ=cefal は sidecar 816行(pejvo F=16)で cefal/o・hidr/o/cefal・akant/o/cefal・holo/cefal 等と同一の登録描画。rink=嘴(希 rhynchos=嘴)も _inject_final.ps1:256 が明示的に『rink/o/cefal(Rhynchocephalia喙頭目=嘴/头)』として2026-07-18に発火条件を cefal へ拡張した意図的措置で、意味は正しい。【問題】裸 嘴 は bek(くちばし)の裸字所有(sidecar 3824行 bek=嘴 basic F=21)。よって 嘴头ᶜ は bek+cefal に復号される。さらに _context_identifier_sidecar.tsv:5(rink.beak)は rink の正規描画を 嘴ᴿ と宣言しているのに、注入側の inline ルールが裸 嘴 を出すため両者が矛盾している。実際 _audit_output_identifier_integrity.ps1 は『28794 ornit/o/rink/o [rink] 嘴 != 嘴ᴿ (rink.beak)』(context表示不一致239件)と『54439 rink/o/cefal/oj [rink] => naked 嘴』(裸groupkey208件)の両方を検出する。【是正案の2択(要裁定)】(a) _inject_final.ps1:256 の $tok='嘴' を '嘴ᴿ' にして sidecar 宣言と一致させ、鏡像は 嘴ᴿ头ᶜ にする(影響は ornit/o/rink/o と rink/o/cefal/oj の2行のみで軽微)。(b) rink は bek と同義(どちらも嘴)なので _identifier_alias.tsv に『嘴 rink bek』を追加して同一形態系aliasと認定し、裸 嘴 を正当化して鏡像 嘴头ᶜ を採る(uri→ur、mes/meso→mez、kastan→kas^tan と同じ扱い)。(b)なら意味的にも『嘴+头=喙頭』で読みが正しく、影響は最小。どちらでも可だが台帳の宣言と出力の食い違いは先に解消すべき。
HOLD	sulfuril	硫ˢᴿ基ᴵ	【化】1 無機物質名における基 ≻SO2(スルフリル基。sulfurila klorido, SO2Cl2)。2 硫黄処理をする器具。学術版55627 の PIV 語釈に2義併記。	YES	意味は正しいが提案文字列の識別子が誤り。①裸の 基 は baz が所有(_identifier_sidecar.tsv: baz=基 無印 basic F=47、fundament=基ᶠ、bazament=基ᴮᴹ)。したがって 硫ˢᴿ基 は「硫黄+baz(塩基)」と読めてしまう。化学文脈では十分にありうる誤読で、これは §14.2.1続62 が案Aを採用した理由そのもの(『裸鏡像だと成分が別語根の無印に読める(火症=fajr+fobi・切能=tranc^o+pov)』)に真正面から抵触する。②化学ラジカル -il の台帳描画は 基ᴵ(_homonym_disp.tsv 33行 `il sep aceton/il/o,benzo/il/o,form/i/il/o,fosfor/il/o,jod/il/o,karbon/il/o,kromi/il/o… 基 基ᴵ`)。実際 学習者版でも aceton/il/o⟦aceton/基ᴵ/o⟧・benzo/il/o⟦安息香/基ᴵ/o⟧・fosfor/il/o⟦磷ᶠᴿ/基ᴵ/o⟧・jod/il/o⟦碘/基ᴵ/o⟧ は 基ᴵ。③★学習者版の描画自体の不整合: sulfur/il/o だけ 硫ˢᴿ/基(裸)になっているのは、台帳経路とは別の第二経路 `_inject_final.ps1` 268行 `elseif(($s -eq 'il') -and … (@('fen','alk','naft','nitrozo','sulfon','sulfur','pirid','okzal','en','salik') -contains $segs[$idx-1])){ $tok='基' }` が識別子なしの '基' を直に埋めているため。同じ -il が台帳経路では 基ᴵ、注入経路では 基 になる二重基準で、_inline_tokens.tsv にも未登録。是正案: 268行の $tok を '基ᴵ' に変更し、鏡像は 硫ˢᴿ基ᴵ とする。④ユーザー裁定が要る点: 学術版の旧鏡像 family は裸の 基(jodil=碘基・karbonil=碳基・fosforil=磷基・benzoil=安息香基・formiil=形基・kromiil=金基)なので、案A(基ᴵ)に寄せるか旧family(裸 基)に合わせるかは方針判断。⑤付随: sulfurilo は2義あり、第2義「硫黄処理器具」は器具-il=具 系(旧 _sweep_pool_20260719.tsv では 硫ˢᴿ/具/o だった)。鏡像は PIV 第1義(ラジカル)のみを担う点も明示が必要。
HOLD	tornad	旋行	竜巻。学術版56315 `tornad/o:【気】【PIV】Fortega rotacianta atmosfera perturbo lau^diametre relative malgranda. Vd ciklono, trombo.`(直径の割に小さい、激しい回転性の大気擾乱)		学習者版56315 `torn/ad/o⟦旋/行/o⟧` の 旋 は固定描画ではなく語釈スコープの inline rule。_inject_final.ps1 L283 `elseif(($s -eq 'torn') -and ($rest -match 'rotacianta')){ $tok='旋' }`(2026-07-18)。torn の固定描画は 车ᵀᴺ(map 2956行/sidecar 2126行 pejvo 10回)で、同綴の 40841行 `torn/ad/o⟦车ᵀᴺ/行/o⟧:旋盤加工` が本来の描画。したがって固定描画の連結という鏡像の定義に照らすと本候補は生成手順から外れている(定義どおりなら 车ᵀᴺ行=旋盤加工 になり竜巻として誤り)。加えて裸字 旋 の所有者は gir(sidecar 6110行 `gir 旋 pejvo 5回` 識別子なし。学習者版48352 `gir/i⟦旋/i⟧:【PIV】Rondire turnig^i`=回転する)で、ciklon は 旋ᶜ、spiral は 旋ˢ、rotaci は 旋ᴿ と全て識別子付き。よって 旋行 は逆引きで gir/ad「回転すること」に解け、tornad に一意に解けない(gir/ad/o は現時点で未出現だが構成可能な自然語で潜在衝突)。意味面でも、既に tromb=龙卷(map 3356行、中国語で竜巻そのもの)・ciklon=旋ᶜ が近傍にあり、tornado に 旋行 という汎用的な「回転+行為」を与えると 龙卷/旋ᶜ/旋行 の三分裂になる。ただし語釈の rotacianta とは矛盾せず明白な誤りでもないため、(a)ラテン維持、(b)旋+新識別子、(c)龙卷系への統合、のいずれを採るかユーザー裁定が必要。学習者版の 旋/行 表示自体は語釈隣接の版として現状維持で問題ない。
REJECT	agami		agamia = 無性の・無性生殖する(学術版44547 `agami/a:【PIV】(evitinda) 1 = nesekse reproduktig^anta. 2 = neseksa, senseksa.`)。ただし同綴の agami/o は【動】ラッパチョウ Psophia crepitans(学術版44548)		意味論的には 无ᴬ(a-privative)/配ᴳ(gami) = 「無配偶=無性」で正しい(无ᴬ は _inject_final.ps1 L112 $privDisp の確立した描画、gami=配ᴳ は sidecar 4271行)。しかし裸根 `agami` は既に別語根として埋まっている: _kanji_map_master.tsv 6645行 `piv agami 鸟`、_identifier_sidecar.tsv 1066行 `agami 鸟 ag ᴬᴳ 鸟ᴬᴳ piv 1`、_p_work.csv 6633行。学術版44548 `agami/o⟦鸟ᴬᴳ/o⟧` が現に稼働中。よって根レベル鏡像 无ᴬ配ᴳ を入れると鳥の割当を破壊する。さらにこの件は既裁定: _inject_final.ps1 L145 `'agami/a'=@('agami')   # 無性の(agamia=…)→agamiラテン。ラッパチョウagami/o=鸟(Psophia)の偽の友…正本がagami whole分解ゆえ理想の无配は不可・誤読除去優先。2026-07-21 第27回`。すなわち学術版で agami/a がラテンなのは「鏡像未充填の穴」ではなく、偽友回避のため意図的にラテン退避させた結果。根レベル鏡像では解決不能で、可能なのは語スコープ($segLat と同層の語単位override 'agami/a'→无ᴬ配ᴳ)のみ。これは既裁定の再開になるためユーザー裁定が必要。候補リストの前提(「学術版でラテン=鏡像の穴」)自体がこの語では誤り。
REJECT	aldoz		アルドース。アルデヒド基を持つ単糖類。学術版60165 `aldoz/o:【化】【PIV】Aldehida monosakarido.`	YES	★同綴別語の取り違え(指摘された失敗様式そのもの)。学習者版60165 `ald/oz/o⟦中音/糖ᴼ/o⟧`。中音 は学術版1056 `ald/o⟦中音/o⟧:{Ｏ}【楽】アルト,=kontralto` すなわち**声域のアルト**であり、_kanji_map_master.tsv は `pejvo ald 中音`、sidecar も `"ald" "中音" pejvo F=8` の1エントリのみ。aldoz の ald は aldehid(アルデヒド)の結合形で、音楽のアルトとは無関係。よって 中音糖ᴼ は「アルト声部の糖」という無意味な描画で、鏡像に入れれば誤りを増幅する。_homonym.tsv/_homonym_disp.tsv/_context_sense.tsv のいずれにも ald の sep/文脈エントリは存在せず(grep 済み・0件)、oz→糖 の disc には `ald/oz/o` が入っているのに ald 側だけ是正が漏れている。 【是正案】(1) 恒久策: aldehid は本体系で一貫してラテン維持(学習者版1049 `aldehid/o` 無割当、171 `acet/aldehid/o⟦醋/aldehid/o⟧`、45061 `aniz/aldehid/o⟦果ᴬ/aldehid/o⟧` いずれも aldehid はラテンのまま)。よって化学文脈の ald も **ラテン維持**とし、_inject_final.ps1:139 の `jod/oz/o` と同型の segLat 規則(【化】ゲート+後続分節 oz/ol)で `ald/oz/o`・`ald/ol/o` の ald をラテン化するのが体系整合的。結果は `ald/糖ᴼ/o`。漢字化案(醛糖)は 醛 が二級(実測: 一级=0/二级=1)で R2 違反のため不可。(2) 同じバグの巻き添え: 学習者版44717 `ald/ol/o⟦中音/ol/o⟧`(アルドール)も同一原因で誤描画。是正は 2 語同時に行うこと。ald/a bekflut・ald/ist・ald/o/violon・ald/ul(音楽義)は 中音 のまま正しい。
REJECT	ensintez		【化】ジエン合成(Diels-Alder反応)。PIV k10191 -en/③【化】= 不飽和炭化水素のC=C二重結合1個を示す接尾辞(eteno/buteno/hekseno/menteno)の派生形として ensintezo が立項され「Kondensado kun konjuga ensistemo laŭ O. Diels k K. Alder, 1928」= 共役アルケン系(=共役ジエン)との縮合	YES	最も明確な同綴別語の取り違え。PIV2020_structured.txt の -en/ 見出しは5同音異義に分かれており、ensintezo は k10191(=化学の-en-, アルケン/エン)の Derived form として掲載されている。前置詞 en(k10181, =内)でも円 en/o(k10195)でも動物学の-en(k10190亜科)でもない。学習者版47217 の en/sintez/o⟦内/合ˢ/o⟧ は『内部の合成』を意味してしまい、実体『共役エン系による付加環化』とは無関係。R4違反(内+合からDiels-Alder反応は推測不能)。learner_wrong=true。是正案: 本体系は化学の-en-系を一貫してラテン維持している(学術版46174 buten/o:、46712 dien/o:、47454 eten/o:、53909 propen/o: はいずれも漢字なし。烯 は一级3500外でR2により使用不可、_kanji_map_master.tsv内の出現0件)。よって ensintez/o も分割せずラテン1語根に戻すのが既存方針と完全に整合する。鏡像充填は不可。
REJECT	farad		【理】ファラド(電気容量のSI単位、F)。Michael Faraday の人名由来のエポニム単位。学術版10505 `farad/o:【理】ファラド（電気容量の単位、Ｆ）` はラテンのまま、直後の10506 に `Farad/o:【人名】ファラデー（イギリスの物理学者、1791-1867）` が並ぶ。	YES	三重に不可。①§7: 人名由来SI単位はラテンが正。方針書§14 続40のユーザー裁定に直接前例あり=「kuri(Curie由来=単位キュリー・元素キュリウム) → ラテン統一。キュリー夫人の人名ゆえ§7扱い。居里は音訳でR4違反」。学術版の兄弟単位も全てラテン(amper/henr/herc/kelvin/kulomb/paskal/sivert/veber/volt。漢字化されているのは既存字 瓦ⱽ を持つ vat のみ)。②表示衝突: 做行 は学術版で既に far/ad が占有している(10507 `far/ad/o⟦做/行/o⟧:製造,行動`、27236 `nenio/far/ad/o⟦无o/做/行/o⟧`。学術版内に 做/行 が14件)。farad=做行 を入れると同一ファイル内で「ファラド」と「製造・行動」が完全同形になる。③§3.1「偽分解の発明禁止」: atomic な外来語・固有名を綴り一致で機械分解するのは禁止。学習者版側の是正案: 10505 の `far/ad/o⟦做/行/o⟧`(単位義) はアプリの小文字正規化衝突(Farad/o人名 vs farad/o単位 vs far/ad/o行為)を回避するための学習者版限定ハックで `##偽分解(衝突語)` 明示済み。Phase183 の記録でも「far/ad を出してよいのは裸の farado のみ」と裁定され、実際 mikro/farad/o⟦微/farad/o⟧・piko/farad/o は farad を一塊ラテン保持している。つまり単位義の描画 做行 は R4 的には誤りだが既知・文書化済みの学習者版限定の妥協であり、学術版へ写してはならない(写せば妥協が正本化する)。
REJECT	ferik		【化】第二鉄の(ferric = 鉄(III)の)。学術版10782行 `ferik/a:【化】第二鉄の`	YES	学習者版10782 `fer/ik/a⟦铁/学ᴵ/a⟧` の 学ᴵ は誤り。学ᴵ の実体は 14925行 `-ik-⟦学ᴵ⟧:［学術接尾辞］（〜論・〜学を示す）` すなわち -ology/-ics の学問接尾辞であり(balist/ik=弓炮/学ᴵ 弾道学、komput/ik=算ᴷᴹ/学ᴵ 計算機科学、metod/ik=法ᴹ/学ᴵ 方法論 等12用例すべて学問名)。ferika の -ik- は原子価(-ic vs -ous)を示す化学接尾辞で学問とは無関係。鏡像 铁学ᴵ は「鉄学(ferrology)」と読め、R4(意味の透明性)違反。決定的な内部証拠として、対の語 feroz/a(第一鉄の ferrous)は 10824行 `fer/oz/a⟦铁/oz/a⟧` で oz をラテン維持している。ik も同様にラテン維持が整合的で、学ᴵ を語根表に固定値として書き込むのは誤りの格上げになる。なお _inject_final.ps1 L97 は 2026-07-26 第13レンズのユーザー裁定で「fer/ik/a学ᴵ」の学習者版ラテン化を撤回済み(語釈が隣にある学習者版では現状維持)だが、これは学術版の裸根mapに 铁学ᴵ を authoritative 値として登録することまで承認したものではない。是正案: 学術版は ferik ラテン維持(feroz と対称)。学習者版も 铁/ik/a が理想だが第13レンズ裁定により現状維持でよい。
REJECT	grenadil		【植】クダモノトケイソウ/パッションフルーツ(PIV k15489: Passiflora edulis、熱帯南米原産の多年生つる植物とその食用液果)。軍事とは一切無関係	YES	典型的な同綴別語の取り違え。手雷=grenado(手榴弾, PIV k15487)、具=-il-。grenadilo は grenad+il ではなく grenadil 単独語根(PIV k15489)で、綴りが偶然重なるだけ。決定的証拠が3点: (1) 学術版13404 は grenadil/o: とラテン維持なのに、13405 に別項 grenad/il/o⟦手雷/具/o⟧:【軍】てき弾筒 が存在する。鏡像を入れると『パッションフルーツ』と『てき弾筒』が同一表示 手雷具 になる完全な表示衝突。実際 手雷/具 は学習者版に2回出現し、その2件がまさにこの13404(誤)と13405(正)。(2) 学術版・学習者版とも48550 は grenadil/ber/o⟦grenadil/浆果/o⟧ で grenadil をラテン1語根として扱っており、13404の grenad/il 分割と自家撞着。(3) R4致命: 手雷(手榴弾)+具(道具)から『トケイソウの実』は論理的に推測不能。learner_wrong=true。是正案: 学習者版13404を grenadil/o: (ラテン、48550と同粒度)に戻し過細分解を止める。漢字を当てるなら学術版53115 pasiflor/o⟦草ᴾᴬˢ/o⟧(トケイソウ属)と同系の既存字で、新字ゼロを守りつつ 草ᴾᴬˢ 系または果実字に寄せる方向をユーザーに諮る。いずれにせよ 手雷具 は不可。
REJECT	onj		おばちゃん(onklino=叔母/伯母 の愛称形)。学術版28465 onj/o:おばちゃん,>>onklino。		★§9(字+識別子→語根の一意復号)違反。女ᴺ は既に語根 nj の描画として確定済み(_identifier_sidecar.tsv 240行: nj 女 n ᴺ 女ᴺ pejvo)。onj にも女ᴺを与えると 女ᴺ→{nj, onj} の2語根に復号され、第9レンズが保証する分節一意復号が壊れる(候補11件中、sidecarに既出の描画は本件のみ=grep実測1件、他10件は0件)。さらに(a)鏡像として不忠実: 学習者版28465 は o/nj/o⟦o/女ᴺ/o⟧ で先頭のoはラテン残りであり、これを落とすと nj の描画と字面が完全一致してしまう。(b)R4違反: onjo の意味は「おばちゃん(叔母)」だが 女ᴺ が伝えるのは「女子の愛称接尾辞」だけで、叔母の意が全く推測できない(-nj-の定義は27614 -nj-⟦女ᴺ⟧「女子の愛称を示す」)。学術版はラテン維持(現状)が正。もし被覆を上げたいなら 女ᴺ の再利用ではなく『叔母の愛称』を表す別描画の新規裁定が要る=ユーザー案件。学習者版 o/nj/o⟦o/女ᴺ/o⟧ 自体は##偽分解と明示された固定形態素描画として一貫しており、是正不要。
REJECT	portovin		ポートワイン=ポルトガル北部産の甘口ワイン。学術版53731 portovin/o:Dolc^a vino el N Portugalio。語源はポルト市(Porto/Oporto)の地名で、porti(運ぶ)とは無関係。	YES	★固有名(地名)の取り違え=§7違反。学習者版53731 は port/o/vin/o⟦运/o/酒/o⟧ と描画しているが、运 は語根 port『運ぶ』の描画(map272 content port 运、学習者版31323 port/i⟦运/i⟧「持ち運ぶ」)であり、portovino の port は地名 Porto。同辞書は Porto を地名として一貫してラテン維持している(31337 Porto-Algr/o, 31338 Porto-Nov/o, 31339-31340 Porto/Princ/o, 31341 Porto-Rik/o, 31342 Portospen/o はいずれも漢字化していない)。よって語根レベルで 运酒=「運ぶ酒」を学術版に固定描画として登録することは、地名をラテン維持する§7に正面から反し、R4の意味透明性も満たさない(「運搬用の酒」と誤読される)。学術版は現状のラテン維持が正で、鏡像を入れてはいけない。★★重要な留保: 学習者版の 运/酒 については _inject_final.ps1 L85-99 に第13レンズ(2026-07-26)のユーザー裁定が明記されており、『port/o/vin/o运/酒(ポートワイン)』は far/ad/o做/行(ファラド)・silvi/kultur/o莺/耕 等と共に「ラテン化は全部撤回=現状維持で正」の群に列挙済み(理由: 語釈が隣にある faithful mirror をラテン化するのは被覆の後退)。したがって学習者版側の是正は再提案不要=触らないこと。本REJECTは『学術版に語根鏡像を新設すること』だけを否定するもの。
REJECT	silvikultur		林業・造林(silvikulturo)。学術版54984 `silvikultur/o:【PIV】= arbarkultivo.` すなわち arbarkultivo(森林の栽培)と同義	YES	典型的な同綴別語の取り違え。学習者版54984 `silvi/kultur/o⟦莺/耕/o⟧` の 莺 は鳥のムシクイ属 Sylvia の字であり、ここの silvi は羅 silva「森」で全くの別語。証拠: sidecar 7302行 `silvi 莺 pejvo 3回`、学習者版36600 `silvi/o⟦莺/o⟧:{Ｏ}【鳥】オナガムシクイ（尾長虫喰）（属）`、54983 `silvi/ed/oj⟦莺/科ᴱ/oj⟧:【動】【PIV】Fam. (Sylviidae) de paseroformaj birdoj`。よって鏡像 莺耕 は「ムシクイを飼う/耕す」と読め、実際の意味(林業)と無関係で R4 違反。しかも本件は _inject_final.ps1 L96 に `silvi/kultur/o莺/耕(林業)` として偽友リストに明記されている既知案件で、2026-07-26 第13レンズ裁定は「学習者版のラテン化は撤回、ただし是正線は『適切な既存字への置換ができる時だけ是正』」と定めている。本件は置換先が実在する: 学習者版2255行 `arb/ar/kultur/o⟦树/群/耕/o⟧:=arbarkultivo（植林）` が PIV の等号先そのもの。是正案: 学術版の鏡像は 莺耕 でなく同義語の鏡像 树群耕 を用いる(新字ゼロ・既存割当の連結)。学習者版も silvi 分節を 树群 相当へ語スコープで是正するか、少なくとも 莺 を外す(この置換が可能な以上、第13レンズの是正線に照らして現状維持の対象外)。いずれにせよ 莺耕 を裸根 map に authoritative 値として書き込むのは不可。
REJECT	spionit		スパイ妄想/スパイ狂(PIV k42165 spion/o の派生形。(fm)しばしば国家の煽動により、周囲にスパイが蔓延していると疑い続ける人々の偏執=マニア)	YES	接尾辞の取り違え。語釈は『Manio(偏執・狂)』であって『スパイされた人/物』ではない。この -it- はPIV k18890①の受動完了分詞(-ito=процессを受けた人。kaptito=捕虜)ではなく、PIV k18895②【医】-it- = 器官名から炎症性疾患名を作る接尾辞(bronkito, apendicito, laringito)の戯言的転用(だからPIVは(fm familiara)と注記)。本体系は既にこの弁別を実装済みで、_inject_final.ps1:109 に $medIt = 炎ᵀ、_inline_tokens.tsv:21 に「医学-itis(炎症)…受動分詞-it-=受 と弁別」がある。実際 apendic/it/o⟦虫垂/炎ᵀ/o⟧・artr/it/o⟦节ᴬᴿ/炎ᵀ/o⟧ は炎ᵀ。spionit が 受 になっているのは _inject_final.ps1:110 の発火条件が $medStem(体部位語幹の白list)前置に限られ、spion がそこに無いための取りこぼし。谍+受=『スパイされた』でR4違反(『スパイ妄想』は推測不能)。learner_wrong=true。是正案: _inject_final.ps1:111 の $medItWord に 'spion/it/o'=$true を追加し(mitr/it/o と同じ語単位override機構)、学習者版55307を 谍/炎ᵀ に是正。その上で鏡像は 谍炎ᵀ とすれば ACCEPT 可能。現案 谍受 のままの充填は不可。
