aspleni	羊齿	【植】【PIV】G. (Genro) (Asplenium el aspleniacoj) de filikoj kun rozeto el folioj simplaj k in
psilot	羊齿	【植】【PIV】G. (Genro) (Psilotum el psilotacoj) de 2 sp-oj (specioj) tropikaj k subtropikaj.
azol	羊齿	【植】【PIV】G. (Genro) (Azolla el azolacoj) de 6 sp-oj (specioj) de tre etaj, flosantaj akvofi
ceterak	羊齿	【植】【PIV】Sp. (Specio) de asplenio (Asplenium ceterach), filiko kun longformaj, plume sed al
cistopterid	羊齿	【植】【PIV】G. (Genro) (Cystopteris el driopteridacoj) de malgrandaj filikoj kun 2−4-oble plum
davali	羊齿	【植】【PIV】G. (Genro) (Davallia el davaliacoj) de 34 sp-oj (specioj) de tropikaj k subtropika
densteti	羊齿	【植】【PIV】G. (Genro) (Dennstaedtia el denstetiacoj) de c^. (c^irkau^) 45 sp-oj (specioj) de 
driopterid	羊齿	【植】【PIV】G. (Genro) (Dryopteris el driopteridacoj) de filikoj kun 1−4-oble plume kunmetaj f
kriptogram	羊齿	【植】【PIV】G. (Genro) (Cryptogramma el adiantacoj), alpa k boreala, de 2 sp-oj (specioj) de f
nefrolepid	羊齿	【植】【PIV】G. (Genro) (Nephrolepis el nefrolepidacoj) de c^. (c^irkau^) 30 sp-oj (specioj) de
platiceri	羊齿	【植】【PIV】G. (Genro) (Platycerium el polipodiacoj) de epifitaj filikoj kun duformaj folioj, 
polistik	羊齿	【植】【PIV】G. (Genro) (Polystichum el driopteridacoj) de filikoj kun vertikala rizomo, kun ro
selaginel	羊齿	【植】【PIV】G. (Genro) (Selaginella el selaginelacoj) de plejparte herbecaj, tufig^antaj, musk
skolopendri	羊齿	【植】【PIV】Sp. (Specio) de asplenio (Asplenium scolopendrium) el Eu^ropo, pororname kultivata
blizard	雪暴	【PIV】Neg^os^tormo.
atol	环礁	【地理】環礁
asterisk	星号	【印】【情】アステリスク（＊）
avatar	化身	【宗】（ヒンドゥー教・仏教の）化身,権化,権現;《転》化身,具現
bastion	棱堡	{Ｏ}【軍】稜堡（りょうほう）;《転》砦（とりで）
bubal	水牛	{Ｏ}【動】スイギュウ（水牛）
atletik	田径	運動競技;【運】陸上競技
armistic	停战	【法】休戦（交戦当事者の合意による戦闘停止）,=militpau^zo,>>batalpau^zo
au^ditori	讲堂	{Ｏ}講堂
au^l	礼堂	（大学などの式典用）大講堂,大ホール
au^todidakt	自学	独学者,独習者
au^dienc	接见	{Ｏ}（公式の）引見
incest	乱伦	近親相姦（かん）,=sangadulto
kolostr	初乳	初乳
hort	果园	【PIV】G^ardeno de fruktarboj.
suicid	自杀	【法】【PIV】Ago, per kiu mortigas sin memkonscia homo kiu, povante elekti la vivon, elektas ta
oriel	凸窗	【建】【PIV】Speco de elstara fenestro, precipe c^e supra etag^o. Sin. (sinonimo) korbelfenestr
rampl	坡道	【建】【PIV】Dekliva vojo, ebliganta al veturiloj atingi la suprajn etag^ojn de konstruaj^o.
porc^	门廊	【建】【PIV】Antau^konstruaj^o c^e dompordo, destinita por s^irmi kontrau^ pluvo k vento. Vd al
pagod	佛塔	{Ｏ}【建】パゴダ,仏塔,>>stupao
adjutant	副官	{Ｏ}【軍】副官
instruktor	教官	【軍】【PIV】Milit-instruisto: min lasis regimenta instruktoro en lando, g^is miajn vundojn san
epolet	肩章	{Ｏ}【軍】（軍服の）肩章,肩飾り
salv	齐射	{Ｏ}【軍】一斉射撃
konskripci	征兵	【軍】【PIV】Sistemo de militista varbado per deviga servado en s^tata armeo.
okupaci	占领	【軍】【PIV】Uzurpa okupado de loko, lando ks (kaj simile, kaj similaj).
log^istik	后勤	【軍】兵站（へいたん）学,兵站業務,後方補給
c^an	击锤	{Ｏ}【軍】撃鉄
parlamentari	军使	【軍】【PIV】Tiu, kiu dum milito estas komisiita ektrakti kun la malamika komandanto au^ ties d
fortres	堡垒	【軍】（大規模で恒久的な）要塞（ようさい）,砦（とりで）,>>fortikaj^o
metempsikoz	轮回	{Ｏ}【宗】輪廻（りんね）
talisman	护符	{Ｏ}【宗】護符,呪符,（厄よけの）お守り,魔よけ,>>amuleto
duramatr	硬膜	【解】（脳の）硬膜,>>piamatro
piamatr	软膜	【解】（脳）軟膜,>>duramatro,>>araknoido
fasci	筋膜	【解】筋膜
korteks	皮质	【解】【PIV】Supraj^a tavolo de la cerebro k de la cerebelo, sidejo de la inteligento, de la ko
pou^p	船尾	【海】船尾,=s^ipvosto
s^anel	航道	【海】水路,水道,澪（みお）
hold	货舱	【海】船倉,=s^ipkelo
ref	缩帆	［自］【海】帆を縮める
envergur	翼展	【海】帆幅;【空】翼幅;【鳥】翼幅
ekscepci	抗辩	【法】抗弁,異議申立
diskreci	裁量	【法】【PIV】Libereco fari decidon lau^ sia propra jug^o, absolute au^ en certaj limoj: la disk
mediaci	调解	【法】【PIV】Procedo (ekz. (ekzemple) en internaciaj rilatoj, en laborkonfliktoj k.a. (kaj alia
jurisprudenc	判例	【法】（集合的に）判例,法解釈;=juroscienco（法学）
genocid	灭族	集団殺害;【法】ジェノサイド
tembr	音色	【楽】音色;【声】音色,=sonkoloro
moviment	乐章	【楽】楽章
nokturn	夜曲	【楽】夜想曲,ノクターン
uvertur	序曲	{Ｏ}【楽】（オペラ・オラトリオなどの）序曲,>>preludo
partitur	总谱	{Ｏ}【楽】総譜,スコア
refren	副歌	【楽】リフレイン,=rekantaj^o
variaci	变奏	【楽】変奏曲
kle	谱号	【楽】音部記号
dirigent	指挥	【楽】=orkestrestro（オーケストラ指揮者）
ofsajd	越位	《Ｎ》【運】（サッカーの）オフサイド
rau^nd	回合	【運】（ボクシングの）ラウンド,一勝負
remi	平局	《Ｎ》【運】（チェス・スポーツで）引き分け,無勝負,ドロー
kren	辣根	{Ｏ}【植】セイヨウワサビ,ワサビダイコン;【料】わさび大根
demarkaci	划界	【政】（国境などの）境界画定,>>limfiksado
oligark	寡头	{Ｏ}【政】寡頭制の支配者,少数独裁者
memorand	备忘	【政】（外交上の）覚書;（一般に）一件覚書
plebiscit	公投	【政】（居住地の帰属・統治者の選択に関する）国民投票,住民投票,プレビシット,>>referendumo
j^os	假植	［他］【農】仮植する
ajut	喷嘴	【機】噴射管,筒口,ノズル
rotor	转子	【機】回転子;【空】回転翼,ローター
intajl	凹雕	【機】（宝石の）沈み彫り,>>kameo
vajc	台钳	【機】万力（まんりき）,バイス
nimbus	雨云	【気】乱雲,=nimbostratuso;雨雲,>>pluvnubo
aliment	养费	【法】（離婚した配偶者への）扶養料,（子どもへの）養育費
au^tokton	原住	=pralog^anto（原住民）
fjord	峡湾	{Ｏ}【地理】フィヨルド,峡湾
kandelabr	烛台	{Ｏ}枝付き燭台
varang	肋板	【海】肋板（ろくばん）,船底床板;肋根材（ろっこんざい）
itiner	旅程	旅程,行程,=vojplano
denominator	分母	【数】分母,>>numeratoro
hipotenuz	斜边	【数】（直角三角形の）斜辺
nadir	天底	【天】天底,><zenito
timus	胸腺	【解】胸腺
klavikl	锁骨	【解】鎖骨（さこつ）
regeneraci	再生	=regenerado（再生）
mazut	重油	燃料油,=peza oleo
pterid	羊齿	【植】イノモトソウ（井之許草）（属）
alh^emi	炼金	{Ｏ}錬金術,=alkemio
amfibrah^	短长短	《廃》=>amfibrako
anarh^i	无政	{Ｏ}=anarkio
arh^ipelag	群岛	{Ｏ}=arkipelago
arh^itekt	建筑	{Ｏ}=arkitekto
arh^itektur	建筑	{Ｏ}=arkitekturo
hipoh^ondri	疑病	=hipokondrio
ih^tiosau^r	鱼龙	【古生】=iktiosau^ro
monarh^	君主	{Ｏ}=monarko（君主）
monarh^i	君主	{Ｏ}=monarkio（君主制）
oligarh^	寡头	{Ｏ}=oligarko
trih^ofit	毛癣菌	【PIV】= trikofito.
amiant	石棉	【PIV】= asbesto.
celsi	摄氏	【理】セ氏の,摂氏の,=celsiusa
ciklogir	直升机	【PIV】= helikoptero.
delikvesk	潮解	【PIV】(evi (evitinda)) = likveska.
difterit	白喉	{Ｏ}《古》【病】=>difterio（ジフテリア）
disel	柴油	【PIV】= dizelo.
ekzorciz	驱魔	=>ekzorci（悪魔をはらう）
emetrop	正视	【PIV】= eu^metropa.
glicine	大豆	【植】=glicino（ダイズ属）
goelet	帆船	【海】=skuno（スクーナー）
gveril	游击	【PIV】= gerilo.
hemati	红胞	【PIV】= eritrocito, rug^a globulo.
hipnoz	催眠	【PIV】= hipnoto.
hirak	蹄兔	【聖】【PIV】= prokavio.
impetigin	脓疮	【PIV】= impetigo.
ipekakuan	吐根	【PIV】= ipeko.
jahurt	酸乳	【料】=jogurto（ヨーグルト）
jaroviz	春化	【PIV】= vernalizi.
kadastr	地籍	【PIV】= katastro.
kariokinez	等分	【PIV】= mitozo.
kasuar	鹤鸵	【鳥】=kazuaro（ヒクイドリ）
kim	聚伞	【PIV】= cumo.
klau^str	修院	=klostro（回廊）
kolera	霍乱	【PIV】= h^olero.
kolesterin	胆醇	【PIV】= kolesterolo (Vd (vidu) sterolo).
kolimb	潜鸟	{Ｏ}【鳥】アビ（属）,=gavio
kolokint	药瓜	【植】=kolocinto（コロシントウリ）
krampf	抽筋	【医】=kramfo（けいれん）
lilak	丁香	【植】=siringo（ライラック）
limet	甜柠	【PIV】(evi (evitinda)) = limedo.
meringel	蛋白霜	《廃》=meringo（メレンゲ）
metakarpe	掌骨	【解】=metakarpo（中手）
meten	亚甲	【PIV】= metileno.
pasat	信风	【PIV】= alizeo.
paskvil	批文	{Ｏ}風刺文,=pamfleto
patat	甘薯	【植】=batato（サツマイモ）
piel	肾盆	【解】【PIV】= pjelo.
pingvin	企鹅	=>pingveno（ペンギン）
polikro	多色	【PIV】= pleokroa.
precedent	先例	【PIV】= precedenco.
ramfast	巨嘴鸟	【PIV】= tukano.
razen	草坪	芝生（しばふ）,=gazono,=herbotapis^o
rekursi	递归	【PIV】= rikuro.
sekestr	查封	［他］=sekvestri（供託する）
sekvestraci	查封	［他］=sekvestri（供託する）
stadium	赛场	=>stadiono（スタジアム）
urinat	尿酸盐	【PIV】= urato.
venere	性病	【PIV】(evi (evitinda)) = venera.
karbamid	尿素	【化】【PIV】(ark. (arkaismo, arkaisme)) = ureo.
metropoliten	地铁	【PIV】(ark. (arkaismo, arkaisme)) = metroo.
pituitari	垂体	【PIV】(gl. (glandula, glandulae) pituitaria) = hipofizo.
proteid	蛋白	【PIV】(ark. (arkaismo, arkaisme)) = proteino.
serpil	百里香	【植】イブキジャコウソウ（伊吹麝香草）（種）,=sovag^a timiano
vasabi	辣根	【植】ワサビ
rosmaren	香草	{Ｏ}【植】マンネンロウ（万年蝋）（属）;ローズマリー（種）
origan	香草	【植】ハナハッカ（花薄荷）（属）,オレガノ
civilizaci	民化态	{Ｏ}文明
organizaci	器化	【PIV】1 Unuig^o de homoj, strebantaj organizite realigi certajn celojn: mi volis nur doni a
hemiceluloz	半胞糖	【化】【PIV】Polimero de glukozo, (C 6 H 10 O 5) n, en la vegetaj^a c^elmuro, malpli longc^ena 
abiogenez	无生源	【生】【PIV】(ark. (arkaismo, arkaisme)) Spontana generado; estig^o de la vivo el neorganika ma
acetat	醋盐	【化】酢酸塩
acidimetr	酸计	【PIV】= acidometro.
adaptometri	适测	【医】【PIV】Mezuro de la retina adaptig^emo.
adenoidit	腺似炎	【医】【PIV】Inflamo de la adenoidaj vegetaj^oj.
adenom	腺瘤	【PIV】Glanda tumoro.
adenpati	腺病	【PIV】C^iu afekcio de glando.
adipogenez	脂源	【生】【化】【PIV】Formig^o de graso 1 c^e animaloj.
administrator	管员	=administranto（管理者）
aeremi	气血	【医】【PIV】Enesto de libera aero en la sango k difektoj kau^zataj de g^i: aeremio c^efe trafa
aerodrom	气道	【空】飛行場,=flugkampo
aerogram	气图	【PIV】1 Malpeza aerpos^ta letero, ekspedata je reduktita prezo. 2【気】Speciala diagramo de la
aerolit	气石	{Ｏ}【鉱】【天】隕石（いんせき）,=meteors^tono
aerolog	气学家	【PIV】Spertulo pri aerologio.
aerologi	气学	【PIV】Scienco pri la esplorado de la altaj aertavoloj en la atmosfero.
aerometr	气计	【理】気量計,空気計
aerometri	气测	【PIV】Scienco pri la fizikaj ecoj de la aero.
aeronau^t	气航	【空】軽気球操縦士,飛行船操縦士,=flugbalonisto
aeronau^tik	气航学	【空】航空学,航空術,>>aerveturado
aeroplan	气划	{Ｏ}【空】飛行機,=aviadilo
aerostat	气态	【空】軽航空機（気球・飛行船など）,=flugbalono,>>aers^ipo,>>balono
afoni	无声	【病】失声症
agend	办须	スケジュール帳,日程表;議事日程,=tagordo
agorafobi	场症	【病】広場恐怖症
agrafi	无志	【医】【PIV】Organika perturbo de la kapablo skribi. Vd aleksio.
agronom	农学	{Ｏ}農学者,=agronomiisto
akantocefal	刺头	【動】【PIV】Filumo (Acanthocephala) de vermoj similaj al nematodoj, sen bus^o k sen intesto, s
akinezi	无动	【医】【PIV】Malfacileco au^ neebleco de movoj.
aklimatiz	无气候化	【PIV】= alklimatigi.
akrocefal	锐头	【動】【PIV】G. (Genro) (Acrocephalus) de birdoj el la ordo de paseroformaj, fam. (familio) de 
akrocianoz	锐青症	【医】【PIV】Blua koloro de la ekstremaj^oj, kau^zata de malbona cirkulado de la sango.
akromat	无色	【理】色消しの,色収差のない
akronim	锐名	【語】【PIV】Vorto konsistanta el la komencliteroj de kompleksa nomo komerca, scienca, politika
aksiometr	轴计	【PIV】Instrumento, lokita apud la stirrado k montranta la pozicion de la stirilo rilate al 
aktinometr	射计	【PIV】Instrumento, por mezuri la intenson de la sunradiado.
aktinoterapi	射疗	【PIV】Terapio per aktinaj radiadoj.
akus^ologi	产学	【PIV】Obstetriko.
albugineit	白膜炎	【医】【PIV】Inflamo de albugineo(j).
albuminuri	白蛋白尿	【病】たん白尿症
algiolog	痛学家	【PIV】Specialisto pri algiologio.
algiologi	痛学	【PIV】Parto de medicino pri la doloroj k ilia kuracado.
algolog	藻学家	【PIV】Specialisto pri algologio.
algologi	藻学	【PIV】Scienco, pri la algoj.
alkaloid	碱似	【化】アルカロイド
alkalometri	碱测	【化】【PIV】Titrado per alkaloj, au^ dozado de alkaleco.
alkoholat	醇盐	【化】【PIV】Metala salo de alkoholo 1.
alkoholemi	醇血	【PIV】C^eesto de etila alkoholo (etanolo) en la sango: la tolereco al etila alkoholo tre di
alkoholometr	醇计	【PIV】Mezurilo por taksi la enhavon je alkoholo.
alofon	异声	【語】【PIV】Parolsono, kiu estas libera au^ kondic^ita varianto de iu fonemo, ekz. (ekzemple) 
alomorf	异形	【語】【PIV】Varianto de morfemo (precipe en aglutinaj lingvoj).
alopati	异病	【医】逆症療法
alotrofi	异养	【医】【PIV】Stato, en kiu organaj substancoj (albumino, fibrino k.a. (kaj aliaj)) perdis siajn
alternator	替具	【電】交流発電機
altimetr	高计	【PIV】= altometro.
altometr	高计	【理】高度計
altometri	高测	【PIV】Parto de la geodezio koncernanta la mezuradon de altaj^oj, alireblaj au^ ne.
altruism	他主义	利他的な,=malegoisma
altruist	他家	利他主義者,=malegoisto
aluminiat	铝盐	【化】【PIV】(au^: aluminato, evitinda formo). Salo de teoria aluminiata acido H 3 AlO 3.
ameboid	变形虫似	アメーバ状の
amplifikator	扩具	【電】増幅器,=amplifikilo
anaerobi	无气生	【PIV】(evi (evitinda)) = malaerobia, aernetolera.
anarkism	无政主义	=>anarkiismo
anarkist	无政家	=>anarkiisto
aneksit	并炎	【医】【PIV】Inflamo de aneksaj^oj, tute aparte pp (se paroli pri) la uteraj aneksaj^oj (ovario
anemogram	风图	【PIV】Registrilfolio, sur kiu estas au^tomate registrata la forto de la vento.
anemometr	风计	【気】風速計
anemometri	风测	【PIV】Tiu parto de la meteologio pri la mezuro de vento-forto k -direkto.
angiologi	脉学	【PIV】Fako de anatomio pri la angioj.
angiosperm	脉种	【植】【PIV】Unu el la du filumoj de la spermatofitoj (flor-au^ sem-plantoj), karakterizata de 
anhidr	无水	【化】無水の
anizotrop	无等向	【PIV】(evi (evitinda)) = neizotropa.
anoksemi	无氧血	【生】【医】【PIV】Manko de oksigeno en sango.
anoksi	无氧	【生】【医】【PIV】Manko de oksigeno en histoj.
antagonism	敌主义	敵対（関係）,対立,反目
antagonist	敌家	敵対者,対立者
antibiotik	抗生布	{Ｏ}【医】抗生物質
anticiklon	抗旋	【気】高気圧,=kontrau^ciklono
antifon	抗声	【楽】交唱（聖歌）
antifraz	抗句	【修】語意の反用,反語
antigen	抗生	【医】抗原
antikorp	抗体	【医】抗体
antikorpuskl	抗粒	《古》【理】=kontrau^partiklo（反粒子）
antineu^trin	抗中微子	【理】反ニュートリノ
antinomi	抗律	【哲】二律背反
antipartikl	抗粒	【理】=kontrau^partiklo（反粒子）
antipati	抗情	反感を覚えさせる,虫の好かない
antistrof	抗节	【PIV】En la helena h^oro, kanto metrike egala al la strofo, situanta post g^i k antau^ la e
antitez	抗题	{Ｏ}【哲】アンチテーゼ;【修】対照法
antitoksin	抗毒	【医】抗毒素
antonim	反名	【語】反意語
antropocentr	人央	【PIV】Havanta la homon kiel centron de intereso au^ studo: la antropocentra teorio longatem
antropoid	人似	【動】類人猿の
antropolog	人学家	{Ｏ}人類学者
antropologi	人学	{Ｏ}人類学
antropometri	人测	人体測定
antropomorf	人形	【動】【PIV】Grupo de senvostaj, homsimilaj simioj. Vd c^impanzo, gorilo, orangutano.
antropomorfism	人形主义	【哲】神人同形同性論
anuri	无尿	【医】【PIV】Halto de la urina sekrecio.
aortit	主脉炎	【医】【PIV】Inflamo de la aortaj tunikoj.
apendicektomi	虫垂除	【PIV】Fortranc^o de g^i.
apendicit	虫垂炎	【病】虫垂炎,盲腸炎（俗称）
apetal	无瓣	【植】【PIV】Senpetaluloj. Vd dialipetaloj, gamopetaloj.
araknoidit	蛛膜炎	【医】【PIV】Inflamo de la araknoido.
arbologi	树学	【PIV】Scienco pri arboj k arbustoj.
arh^aism	古主义	{Ｏ}=arkaismo
arh^eolog	古学家	{Ｏ}=arkeologo
arh^eologi	古学	{Ｏ}=arkeologio
arkaism	古主义	{Ｏ}【語】古語,古風な表現;【文】擬古主義
arkeolog	古学家	{Ｏ}考古学者
arkeologi	古学	考古学上の
arketip	原型	【哲】【PIV】1 Eterna ideo, modelo de la estaj^oj. 2 Originalo, sur kiu oni kopiis la ceterajn 
arsenid	矿化	【PIV】Kombinaj^o de metalo k arseno, ekz. (ekzemple) K 3 As.
arteriektomi	脉除	【医】【PIV】Desekco de arteria fragmento.
arteriit	脉炎	【医】【PIV】Inflamaj lezoj de la arterioj.
artralgi	节痛	【PIV】Artika doloro.
artrit	节炎	{Ｏ}【病】関節炎,=artikinflamo
artritism	节炎主义	【病】関節病体質
artrologi	节学	【PIV】Anatomia fako pri la artikoj.
artropod	节足	【動】節足動物,=artikulo
artroz	节症	【PIV】Neinflama kronika afekcio de la artikoj.
aseps	无腐	【医】無菌法の,無菌の
askomicet	囊菌	【PIV】(ark. (arkaismo, arkaisme)) = askomikotoj.
askomikot	囊菌	【PIV】Filumo (Ascomycota) de superaj fungoj, kun septaj hifoj k kun sporoj naskig^antaj int
aspartat	天冬盐	【化】【PIV】Salo de aspartata acido, HOOC-CH 2-CH(NH 2)-COOH, unu el la 20 c^efaj aminacidoj d
astigmatism	散光主义	【病】乱視
astrolog	星学家	{Ｏ}占星術師,=stelau^guristo
astrologi	星学	{Ｏ}占星術,=stelau^gurado
astronau^t	星航	宇宙飛行士,=kosmonau^to
astronau^tik	星航学	【PIV】Kosmonau^tiko.
astronom	星学	{Ｏ}天文学者
atavism	祖主义	{Ｏ}先祖返り,隔世遺伝
ateism	无神主义	{Ｏ}無神論,=sendiismo
ateist	无神家	無神論者の,無神論的な
atmosferografi	气志	【PIV】Priskribo de la atmosfero k g^iaj influoj al la tero, ties vegetaj^oj, klimato ktp (k
atmosferologi	气学	【PIV】Scienco pri la atmosfero k ties influoj al la vetero, esenca parto de la meteologio.
atoni	无张	【病】アトニー,弛緩症
au^dometr	听计	【医】【PIV】Aparato por mezuri la au^dan akrecon.
au^tobiografi	自生志	{Ｏ}自伝,自叙伝,=membiografio
au^togen	自生	【化】【PIV】1 Dau^riganta sin mem: au^togena reakcio. 2【技】 (pp (se paroli pri) veldo) Tia, ke 
au^tograf	自记	{Ｏ}自筆,自筆原稿,=memskribaj^o
au^tografi	自志	【印】肉筆印刷術
au^tokrati	自治	{Ｏ}【政】専制政治
au^toliz	自解	【医】【PIV】Malkomponig^o au^ detruig^o de histoj per la tie entenataj enzimoj.
azotemi	氮血	【生】【医】【PIV】Kvanto de azotaj ekskreciaj substancoj (ureo, uratoj ktp (kaj tiel plu)) en la 
azoturi	氮尿	【生】【医】【PIV】Kvanto de azotaj ekskreciaj substancoj (ureo, uratoj ktp (kaj tiel plu)) en la 
baktericid	菌杀	【PIV】Bakteri-mortiga substanco.
bakteriofag	菌吞	【医】バクテリオファージ,細菌ウイルス,=bakteria viruso
bakteriofag^	菌吞	【生】【PIV】Viruso, kiu reproduktig^as en bakteria c^elo. Sin. (sinonimo) fag^o.
bakteriolog	菌学家	【PIV】Sciencisto pri bakteriologio.
bakteriologi	菌学	【医】細菌学
balanit	藤壶炎	【医】【PIV】Inflamo de la balana mukozo.
barbarism	蛮主义	【Ｇ】破格な語法・語形,>>solecismo
barograf	压记	【気】自記気圧計
barometr	压计	{Ｏ}【気】気圧計
baroskop	压镜	【医】気圧計;【理】検圧器
batometr	深计	【PIV】Instrumento servanta por mezuri la profundon de akvujoj.
batometri	深测	【PIV】Scienco pri la mezuro de la profundoj.
bazidimicet	担子菌	【PIV】Precipa klaso (Basidiomycetes) de la bazidimikotoj.
bazidimikot	担子菌	【PIV】Filumo (Basidiomycota) de superaj fungoj bazidihavaj; c^. (c^irkau^) 16 000 sp-oj (sp
bazidiomicet	担子菌	【PIV】Precipa klaso (Basidiomycetes) de la bazidimikotoj.
bazidiomikot	担子菌	【PIV】Filumo (Basidiomycota) de superaj fungoj bazidihavaj; c^. (c^irkau^) 16 000 sp-oj (sp
benzinometr	汽油计	【PIV】En veturilo, indikilo pri la nivelo de la benzino.
benzoil	安息香基	【化】【PIV】Radiko C 6 H 5-CO-: benzoilaj kombinaj^oj; dibenzoilo . -> hipurata acido.
bibliofil	经爱	愛書家,=libroamanto
bibliofili	经爱	書籍愛好,=libroamo
bibliograf	经记	{Ｏ}書誌学者
bibliografi	经志	{Ｏ}文献目録,参考文献一覧;著作目録;書誌学
bibliomani	经狂	【PIV】= libromanio.
bident	二齿	【植】【PIV】G. (Genro) (Bidens el asteracoj) de unu-k plur-jaraj herboj kun kontrau^e duopaj f
bimetal	二金	【PIV】= dumetala.
bimetalism	二金主义	【経】複本位制
biofizik	生物理	生物物理学
biogenez	生源	【生】【PIV】1 Estig^o de la vivo sur tero. 2 (ark. (arkaismo, arkaisme)) Estig^o de vivulo el 
biogeografi	生地志	生物地理学
biograf	生记	{Ｏ}伝記作家
biokemi	生化学	生化学
biolog	生学家	{Ｏ}生物学者
biomas	生团	【環】生物量,バイオマス
biometri	生测	【生】【PIV】Statistika studo de la dimensioj de la vivuloj k de ties organoj.
biont	生将	【PIV】(ark. (arkaismo, arkaisme)) = vivulo.
biontologi	生在学	《廃》生物学,=>biologio
biosfer	生球	【環】生物圏,生活圏
bioterapi	生疗	【PIV】Kuracado per biologiaj substancoj au^ mikroboj.
biotop	生境	【環】ビオトープ,小生活圏
bismutat	金盐	【化】【PIV】Salo de bismuta acido, HBiO 3 au^ H 3 BiO 4.
blastoderm	胚皮	【生】【PIV】La c^eltavolo de la blastulo.
bolometr	沸计	【理】【PIV】1 Aparato por mezuri temperaturojn, bazita sur elektromova forto c^e kontaktloko d
brifit	苔植	【PIV】Filumo, ampleksanta la muskojn k hepatmuskojn; c^. (c^irkau^) 22 000 sp-oj (specioj) 
briofit	苔植	【植】コケ植物,蘚苔類（せんたいるい）,>>muskoj,>>hepatmuskoj
bromoform	卤形	【化】ブロモホルム
bronkit	支炎	{Ｏ}【病】気管支炎
bronkoskop	支镜	【PIV】Aparato, por esplorrigardi la internon de la bronkoj.
bronkoskopi	支镜	【PIV】Esplorado per bronkoskopo.
bursit	囊炎	【医】【PIV】Inflamo de seroza burso.
buterat	黄油被	【PIV】Butera 1.
buterometr	黄油计	【PIV】Aparato, por difini la entenon de butero je graso.
c^elologi	胞学	【PIV】Citologio.
cefalaspidomorf	头甲形	【動】【PIV】Klaso (Cephalaspidomorphi) de senmakzeluloj, kiu ampleksas precipe formortintajn g
cefalopod	头足	【動】頭足類
cefalospin	头脊	【PIV】Rilata al cerbo au^ cefalo k al spino: cerbo spina likvo.
cefalotorak	头胸	【動】【PIV】Antau^a parto de la korpo de iuj artropodoj (krustacoj, araneuloj), kiu devenas el
cekumit	盲肠炎	【病】盲腸炎,=cekuminflamo,>>apendicito
celulit	胞炎	【病】蜂巣炎（ほうそうえん）,フレグモーネ,=flegmono
centifoli	百叶	【植】【PIV】Centfolia rozo. Vd muskrozo. -> trifolio, milfolio.
centigrad	厘度	【PIV】= centezimala, centuma.
centigram	厘克	{Ｏ}【単】センチグラム
centilitr	厘升	{Ｏ}【単】センチリットル
centromer	央链节	【生】【PIV】Loko de kromosomo, kie alfiksig^as la spindelfibroj.
centrosom	央体	【生】【PIV】Enc^ela organeto, c^e la pinto de mitoza au^ mejoza spindelo, kiu konsistas el du 
cianat	青盐	【化】【PIV】Salo au^ organika derivaj^o de cianata acido HOCN.
cianfit	青植	【PIV】(iom ark. (arkaismo, arkaisme)) = cianobakterioj.
cianid	青化	【化】シアン化物
cianofit	青植	【PIV】(iom ark. (arkaismo, arkaisme)) = cianobakterioj.
cikadomorf	蝉形	【動】【PIV】Subordo (Cicadomorpha) de insektoj el la ordo de hemipteroj, ampleksanta i.a. (int
ciklometr	环计	【PIV】Instrumento por mezuri c^e rado la iritan vojlongon. Vd hodometro, taksimetro, kilome
ciklometri	环测	【数】【PIV】(pp (se paroli pri) funkcio) Inversa al trigonometria funkcio. -> sinuso.
citolog	胞学家	【生】【PIV】Specialisto pri citologio.
citologi	胞学	【PIV】Scienco pri la strukturo k funkciado de la c^eloj. Sin. (sinonimo) c^elologio.
citoplasm	胞浆	【生】【PIV】C^elplasmo. Vd plasmo.
citoskelet	胞骨	【生】【PIV】C^elskeleto.
citosol	胞液	【生】【PIV】C^elsolo.
citotrop	胞向	【生】【医】【PIV】Afina al la c^eloj: citotropa viruso. Sin. (sinonimo) c^elafina.
citrat	柑盐	【化】【PIV】Salo de citrata acido, HOOC-C(OH)(CH 2-COOH)-CH 2-COOH, abunda en la fruktoj de la
dakriocistit	泪囊炎	【医】【PIV】Inflamo de dakriocisto(j).
daktilograf	指记	【PIV】(tr (transitiva)) Mas^inskribi, tajpi: koncerne la daktilografitan leteron, kiun mi s
daktiloskopi	指镜	【PIV】Procedo, per kiu oni identigas personojn per la observado de la hau^tlinioj sur la po
decigram	分克	{Ｏ}【単】デシグラム（十分の一グラム）
decilitr	分升	{Ｏ}【単】デシリットル（十分の一リットル）
decimetr	分米	{Ｏ}【単】デシメートル（十分の一メートル）
deflor	从花	【PIV】(tr (transitiva)) Disrompi ies himenon: c^e certaj triboj, la perfingra deflorado est
deism	从主义	【哲】=diismo,理神論
deist	从家	【哲】=diisto,理神論者
dekagram	十克	{Ｏ}【単】デカグラム
dekalitr	十升	{Ｏ}【単】デカリットル
dekalog	十戒	【聖】（モーセの）十戒
dekametr	十米	{Ｏ}【単】デカメートル
dekapod	十足	【PIV】= dekpieduloj.
deltoid	三角洲似	【解】三角筋
demonologi	魔学	【PIV】Sistema priskribo de la naturo k la povoj de demonoj.
demonomani	魔狂	【PIV】Vario de frenezo, en kiu la maniulo imagas sin demonhavanto.
demonstrativ	证被能	{Ｏ}【Ｇ】指示詞
dendrokronolog	树时学家	【PIV】Fakulo pri dendrokronologio.
dendrokronologi	树时学	【PIV】Scienco pri la studo de la kreskadaj ringoj de la arbotrunkoj por starigi absolutan d
dendrologi	树学	【PIV】= arbologio.
densometri	密测	【PIV】Tekniko de mezurado de densoj.
deontologi	义学	【PIV】Scienco k instruo pri la moralaj devoj, permesoj au^ malpermesoj specialaj al iu prof
dermapter	皮翅	【動】【PIV】Ordo (Dermaptera) de insektoj kun mallongaj elitroj k kies abdomeno finig^as per m
dermatit	皮炎	【医】皮膚炎,=hau^tinflamo
dermatolog	皮学家	【医】皮膚科医,皮膚病学者
dermatologi	皮学	【医】皮膚科,皮膚病学
dermatoz	皮症	【医】皮膚病,=hau^tmalsano
dermit	皮炎	【医】皮膚炎,=hau^tinflamo
dermopter	皮翅	【動】【PIV】Ordo (Dermoptera) de herbovoraj mamuloj, kun s^vebhau^to; nur unu g. (genro), gale
diafanoskopi	透镜	【医】【PIV】Procedo por esplori iujn korpopartojn (sinusoj, testikoj, sklerotoj ks (kaj simile
diagenez	通源	【地質】【PIV】Aro de procezoj (biokemiaj, kemiaj k fizikaj), per kiuj sedimento transformig^as 
diakron	通时	【語】【PIV】Temanta pri la historia evoluo: diakrona fonetiko, gramatiko. Vd sinkrona.
dialektolog	言学家	方言学者
dialektologi	言学	方言学
diaskop	通镜	【写】スライド投影器
diaterm	通热	【理】透熱性の
diatermi	通温	【医】ジアテルミー,透熱療法
diazot	二氮	【化】【PIV】La funkcio N=N ^+ k la tre reakciema radikalo-N=N·: diazotmetano, CH 2 N 2, estas 
diazotat	二氮盐	【化】【PIV】Salo de la nestabila diazotata acido Ar-N=N-OH.
dielektrikmetr	介电计	【電】【PIV】Aparato por mezuri la proprecojn de dielektriko.
digram	二字	【語】【PIV】Grupo de du grafemoj uzataj por prezenti unu fonemon: la Fundamento rajtigis uzi, 
diklorid	二氯化	【化】二塩化物
dikotiledon	二子叶	【植】【PIV】Dukotiledonoj.
dikromiat	二金盐	【化】【PIV】Salo de dikromiata acido, H 2 Cr 2 O 7.
diktafon	述声	ディクタフォン（商標）,速記用口述録音器
dilatator	膨具	【PIV】= dilatanto.
dimer	二链节	【PIV】Molekulo, konsistanta el du meroj.
dinamism	力主义	【哲】ダイナミズム,力動説,力本説
diploid	二倍	【PIV】= duploida.
diplokok	板障菌	【生】【PIV】1 G. (Genro) (Diplococcus) de eu^bakterioj. 2 Morfologia nomo de diversagenraj glo
diplomologi	证学	【PIV】Scienco pri la malnovaj diplomoj el paleografia, formulara, historia ktp (kaj tiel pl
diplopod	板障足	【動】【PIV】Klaso (Diplopoda) de miriapodoj kun du paroj da kruroj sur c^iu segmento. Vd kilop
dipter	二翅	【虫】双翅類（そうしるい）
disakarid	二蔗子	【PIV】(kemio) Sakarido konsistanta el du monosakaridaj unuoj (ekz. sakarozo, laktozo).
diskomicet	盘菌	【植】【PIV】Nenatura grupo de askomikotoj, kies askujoj estas apotecioj. Vd pirenomicetoj.
diskredit	散信受	［他］【商】=senkreditigi（信用を失わせる）
disom	二体	【PIV】= dusoma.
disulfid	二硫化	【化】【PIV】Organika substanco kun la g^enerala formulo R-S-S-R: la aminacido cistino estas di
ditionat	二硫	【化】【PIV】Salo de ditionata acido, H 2 O 6 S 2, unu el la politionataj acidoj.
divalent	二价	【化】=>duvalenta（二価の）
divertikulektomi	囊室除	【医】【PIV】Kirurgia fortranc^o de divertikulo.
dividend	分须	【経】（株の）配当金
dodekaedr	十二面	【数】【PIV】1 = regula dekduedro. 2 = dekduedro.
dodekafoni	十二声	【PIV】Maniero komponi dodekafone.
dolc^amar	甘苦	【植】ズルカマラ,ビタースイート（マルバノホロシに似たナス属の一種、紫色の花と赤い実をつける）
dozologi	量学	薬量学
dozometr	量计	【理】線量計
drakocefal	龙头	【植】【PIV】G. (Genro) (Dracocephalum el lamiacoj) de unu-k plur-jaraj herboj au^ arbustetoj k
efemeropter	短翅	【動】【PIV】Ordo (Ephemeroptera) de insektoj kun grandaj antau^aj flugiloj k tri longaj vostfa
eh^inoderm	海胆皮	【PIV】= ekinodermoj.
eksponometr	展计	【写】露出計,露光計,=eksponmezurilo
ekspresionism	表主义	【芸】=esprimismo（表現主義）
ekspresionist	表家	【PIV】Artisto, laboranta lau^ la principoj de ekspresionismo.
ektoderm	外皮	【生】【PIV】Ekstera c^eltavolo de la juna embrio, kiu aperas c^e la gastrulo: el ektodermo dev
ektoplasm	外浆	【生】外質,外形質;（心霊術で）心霊体,エクトプラズム
ekzistencialism	存主义	【哲】=ekzistadismo（実存主義）
ekzistencialist	存家	【哲】=ekzistadisto（実存主義者）
ekzogami	外配	【社】【生】【PIV】1 Moro, deviganta la membrojn de klano edzig^i nur ekster sia klano. 2 Reproduk
ekzogen	外生	【生】【医】【地質】【PIV】Eksterdevena; formig^anta au^ okazanta ekstere de organo, de c^elo, de orga
ekzoterm	外热	【化】発熱の,><endoterma
elastomer	弹链节	【PIV】Vd (vidu) mero.
elektrofon	电声	【PIV】Gramofono, c^e kiu la registrado k reproduktado de la sonoj okazas per elektromekanik
elektrolit	电解	【電】電解質
elektrometr	电计	【電】電位計
elektroskop	电镜	【電】検電器
elektrotip	电型	［他］【印】電気製版する
elektrotipi	电型	【印】電気製版術
elektrovalent	电价	【理】【化】【PIV】(pp (se paroli pri) valenta ligo) Polara. Vd kovalenta.
emboloz	栓症	【病】=embolio（塞栓症）
embrifit	胚植	【植】【PIV】Grupego de plantoj karakterizataj de embrio 2 k de arkegonio, k ampleksanta la vas
embrigenez	胚源	【生】【PIV】Serio de la formoj, tra kiuj animala au^ planta organismo trapasas de la fekundigi
embriofit	胚植	【植】【PIV】Grupego de plantoj karakterizataj de embrio 2 k de arkegonio, k ampleksanta la vas
embriogenez	胚源	【生】胚発生,胚形成
embriolog	胚学家	発生学者,胎生学者
embriologi	胚学	発生学,胎生学
embriotomi	胚切	【医】【PIV】C^iu enutera embriosekco.
embritomi	胚切	【医】【PIV】C^iu enutera embriosekco.
empirism	验主义	=empiriismo（経験論）
empirist	验家	=empiriisto（経験論者）
encefalalgi	脑痛	【PIV】Intensa kapdoloro, observata en la cerba sifiliso.
encefalografi	脑志	【医】【PIV】Registrado k studo de la osciloj de elektra potencialo, kiuj konstante estig^as en
encefalogram	脑图	【PIV】Kurbo ricevita per encefalografio.
encefalopati	脑病	【病】脳症,脳障害
endoderm	内皮	【生】【PIV】1 Interna c^eltavolo de la embrio, kiu aperas c^e la gastrulo: el endodermo devena
endogami	内配	【PIV】1 Moro, deviganta la membrojn de klano edzig^i interne de sia klano. 2【生】 Reproduktig
endogen	内生	【生】【医】【地質】【PIV】Interndevena; formig^anta au^ okazanta en la interno de organo, de c^elo, d
endokard	内心	【解】心内膜
endokardit	内心炎	【病】心内膜炎
endokrinologi	内分泌学	【PIV】Studo de la endokrinaj glandoj, de iliaj perturboj k de la malsanoj kau^zataj de tiuj
endomorfi	内形	【数】【PIV】Homomorfio de objekto al g^i mem.
endoplasm	内浆	【生】内質,内部原形質
endoskop	内镜	【医】内視鏡
endosmoz	内渗	【生】内方浸透
endosperm	内种	【植】【PIV】Nutraj^rezerva, unuploida histo de la semo de la gimnospermoj, kiu c^irkau^as k nu
endoterm	内热	【化】吸熱の,><ekzoterma
enteralgi	肠痛	【PIV】Intesta doloro.
entomolog	虫学家	{Ｏ}昆虫学者
entomologi	虫学	{Ｏ}昆虫学
enzimologi	酵素学	【PIV】Studesploro de la enzimoj.
ependimit	室膜炎	【病】（脳室）上衣炎
epicentr	表央	【地質】【PIV】Punkto de la tersurfaco, vertikale super la fokuso de tertremo. Vd hipocentro.
epidemiologi	疫学	【医】疫学（えきがく）
epiderm	表皮	{Ｏ}【生】表皮
epidiaskop	表通镜	【理】【PIV】Aparato, povanta projekcii bildojn per surfalanta au^ per trairanta lumo, tiel ke 
epifenomen	表现	【哲】【PIV】Akcesora fenomeno koncerne la observataj^on; negrava, netus^anta la esencon de la 
epifit	表植	【植】【PIV】Planto, kiu kreskas sur alia planto, sed ne nutras sin el tiu c^i: multaj muskoj, 
epifizit	骨端炎	【医】【PIV】Epifiza ostito.
epigastr	表胃	【解】上腹部
epigenez	表源	【生】【PIV】1 Teorio lau^ kiu la ovo, nediferencig^inta, disvolvig^as al embrio per iompostiom
epiglot	表声门	【解】喉頭蓋（こうとうがい）
epilog	后话	{Ｏ}【芸】（小説などの）跋（ばつ）;終章,エピローグ,><prologo
epimorfi	表形	【数】【PIV】Surjekcia homomorfio; pli g^enerale, morfio kun analoga eco.
epipaleolitik	后古石学	【PIV】Tuto de la paleolitikaj kulturoj post la malapero de la rangiferoj k antau^ la mezoli
epiteliom	上皮瘤	【医】【PIV】Kancera tumoro, devenanta el epitelio: glanda epiteliomo.
eritroblast	红胚	【解】【PIV】Nukleohava c^elo de la ostmedolo, finevolue hemoglobinohava, antau^anto de eritroc
eritropoez	红生	【生】【PIV】Formig^o de la eritrocitoj en la osta medolo de plenkreskulo au^ en la hepato de e
eritropoezin	红生素	【PIV】Poezino, stimulanta la produktadon de eritrocitoj en la osta medolo k sekve pliiganta
erotogen	色生	【PIV】Tia, ke g^i kapablas estigi erotajn sensaj^ojn: la dominanta erotogena loko s^ang^ig^
erotologi	色情学	【PIV】Scienca studo pri la eroto k g^iaj diversaj formoj au^ perversioj. Vd erotika.
erotomani	色情狂	【病】色情狂,病的性欲亢進
eskalator	梯具	エスカレーター,=ruls^tuparo
estezometr	感计	【PIV】Aparato por mezuri la hau^tan sensivecon.
estrad	长行	{Ｏ}=podio（演壇）
etimolog	源学家	{Ｏ}語源学者
etimologi	源学	{Ｏ}語源学;語源
etiolog	因学家	{Ｏ}病因学者
etiologi	因学	{Ｏ}病因学
etnograf	族记	{Ｏ}民族誌学者
etnografi	族志	{Ｏ}民族誌学;民族誌
etnolog	族学家	民族学者
etnologi	族学	{Ｏ}民族学
etoksi	乙氧	【化】【PIV】Unuvalenta radiko C 2 H 5 O-k la responda anjono C 2 H 5 O ^-. Rim. (Rimarko) etok
eu^ritm	良律	【医】【PIV】Regula pulso.
ezofagit	食管炎	【病】食道炎
ezofagoskop	食管镜	【PIV】Instrumento por esplori la ezofagon. Vd endoskopo.
ezofagoskopi	食管镜	【PIV】Esplorado k ekzamenado per ezofagoskopo.
falc^ator	收割具	【PIV】Mas^ino kun radoj, servanta por grandakvante falc^adi. Vd garbigilo, kombajno.
faringit	咽炎	【病】咽頭炎
faringoskop	咽镜	【医】咽頭鏡
faringoskopi	咽镜	【PIV】Ekzameno per faringoskopo.
farmakolog	药学家	薬理学者
farmakologi	药学	薬理学
fekul	粪者	【料】=amelfaruno（でんぷん）
feminist	女家	{Ｏ}フェミニスト
fenomenologi	现学	【哲】現象学
fenotip	现型	【生】【PIV】Tuto au^ parto de la videblaj au^ konstateblaj karakteroj de individuo, kiuj rezul
ferocian	铁青	【化】【PIV】(ark. (arkaismo, arkaisme)) Salo de ferocianocianida acido H 4 Fe(CN) 6. Sin. (sin
fibrinogen	纤蛋白生	【生】【PIV】Solvebla proteino, sintezata en la hepato, cirkulanta en la sangoplasmo k transfor
fibrom	纤瘤	【病】線維腫（しゅ）
fibroskop	纤镜	【機】ファイバースコープ
filantrop	爱人	{Ｏ}博愛主義者,慈善家
filantropi	爱人	{Ｏ}博愛,慈善
filogenez	儿源	【生】【PIV】Kladogenezo.
filolog	爱学家	{Ｏ}文献学者
fitogeografi	植地志	植物地理学,=plantgeografio
fitoterapi	植疗	【医】植物療法,=plantoterapio
fiziografi	物理志	自然地理学,=fizika geografio
fiziolog	物理学家	{Ｏ}生理学者
flebit	脉炎	【医】【PIV】Inflamo de vejno, ofte c^e la malsupraj membroj; iafoje formig^as koagulaj^o, kiu 
flebotomi	脉切	【医】【PIV】Eltiro de vejna sango ordinare c^e la kubutfaldo.
fluometr	流计	【PIV】Aparato, por mezuri la rapidecon de fluo (ekz. (ekzemple) en rivero).
fluorid	气化	【化】フッ化物
fokusterapi	焦点疗	【PIV】Psika terapio, celanta klarigi k per tio kuraci specifan konflikton perturbo-generan 
foliklit	囊炎	【医】【PIV】Inflamo de foliklo.
fonetism	音主义	発音表記法;表音主義,><grafismo
fonetist	音家	【PIV】Tiu, kiu aktivas por enkonduki en sian lingvon fonetikan au^ fonologian ortografion.
fonogram	声字	表音文字
fonologi	声学	【語】【PIV】1 Studo de la sonoj de lingvo, kiel konsistigantaj unu sistemon de kontrastaj unuo
fonometr	声计	【理】測音器,音波測定器
fonometri	声测	【PIV】Scienco studanta tian intenson.
fonon	声子	【理】フォノン
fonoskop	声镜	【理】フォノスコープ
formiat	形盐	【化】【PIV】Salo de formiata acido, H-COOH.
formiil	形基	【化】【PIV】Radikalo de formiata acido, H-C=O·. Vd bromoformo, kloroformo, jodoformo. -> formo
fosfatemi	磷盐血	【生】【医】【PIV】Kvanto de fosfatoj en la sango.
fosfaturi	磷盐尿	【病】リン酸塩尿症
fosfid	磷化	【化】【PIV】Salo teorie derivebla el fosfino (H 3 P): kalcia fosfido, Ca 3 P 2.
fotoc^el	光胞	【理】光電池,=lumelektra c^elo
fotogliptik	拍玉雕	写真彫刻版法
fotografi	拍志	{Ｏ}写真術（撮影・現像・焼付けなど）
fotogravur	拍刻	［他］【印】写真製版する,グラビア印刷にする
fotokemi	光化学	光化学
fotokromi	拍色	【写】天然色写真術
fotolitografi	拍石志	【印】写真石版術,写真平版術
fotometri	光测	［他］【理】測光する
fotosfer	光球	【天】（太陽の）光球
fotosintez	光合	【植】光合成
fotostat	拍态	【機】フォトスタット（商標名）,写真複写機,=fotokopiilo
fototelegraf	拍远记	［他］【通】写真電送する,>>faksi
fototerapi	光疗	【PIV】Vd (vidu) terapio.
fototip	拍型	【PIV】Klis^o, sur kiu la koloroj estas anstatau^igitaj per punktoj k linioj, k kiun oni uza
fototipi	拍型	【印】写真凸版術,フォトタイプ術
fototropism	光向主义	【生】【PIV】Lumtropismo.
frekvencometr	频计	【電】周波数計
fridoterapi	冷疗	【PIV】Terapia uzo de la malvarmo kreita jen per frida dus^o au^ bano, malseka envolvig^o, g
fruktolog	果学家	【PIV】Specialisto pri fruktologio.
fruktologi	果学	【PIV】Fruktoscienco, branc^o de la plantanatomio, speciale pri la strukturo de fruktoj k se
ftizolog	结核学家	【医】肺結核専門医
ftizologi	结核学	【医】肺結核学
fulgoromorf	蜡蝉形	【動】【PIV】Subordo (Fulgoromorpha) de insektoj el la ordo de hemipteroj, kun 4 membranecaj fl
fungicid	菌杀	【PIV】Fungomortiga substanco: fungicida efiko.
fungolog	菌学家	【PIV】Specialisto pri fungologio. Sin. (sinonimo) mikologo.
fungologi	菌学	【PIV】Scienco pri la fungoj. Sin. (sinonimo) mikologio.
futurolog	未学家	【PIV】Fakulo pri futurologio.
futurologi	未学	【PIV】Tuto de la esploroj pri la estonta evoluo (scienca, socia ks (kaj simile, kaj similaj
galvanometr	电计	【電】検流計
galvanoplastik	电塑	【機】電気メッキ法
galvanoskop	电镜	【電】検流器
galvanoterapi	电疗	【医】直流電気療法
gametofit	配子植	【植】【PIV】(pp (se paroli pri) plantoj, havantaj alternadon de generacioj) Unuploida generaci
gangliit	节炎	【医】【PIV】Inflamo de tiu nerva tubereto.
gasmetr	气计	【PIV】Mezurilo de la uzita kvanto da brul gaso.
gasogen	气生	【PIV】Aparato por fabriki gason: veturilo ekipita per gasogeno.
gasometr	气计	=gasrezervujo（ガスタンク）;=gaskomputilo（ガス量計）
gasteromicet	胃菌	【植】【PIV】Grupo de bazidifungoj, ampleksanta la eksan klason Gasteromycetes, kies bazidioj p
gastralgi	胃痛	【PIV】Stomaka doloro, kiun la malsanulo lokalizas c^e la epigastro.
gastrektomi	胃除	【PIV】Tuta au^ parta desekco de la stomako.
gastrenterit	胃肠炎	【医】【PIV】Inflamo de la stomaka k intesta mukozoj.
gastrit	胃炎	【医】【PIV】Inflamo de la stomaka mukozo.
gastrofil	胃爱	【動】【PIV】G. (Genro) (Gastrophilus) de insektoj el la fam. (familio) de ojstredoj, kies larv
gastrokamer	胃室	【医】胃カメラ
gastronom	胃学	食通,美食家
gastropod	胃足	【動】腹足綱,腹足類
gastroskop	胃镜	【医】胃鏡,胃内視鏡,>>gastrokamero
gastroskopi	胃镜	【医】胃鏡検査
gastrospasm	胃抽筋	【医】胃痙攣（けいれん）,=stomaka kramfo
gastrostomi	胃漏	【医】胃瘻（ろう）造設術
gastrotomi	胃切	【医】胃切開術
genealog	系学家	{Ｏ}系図学者
genealogi	系学	系図の,家系の
genotip	生型	【生】【PIV】Genaro au^ aro da studataj genoj, kontraste kun fenotipo.
geocentr	地央	【史】【天】【PIV】1 Havanta au^ prezentanta Teron kiel centron: la geocentra koncepto de la Bibli
geodinamik	地力	【地質】【PIV】Scienco pri la fortoj, kiuj estigas la geologiajn fenomenojn. Sin. (sinonimo) din
geofizik	地物理	地球物理学
geograf	地记	{Ｏ}地理学者
geokemi	地化学	【地質】【PIV】Scienco pri la distribuo, kvanto k cikloj de la kemiaj elementoj en la konsistaj^
geokronologi	地时学	【地質】【PIV】Metodo pri la datado de mineraloj k petroj: la geokronologiaj unuoj estas ag^o, e
geolog	地学家	{Ｏ}地質学者
geologi	地学	地質の
geometri	地测	幾何学の;幾何学的な;幾何級数的な
geomorfologi	地形学	【地質】【PIV】Scienco pri la g^enerala ekstera formo de la tersurfaco.
geopolitik	地政	【政】【PIV】Politiko de potencaj s^tatoj koncerne al geografiaj partoj de la mondo: Eu^ropa ge
geosfer	地球	【地質】【PIV】C^iu el la samcentraj tavolegoj k tegaj^egoj de Tero. Vd astenosfero, atmosfero, 
geosinklinal	地向斜	【地質】【PIV】(ark. (arkaismo, arkaisme)) Granda malaltig^o de la terkrusto, kie akumulig^as ta
geoteknik	地技	【地質】【PIV】Esplorado pri la konsisto k proprecoj de konstru-grundo k -subgrundo per sciencaj
geotermik	地热学	【PIV】Scienco pri geotermo.
geotropism	地向主义	【PIV】=gravitotropismo.
ginekolog	女学家	【医】婦人科医
ginekologi	女学	【医】婦人科（学）,>>obstetriko
gingivit	牙肉炎	【病】歯肉炎,=gingivinflamo
gipsofil	石膏爱	【植】【PIV】G. (Genro) (Gypsophila el kariofilacoj) de unu-k plur-jaraj herboj kun sidaj, kont
giromagnet	旋磁	【理】【PIV】Rilata al magnetaj proprecoj de turnig^antaj elektraj s^argoj.
girometr	旋计	【PIV】En veturilo, indikilo pri la girrapido de la motoro.
giroskop	旋镜	【機】ジャイロスコープ
glaciolog	冰学家	【地質】【PIV】Specialisto pri glaciologio.
glaciologi	冰学	【地質】【PIV】Scienco pri la glacio, pli speciale pri glac^eroj.
glikogenogenez	糖原源	【生】【化】【PIV】Estig^o de glikogeno el molekuloj de glukozo.
glikogenoliz	糖原解	【生】【化】【PIV】Hidrolizo de glikogeno al glukozo. -> glukolizo.
globoskop	球镜	【理】【PIV】Instrumento, uzata por analizi la sun-k tag-lumon.
glosektomi	舌除	【医】【PIV】Tuta au^ parta fortranc^o de la lango.
glosit	舌炎	【医】【PIV】Inflamo de la lango.
glukemi	糖血	【生】【医】【PIV】Glukozemio.
glukozemi	糖血	【生】【医】【PIV】Kvanto de glukozo en la sango: normala glukozemio varias c^e homo inter 0,90 k 
glukozuri	糖尿	【医】【PIV】C^eesto au^ kvanto de glukozo en urino, pro perturbo de la sukera metabolo, ordina
glukuri	糖尿	【医】【PIV】Glukozurio.
glutamat	谷氨盐	【化】【PIV】Salo de glutamata acido nutraj^industrie k kuirarte uzata sub formo de natria salo
goniometri	角测	【PIV】Arto pri mezuro de anguloj.
gonokokemi	淋菌血	【PIV】Gonokoka sanga infekto.
grafism	记主义	（文字による）表記法,書記法;表記主義,><fonetismo
grafolog	记学家	{Ｏ}筆跡学者
grafologi	记学	{Ｏ}筆跡学
grafospasm	记抽筋	【医】書痙（しょけい）,=skribista kramfo
granulocit	粒胞	【解】【PIV】Vario de leu^kocito, kun profunde entranc^a nukleo k granuloplena c^elplasmo: la c
gravimetri	重测	【化】【PIV】Kvanta analizo, c^e kiu oni transigas la determinotan substancon en peseblan formo
gravitometr	引计	【地質】【PIV】Aparato por mezuri graviton.
gravitometri	引测	【PIV】Mezuro de gravito, pli speciale en geofiziko k geodezio.
grundgenez	土源	【生態】【PIV】Estig^o k evoluo de grundo.
grundolog	土学家	【生態】【PIV】Fakulo pri grundologio. Sin. (sinonimo) pedologo.
grundologi	土学	【生態】【PIV】Scienco pri la grundoj, i.a. (interalie, inter aliaj) iliaj ecoj k genezo. Sin. (
hagiograf	圣记	【PIV】1 Au^toro de biblia libro, kiu estas nek la Torao nek la Profetoj: Ester estas hagiog
hagiografi	圣志	【PIV】Parto de la religia historio, koncernanta la vivon de la sanktuloj.
halogenid	卤化	【化】ハロゲン化物
hedonism	乐主义	【哲】【PIV】Etika tendenco, vidanta celon k motivon de la homa agado en serc^o de la plezuro.
hedonist	乐家	【PIV】Adepto de hedonismo.
heksaedr	六面	【数】六面体,=sesedro
heksametr	六米	{Ｏ}【文】六歩格（の詩）
hektograf	百记	［他］【機】こんにゃく版で刷る
hektogram	百克	{Ｏ}【単】ヘクトグラム,=cent gramoj
hektolitr	百升	{Ｏ}【単】ヘクトリットル,=cent litroj
hektometr	百米	{Ｏ}【単】ヘクトメートル,=cent metroj
heliocentr	日央	【天】【PIV】Mezurata rilate al la centro de Suno.
heliograf	日记	【軍】【気】【PIV】1 Optika telegrafa aparato. 2 Instrumento por indiki la dau^ron de sunbrilo, ta
heliografi	日志	【PIV】Telekomunikada sistemo, bazita sur la transsendo de lumsignaloj per speguloj.
heliogravur	日刻	【PIV】Fotokemia kavpresa sistemo (en kiu la kavoj ricevas la inkon). -> fotogravuro.
helioskop	日镜	【天】【PIV】Teleskopo, arang^ita speciale por observi Sunon.
heliostat	日态	【天】ヘリオスタット
helioterapi	日疗	【PIV】= sunterapio.
heliotropism	日向主义	【PIV】= suntropismo.
helmintologi	蠕学	【PIV】Studo de la helmintoj k de la perturboj, kiujn ili kau^zas.
hematopod	血足	【動】【PIV】G. (Haematopus) de birdoj el la ordo de karadriformaj, i.a. H. ostralegus (marpigo
hematoz	血症	【生】【PIV】Transformig^o de la sango en la spirorganoj (pulmoj, brankoj, hau^to ktp (kaj tiel
hemianopsi	半盲	【PIV】Anopsio en duono (dekstra au^ maldekstra) de la vidokampo.
hemikrani	半颅	【医】=migreno（偏頭痛）
hemiplegi	半瘫	【PIV】Vd (vidu) plegio.
hemipter	半翅	【虫】半翅類の
hemoliz	血解	【PIV】Vd (vidu) lizo. = hemolizino
hemostaz	血滞	【医】【PIV】Haltigo de hemoragio: hemostazo estas spontanea, kiam temas pri sufic^e etaj vasku
hepatit	肝炎	【病】肝炎,=hepatinflamo
herbicid	草杀	【PIV】C^ia substanco, kiu mortigas trud herbojn.
heterogamet	异配子	【生】【PIV】Produktanta du tipojn de gametoj, kiuj diferencas pro seksaj kromosomoj: la virsek
heteronomi	异学	【政】【PIV】Situacio de persono au^ de kolektivo, kiu ricevas la leg^ojn el ekstero. Vd au^ton
heteropter	异翅	【動】【PIV】Subordo (Heteroptera) de insektoj el la ordo de hemipteroj, kies antau^aj flugiloj
heterozigot	异合子	【生】【PIV】Individuo au^ c^elo, kiu, koncerne la studatan karakteron (econ), heredis malsaman
hidracid	水酸	【PIV】Senoksigenaj acidoj, c^efe tiuj derivitaj de halogenoj: HCl estas hidracido. -> kloro
hidroaeroplan	水气划	【空】=hidroplano（水上飛行機）
hidrodinamik	水力	【理】流体力学
hidroelektr	水电	水力電気の,水力発電の
hidrofil	水爱	【化】【PIV】1 Akvoafina. Vd sorba. 2 = akveja.
hidrofob	水怕	【化】【PIV】Akvo-neafina.
hidrofobi	水症	{Ｏ}【病】恐水病,=akvofobio
hidrofon	水声	【PIV】Instrumento por au^skulti sonon, dissenditan tra akvo: malkovro de submars^ipoj per h
hidrogeolog	水地学家	【地質】【PIV】Specialisto pri hidrogeologio.
hidrogeologi	水地学	【PIV】Scienco pri la subteraj akvoj, i.a. (interalie, inter aliaj) pri ilia cirkulado k nat
hidrograf	水记	【PIV】Specialisto pri hidrografio.
hidrografi	水志	【地理】【PIV】La parto de geografio pri la hidrosfero (maroj, riveroj, lagoj ks (kaj simile, ka
hidrokarbid	水炭子	=>hidrokarbono（炭化水素）
hidrokarbon	水碳	【化】炭化水素
hidroksi	水氧	【化】【PIV】1 La radiko-OH, kovalente ligita al alia atomo (precipe C): dihidroksi-benzeno. Vd
hidroksid	水氧化	【化】水酸化物
hidroliz	水解	【化】【PIV】(tr (transitiva)) Malkombini molekulojn au^ salojn per akvo: hidrolizi esteron al 
hidrolog	水学家	【地質】【PIV】Specialisto pri hidrologio.
hidrologi	水学	【PIV】Scienco pri la akvoj, iliaj enhavo k proprecoj.
hidrometr	水计	【理】液体比重計,浮きばかり;流速計
hidrometri	水测	【理】液体比重測定;流速測定
hidroplan	水划	【空】水上飛行機,=maraviadilo
hidrosfer	水球	【地質】【生態】【PIV】Tuto de la akvaj elementoj de Tero: la hidrosfero precipe konsistas el la oce
hidrostatik	水静	{Ｏ}流体静力学,静水力学
hidrosulfit	水硫盐	【PIV】(ark. (arkaismo, arkaisme)) = ditionito (Vd (vidu) tion/).
hidroterapi	水疗	{Ｏ}【医】水治療法
higrograf	湿记	【PIV】Au^tomate registranta higrometro.
higrometr	湿计	{Ｏ}【気】湿度計
higrometri	湿测	【PIV】Mezurado de la aermalsekeco.
higroskop	湿镜	【気】検湿器
himenomicet	膜菌	【植】【PIV】Grupo de bazidifungoj (ampleksanta la eksan klason Hymenomycetes), kies bazidioj f
himenopter	膜翅	【動】膜翅類（ハチやアリなど）
hiperemi	超血	【医】充血,>>sangalfluo,>>kongesto
hiperestez	超感	【PIV】Hipersensiveco.
hiperestezi	超感	【医】【PIV】Troa, nenormala sensiveco, kau^zata de superekscitig^o de la sensaj nervoj.
hiperkrit	超临界	【PIV】= superkrita.
hiperonim	超名	【語】上位語,=supervorto,><hiponimo
hipertensi	超压	【病】高血圧（症）
hipertrofi	超养	{Ｏ}【病】肥大
hipnototerapi	催眠疗	【PIV】Terapia uzo de hipnoto, ekz. (ekzemple) por malpliigi dolorojn.
hipocentr	亚央	【地質】【PIV】Loko en la interno de Tero, kie estig^as tertremo; fokuso de tertremo. Vd epicent
hipoderm	亚皮	【解】【PIV】1 Subhau^ta, grasoric^a konektivo, kiu ligas la dermon al la subaj muskoloj. Sin. 
hipodrom	马道	{Ｏ}競馬場;【史】（馬・戦車の）競技場
hipoestez	亚感	【PIV】Hiposensiveco.
hipogastr	亚胃	【解】【PIV】Meza malsupra parto de la ventro, kus^anta sub linio pasanta c^e la supro de la ko
hipoglos	亚舌	【解】【PIV】1 Tuto de la nervoj de la 12a krania paro, kiuj donas fibrojn al la langaj muskolo
hipogrif	马狮鹰	【PIV】Fabela estaj^o, duone c^evalo duone grifo.
hipokas^tan	马栗	【植】マロニエ,セイヨウトチノキ,=c^evalkas^tano,>>eskulo
hipokondr	亚软骨	【解】【PIV】(hypochondrium) C^iu el la du regionoj dekstre k maldekstre de la epigastro, super
hiponim	亚名	【語】下位語,=subvorto,><hiperonimo
hipopotam	马河	{Ｏ}【動】カバ
hipostaz	亚滞	【医】【哲】【キ】【PIV】1 Sanga amasig^o en la malsupro de la pulmoj, pro malbona cirkulado k devigo
hipotalam	亚丘脑	【解】【PIV】(hypothalamus) Regiono de la diencefalo sub la talamoj, formanta la plankon de la 
hipotenar	亚鱼际	【解】【PIV】(hypothenar) Elstaraj^o en la manplato c^e la ulna rando. Vd tenaro.
hipotensi	亚压	【病】低血圧（症）
hipotez	亚题	仮説の,仮定の
hipsogram	高图	【PIV】= niveldiagramo.
hipsometr	高计	【学】沸点測高計
hipsometri	高测	【学】沸点測高法
histogenez	织源	【生】【PIV】Formig^o k disvolvig^o de la histoj.
histolog	织学家	【PIV】Sciencisto, kiu studas histologion.
historiograf	史记	【PIV】Persono, oficiale komisiita verki la historion de difinita tempo, reg^ado ktp (kaj ti
historiografi	史志	【PIV】La arto au^ verkaro de historiografo.
holocefal	全头	【動】【PIV】Subklaso (Holocephali) de kartilagfis^oj, ampleksanta la h^imerojn k.a. (kaj aliaj
holograf	全记	【法】【PIV】Testamento, tute skribita de la mano de la testamentinto.
holografi	全志	【理】ホログラフィー
hologram	全图	【理】ホログラム
homofon	同声	【語】【PIV】Morfemo au^ vorto foneme identa kun alia morfemo au^ vorto. Vd homonimo.
homokromi	同色	【動】【PIV】Adaptig^o de kelkaj animaloj al la medio, kiuj farig^as pli-malpli samkoloraj kiel
homomorf	同形	【数】【PIV】(pp (se paroli pri) strukturo) Tia, ke g^i konservas certajn ecojn de alia struktu
homomorfi	同形	【PIV】(pp (se paroli pri) grupo, ringo ktp (kaj tiel plu)) Bildigo, kiu respektas la koncer
homonim	同名	{Ｏ}【Ｇ】同音異義語,>>sinonimo
homopter	同翅	【動】【PIV】Grupo (eksa ordo Homoptera) de insektoj kun g^enerale kvar membranecaj flugiloj, a
homozigot	同合子	【生】【PIV】Individuo au^ c^elo, kiu koncerne la studatan karakteron (econ) heredis la saman g
horoskop	钟镜	{Ｏ}（星占い用）天宮図,ホロスコープ;星占い,占星術
ideogram	意字	=ideografiaj^o（表意文字）
ideolog	意学家	理論家,イデオローグ;【哲】観念学派の人;《転》空論家
idiotism	愚主义	{Ｏ}【語】慣用語法,=idiomaj^o
ih^tiolog	鱼学家	【PIV】= iktiologo.
ikonografi	圣像志	【PIV】Repertuaro de bildoj, ilustraj^oj, portretoj ktp (kaj tiel plu) pri difinita homo, ep
ikonoklast	圣像屑	【PIV】1 Rompisto de bildoj, statuoj de sanktuloj ktp (kaj tiel plu), rigardataj kiel idolaj
ikonologi	圣像学	【PIV】Studo de la ikonoj.
ikonoskop	圣像镜	【電】【PIV】Frua formo de tubo en televida kamerao por skani fotoaktivan mozaikon. Vd ortikono
ikonostaz	圣像滞	【キ】【PIV】En la ortodoksaj preg^ejoj, vando, apartiganta la sanktejon disde la cetero de la 
iktiolog	鱼学家	【PIV】Sciencisto pri iktiologio.
iktiologi	鱼学	【PIV】Parto de la zoologio pri la fis^oj.
ileit	肠炎	【医】【PIV】Inflamo de la ileo.
impresionism	印象主义	【芸】印象主義,印象派
impresionist	印象家	【芸】印象主義者,印象派（の人）
impulsometr	冲计	【電】【PIV】Aparato, kiu registras (au^ gravuras) la formon de kurent impulsoj, elirantaj el t
imunologi	免学	【生】【医】【PIV】Scienco pri la imuneco de c^eloj k vivuloj kontrau^ fremdaj molekuloj au^ c^elo
individualism	个主义	=individuismo（個人主義）
individualist	个家	=individuisto（個人主義者）
infarktogen	梗生	【PIV】Estiganta infarkton.
insekticid	虫杀	殺虫剤,=insektmortigilo
insulinoterapi	胰岛素疗	【PIV】Terapio per insulino.
interfac	间面	【情】インタフェース
interferometr	涉计	【理】干渉計
interferometri	涉测	【PIV】Parto de la fiziko, en kiu oni uzas interferometrojn: interferometriaj metodoj povas 
interfon	间声	【PIV】Interkomunika sistemo, kiu uzas au^ telefonaparatojn au^ kapau^dilojn k mikrofonojn, 
interlingvist	间语家	国際語学者
interlingvistik	间学	国際語学
irisektomi	虹膜除	【医】【PIV】Parta desekco de la iriso.
irisit	虹膜炎	【医】【PIV】Inflamo de iriso(j).
irisotomi	虹膜切	【PIV】Simpla entranc^o de iriso, por krei artan pupilon.
iskiatalgi	坐神痛	【医】【PIV】Sindromo, karakterizata precipe de tre vigla doloro lau^longe de la iskiato k g^ia
izobar	等压	【気】等圧線;【理】同重体
izocianat	等青盐	【化】【PIV】Organika derivaj^o de la nestabila izocianata acido HNCO: metilizocianato, CH 3-N=
izodinam	等力	【理】等力線
izoelektr	等电	【化】【PIV】(pp (se paroli pri) molekulo) Tia, ke g^iaj pozitivaj k negativaj s^argoj estas eg
izoglos	等注	【語】【PIV】En la teritorio de lingvo au^ dialekto, linio dividanta la lokojn, kiuj diferencas
izoklin	等斜	【PIV】Linio el punktoj de sama magneta inklinacio.
izoleu^cin	等亮	【化】【PIV】Aminacido tre parenca al leu^cino, CH 3-CH 2-CH(CH 3)-CH(NH 2)-COOH; simb. (simbol
izolmetr	隔计	【電】【PIV】Aparato por mezuri la izolitecon de konduktilo. Vd ommetro.
izometr	等米	【数】【PIV】(pp (se paroli pri) metrika spaco) Tia, ke c^iuj g^iaj distancoj estas egalaj al l
izometri	等测	【PIV】Bijekcio, kiu konservas c^iujn distancojn.
izomorfi	等形	【数】【PIV】Bijekcio, kiu kune kun sia inverso konservas c^iujn studatajn ecojn de strukturo.
izopod	等足	【動】【PIV】Ordo (Isopoda) de krustacoj, el la subklaso de malakostrakoj, dorsoventre plataj. 
izopter	等翅	【動】【PIV】Ordo (Isoptera) de insektoj sen pupa stadio, ampleksanta la termitojn.
izos^unt	等分流	【PIV】S^unto, kies rezistanco estas egala al tiu de alia s^unto, lokita serie kun g^i.
izospin	等旋	【理】【PIV】Kvantuma nombro de nukleaj partikloj k distingiga inter protono k neu^trono.
izostaz	等滞	【地質】【PIV】Stato de hidrostatika ekvilibro de la terkrusto je ia profundo, lau^ la principo 
izoterm	等热	【理】等温の
jodat	碘盐	【化】【PIV】Salo de jodata acido.
jodid	碘化	【化】ヨウ化物
jodil	碘基	【化】【PIV】Radiko (IO): jodila sulfato, (IO) 2 SO 4. Vd jodozo.
jodoform	碘形	【化】ヨードホルム
jodometri	碘测	【PIV】Kvanta analiza metodo, uzanta la oksidigon de jodido al jodo.
jonosfer	离子球	【PIV】La plej supra tavolo de la interna atmosfero (komencig^anta en altitudo de 80 km (kil
kablogram	缆图	【PIV】Telegramo, sendata per transmara kablo.
kakografi	屎志	【PIV】Malbela au^ erarplena skribmaniero.
kalkulmetr	算计	【PIV】C^iuforma ilo (glit kalkulilo k.a. (kaj aliaj)), por faciligi kalkulojn per legado de
kanaliz	渠化	［他］（地域に）運河を作る,水路をつける
kancerogen	癌生	【PIV】= kanceriga.
kancerologi	癌学	【PIV】Studo de la kanceroj.
karakterologi	格学	【心】【PIV】Scienca studo de la homaj karakteroj k de la rimedoj klasi individuon en karaktera
karbid	炭化	【化】【PIV】Salo au^ kombinaj^o de anjona karbono: fera(III) karbido, F 3 C (Sin. (sinonimo) c
karbonid	碳化	【PIV】Karbido.
karbonil	碳基	【化】【PIV】1 La radiko ≻C=O, komuna al c^iuj aldehidoj k ketonoj: la karbonilo de etanalo est
karburator	碳具	【PIV】= karburilo.
kardimiopati	心肌病	【PIV】C^iu malsano de la miokardio.
kardioid	心似	【数】【PIV】Epicikloido tia, ke g^iaj generantaj cirkloj fiksa k rulig^anta estas same grandaj
kardiolog	心学家	【PIV】Kuracisto, specialisto de la kormalsanoj.
kardiologi	心学	【PIV】Parto de la medicino pri la kormalsanoj.
kardiopati	心病	【PIV】Kn (Kolektiva nomo) de c^iuj kormalsanoj.
kardiotomi	心切	【PIV】Kirurgia incizo de la koro.
kardjalgi	胃门痛	【医】【PIV】Formo de gastralgio, situanta apud la kardjo.
kardjotomi	胃门切	【PIV】Kirurgia incizo de la kardjo.
kartograf	卡记	{Ｏ}地図製作者
kartografi	卡志	{Ｏ}地図製作法
kazuist	疑难家	【キ】決疑論者
kemiterapi	化学疗	【PIV】Kuracado, pli speciale de kanceroj, per kemiaj substancoj.
keratit	角炎	【医】【PIV】Kn (Kolektiva nomo) de c^iuj korneaj inflamoj: herpeta keratito. Sin. (sinonimo) k
kilobajt	千字节	【情】キロバイト（kB）
kilobit	千位	【情】キロビット（kb）
kilocikl	千环	【理】キロサイクル（kc）
kilolitr	千升	【単】キロリットル（kl）
kilopod	千足	【動】【PIV】Klaso (Chilopoda) de rapidkuraj miriapodoj, kies segmentoj havas paron da kruroj p
kinezopati	动病	【PIV】Veturmalsano.
kinoskop	映镜	【映】シネマスコープ
kladogenez	支源	【PIV】Estig^o k evoluo de la kladoj: kladgeneza arbo de la plantoj (skemo montranta la klad
klimatolog	气候学家	【PIV】Fakulo pri klimatologio.
klimatoterapi	气候疗	【PIV】Apliko al la kuracado de la divers klimataj efikoj sur la homa korpo.
klinometr	斜计	【理】クリノメーター,傾斜計,=deklivometro
klitorektomi	阴蒂除	【医】【PIV】Ablacio de la klitoro. -> ekscizi.
kloremi	氯血	【医】【PIV】C^eesto au^ kvanto de kloro en la sango.
klorofic	氯藻	【植】【PIV】Klaso (Chlorophyceae el klorofitoj) de verdalgoj unuc^elaj, koloniaj au^ filamenta
klorofit	氯植	【植】【PIV】Filumo (Chlorophyta), v.s. proks. (proksimume) ampleksanta la verdalgojn; 4 klasoj
kojlektomi	结肠除	【PIV】Parta au^ tuta fortranc^o de la kojlo.
kojlostomi	结肠漏	【PIV】Kreado de artefarita anuso, per alkudro de la kojlo (pli ofte la descenda) al la korp
koksalgi	股痛	【病】股関節痛
koksit	股炎	【医】【PIV】Artrito c^e la kokso.
koksopati	股病	【医】【PIV】Kn (Kolektiva nomo) de la koksaj malsanoj k afekcioj.
kolapsoterapi	崩疗	【PIV】(ark. (arkaismo, arkaisme)) Tuto de la terapiaj metodoj medicinaj au^ kirurgiaj, kiuj
kolecistit	胆囊炎	【医】【PIV】Inflamo de la galveziko.
koleemi	胆血	【医】【PIV】Ekzisto de galaj elementoj en la sango: koleemio flavigas la hau^ton k okulojn. Vd
kolesterolemi	胆醇血	【生】【医】【PIV】Kvanto de kole sterolo en la sango.
kolormetr	色计	【PIV】Aparato por mezuri diversajn parametrojn de koloro, i.a. (interalie, inter aliaj) int
kolormetri	色测	【PIV】La fako pri la mezurado de la parametroj de koloro.
kolorometr	色计	【理】比色計
kolorometri	色测	【PIV】La fako pri la mezurado de la parametroj de koloro.
komatogen	昏生	【PIV】Estiganta komaton.
kompensator	补具	【電】=kompensilo（補償器）
komutator	换具	【電】=komutilo（切換スイッチ）
kondensator	凝具	【電】=kondensilo（コンデンサー）;【光】=kondensoro（集光レンズ）
kondrektomi	软骨除	【PIV】Desekco de kartilago, precipe de la ripaj kartilagoj.
kondrit	软骨炎	【医】【地質】【PIV】1 Inflamo de kartilago. 2 Aerolito, precipe konsistanta el kondroj 2.
kondrom	软骨瘤	【PIV】Tumoro el kartilaga histo.
konjunktivit	结膜炎	【病】結膜炎
konkologi	贝学	【PIV】Scienco pri la konkuloj.
konvulsiterapi	抽风疗	【PIV】Traktado de diversaj psikozoj per konvulsiaj s^okoj.
kordit	弦炎	【医】【PIV】Inflamo de la voc^kordoj.
kormofit	茎叶体植	【PIV】Embriofitoj.
koronariit	冠炎	【医】【PIV】Inflamo de la koronariaj arterioj, neofte povanta estigi miokardian infarkton.
kortikoterapi	皮疗	【PIV】Terapio per kortikosteroidoj (kortizono k parencaj hormonoj k iliaj derivaj^oj).
kortikotrop	皮向	【生】【医】【PIV】Havanta afinecon al la kortika substanco de la surrena glando (kortikoafina) au
kosmogoni	宇源	{Ｏ}宇宙進化論
kosmograf	宇记	{Ｏ}《古》宇宙形状誌学者
kosmografi	宇志	{Ｏ}《古》宇宙形状誌
kosmolog	宇学家	宇宙論学者
kosmologi	宇学	宇宙論
kosmonau^t	宇航	宇宙飛行士,=astronau^to
kosmonau^tik	宇航学	【PIV】Scienco pri la kondic^oj k pretigo de la rimedoj por vojag^oj inter la planedoj au^ l
kraniologi	颅学	【PIV】1 Frenologio. 2 Antropologia fako pri la kranioj.
kraniometri	颅测	【医】頭骨計測,頭蓋計測
kremometr	酪计	【PIV】Instrumento, uzata por mezuri la kvanton da kremo en lakto.
krimolog	罪学家	【PIV】Fakulo pri krimologio.
krimologi	罪学	【PIV】Scienco pri krimeco.
kriogenik	冻生学	【理】【PIV】Produktado de tre malaltaj temperaturoj k esploro de iliaj efikoj.
kriometri	冻测	【理】【PIV】Mezuro de la temperaturoj de frostig^o de solvaj^o.
krioskopi	冻镜	【化】【理】【PIV】Determinado de la fandopunkto: uzo de krioskopio por mezuri la molekulmason.
kriostat	冻态	【理】【PIV】Aparato por malvarmigi substancon g^is tre malaltaj temperaturoj.
krioterapi	冻疗	【PIV】= fridoterapio.
kriptonim	墓窖名	【PIV】Kas^nomo: kontrau^ la artikolo de p-ro D. mi skribis (sub kriptonimo) respondon . Vd 
kristalograf	晶记	結晶学者
kristalografi	晶志	結晶学の
kromatografi	色志	【化】【PIV】Analizmetodo de la konsistaj^oj de miksaj^o, kiuj, solvitaj en fluido (gaso, likvo
kromiflav	金黄	【PIV】Plumba kromiato PbCrO 4.
kromofotografi	色拍志	【写】天然色写真術
kromolitografi	色石志	【印】着色石版術
kromosfer	色球	【天】【PIV】Tavolo kelkmil km (kilometro) dika, transig^a inter fotosfero k korono.
kronograf	时记	［他］（クロノグラフで）計時する,記録する
kronologi	时学	年代学の;年代順の
kronometri	时测	【理】時間測定（法）
kronostratigrafi	时层志	【地質】【PIV】Stratigrafio pri la ag^o de la tavoloj k iliaj tempaj rilatoj: la kronostratigraf
ksenofob	外怕	【PIV】Homo malsanece malamanta la alilandulojn.
ksenofobi	外症	【PIV】Malsaneca malamo al la alilanduloj.
kseroderm	干皮	【医】【PIV】Afekcio, en kiu la hau^to estas tre seka.
kserofit	干植	【植】【PIV】Sekeja planto.
kseroftalmi	干目	【医】【PIV】Afekcio, en kiu la konjunktivo estas tre seka pro manko de vitamino A.
kserografi	干志	【PIV】Procedo de senkontakta presado, per specialaj pulvoroj fotokonduktivaj.
ksilofon	木声	{Ｏ}【楽】シロホン,木琴
ksilograf	木记	［他］木版に彫る
ksilografi	木志	木版術
kultivator	栽具	【PIV】(evi (evitinda)) = kulturmas^ino.
kumarat	木盐	【化】【PIV】Salo au^ estero de kumarata acido, C 6 H 4 (OH)CH=CHCOOH.
kuriterapi	廷疗	【PIV】(ark. (arkaismo, arkaisme)) Terapio per radiumo k artefaritaj radioelementoj.
laparoskopi	腹镜	【PIV】Esploro de la abdomena kavo per optika instrumento, ens^ovita tra aperturo de trokaro
laparotomi	腹切	【医】開腹術
laringit	喉炎	【病】喉頭炎,=gorg^inflamo
laringolog	喉学家	【PIV】Kuracisto, kiu specialig^is pri la laringaj malsanoj, ofte ankau^ pri la nazaj k orel
laringologi	喉学	【PIV】Studo de la laringo k ties malsanoj.
laringoskopi	喉镜	【PIV】Rekta ekzameno de la laringo per laringa spegulo (laringoskopo).
laringotomi	喉切	【PIV】Malfermo de la laringo per incizo.
leksikograf	词汇记	【PIV】Au^toro de vortaro.
leksikografi	词汇志	【PIV】Scienco pri la farado de vortaroj.
leksikolog	词汇学家	【PIV】Specialisto pri leksikologio.
leksikologi	词汇学	語彙（ごい）論,辞学
lensometr	镜计	【PIV】Aparato por mezuri la dioptrikan povon de la okulvitraj lensoj.
leu^kopoez	白生	【生】【PIV】Formig^o de leu^kocitoj en la organismo. Sin. (sinonimo) leu^kocitopoezo.
levator	举具	【PIV】1 = elevatoro. 2 Nomo de diversaj muskoloj, kiuj servas por levi membron: skapola, bu
lienektomi	脾除	【PIV】Parta au^ tuta ablacio de la lieno.
lienit	脾炎	【医】【PIV】Inflamo de la lieno.
limfatism	淋主义	【医】リンパ質,リンパ体質
limfocit	淋胞	【生】【PIV】Blanka globulo kun unu dika globa nukleo. Vd leu^kocito.
lipoliz	脂解	【生】【化】【PIV】Hidrolizo de la lipidoj en la organismo.
lipom	脂瘤	【医】【PIV】Negrava tumoro, konsistanta el subhau^ta grashisto.
lipoprotein	脂蛋白	【PIV】Vd (vidu) proteino.
litografi	石志	{Ｏ}【印】石版印刷（術）,リトグラフィー
litologi	石学	【地質】【PIV】Parto de petrologio pri la fizikaj karakteroj de la petroj.
litosfer	石球	【地質】【PIV】Supra, rigida tavolego de la terglobo, ampleksanta la kruston k la ekstremsupran 
litoskop	石镜	【医】【PIV】Ilo, uzata por vidi k mezuri s^tonon en la veziko.
litotomi	石切	【医】【PIV】Fragmentigo k eltiro de s^tono el la urina veziko.
lizosom	解体	【生】【PIV】(pp (se paroli pri) eu^kariotaj c^eloj) Vakuolo kun acida enhavo k enzimoj kapabla
lokomobil	处动	{Ｏ}【機】移動式蒸気機関
lumbalgi	腰痛	【病】腰痛,=lumba doloro
lumterapi	光疗	【PIV】Foto terapio.
magnetometr	磁计	【理】磁力計
magneton	磁子	【理】磁子
magnetosfer	磁球	【天】【PIV】Dikega, neregulforma tegaj^o de magneta kampo c^irkau^ Tero k aliaj c^ielaj korpoj
magnetoskop	磁镜	【PIV】Aparato por magnete registri sur bendon samtempe sonojn k movig^antajn bildojn el kam
magnetostring	磁勒	【理】磁歪（わい）,=magnetodeformo
magnolifit	木植	【PIV】Filumo (Magnoliophyta) el semplantoj. Sin. (sinonimo) angiospermoj.
magnoliofit	木植	【PIV】Filumo (Magnoliophyta) el semplantoj. Sin. (sinonimo) angiospermoj.
makrocefal	宏头	《古》【動】=kac^aloto（マッコウクジラ）
makrofag	宏吞	【解】【PIV】C^elo de la imuna sistemo, abunda en la kunigaj histoj: makrofagoj fagocitas bakte
makrokosm	宏宇	大宇宙,><mikrokosmo
makrometr	宏计	【PIV】= makromova.
makropod	宏足	【動】【PIV】G. (Macropus) de kanguruoj, Au^straliaj saltantaj marsupiuloj kun tre longaj posta
makroskop	宏镜	【理】巨視的な;=okulvidebla（肉眼で見える）
malariologi	疟学	【PIV】Studo de malario k de g^ia kuracado.
malarioterapi	疟疗	【PIV】(ark. (arkaismo, arkaisme)) Terapia inokulo de la malaria hematozoo, pasintece uzata 
mamalgi	乳痛	【医】【PIV】Mama doloro.
mamektomi	乳除	【医】【PIV】Ablacio de mamo.
mamografi	乳志	【医】マンモグラフィー,乳房Ｘ線撮影法
manipulator	操具	=manipulilo（マニピュレーター）
mapotek	图包	【PIV】Ejo, kie oni klasas k konservas mapojn 1.
mastoidit	乳突炎	【医】【PIV】Inflamo de mastoido(j).
mediastinit	纵隔炎	【医】【PIV】Inflamo de mediastina konektivo.
mediologi	境学	【PIV】Studo de la rilatoj inter la vivuloj k ilia medio: histologia mediologio.
medolektomi	髓除	【医】【PIV】Desekco de la medola histo (pp (se paroli pri) la surrena glando).
medolopati	髓病	【医】【PIV】Kn (Kolektiva nomo) de la afekcioj de la osta medolo. -> mjelopatio.
medolpati	髓病	【医】【PIV】Kn (Kolektiva nomo) de la afekcioj de la osta medolo. -> mjelopatio.
megafon	巨声	メガホン,拡声器
megalit	巨石	巨石の;巨石文化の
megommetr	兆计	【PIV】Aparato por mezuri tre altajn rezistancojn. Vd izolmetro.
meh^anist	械家	【PIV】Mekanikisto.
meh^aniz	械化	【PIV】(tr (transitiva)) Anstatau^igi malnovajn laborfortojn per mas^inoj: meh^anizi armeon.
meh^anograf	械记	【PIV】Oficisto, kiu aplikas meh^anografion.
meh^anografi	械志	【PIV】Tekniko, per kiu oni registras la informojn oficejajn, literajn au^ ciferajn, per tra
meh^anoterapi	械疗	【医】【PIV】Mekanikoterapio.
mekanikoterapi	械疗	【PIV】Uzo de specialaj mekanikaj aparatoj por kuracocele movi la artikojn ktp (kaj tiel plu
melanemi	黑血	【PIV】Enesto de melanino en la sango.
melanom	黑瘤	【PIV】1 Malbonprognoza kancero de hau^to k apuda mukozo; g^i devenas de la pigmentaj c^eloj
meningit	脑膜炎	【病】髄膜炎,=meninginflamo
mesenter	中肠	【解】【PIV】Mesoentero (Vd (vidu) meso/).
mesoenter	中肠	【PIV】Mesoo, liganta la abdomenan parieton al la maldika intesto. Sin. (sinonimo) mesentero
metacentr	超央	【理】傾きの中心
metafaz	超相	【生】【PIV】Fazo de mitozo k mejozo, dum kiu la kromosomoj arang^ig^as c^e la ekvatoro de la c
metalografi	金志	【PIV】Scienco pri la metaloj.
metapsiki	超心	心霊学,心霊研究
metastabil	超稳	【理】準安定の
metastaz	超滞	【医】【PIV】Kancerrecidivo en alia korpoparto.
metatars	超足根	【解】中足（ちゅうそく）;中足骨
meteolog	气学家	気象学者,=meteorologo
meteologi	气学	気象学,=meteorologio
meteorism	陨主义	【医】鼓腸
meteorolog	气学家	{Ｏ}気象学者,=meteologo
meteorologi	气学	{Ｏ}気象学,=meteologio
metodologi	法学	【哲】方法論
metrologi	米学	【学】度量衡学,計測学
metronom	计律	{Ｏ}【楽】メトロノーム
mezenter	中肠	【PIV】(evi (evitinda)) = mesoentero (Vd (vidu) meso/).
mezocefal	中头	【解】【PIV】Mezkraniulo.
mezoderm	中皮	【生】【PIV】C^eltavolo de embrio, kiu formig^as inter la ektodermo k endodermo: el mezodermo d
mezolitik	中石学	【PIV】Transira facio, post la paleolitiko k antau^ la neolitiko, karakterizata de la mikrol
micetologi	菌学	【PIV】(evi (evitinda)) = fungologio.
miit	肌炎	【医】【PIV】Inflamo de la muskola histo.
mikolog	菌学家	【植】【PIV】Fungologo.
mikologi	菌学	【PIV】Fungologio.
mikoplasm	菌浆	【生】【PIV】G. (Genro) (Mycoplasma el mikoplasmaloj) de tre malgrandaj eu^bakterioj, el kiuj M
mikrobicid	细菌杀	【医】【PIV】Substanco detruanta au^ mortiganta la mikrobojn.
mikrobiologi	微生学	微生物学
mikrobologi	细菌学	【PIV】Studo pri la mikroboj k ilia agado. Sin. (sinonimo) mikrobiologio.
mikrobrec^i	微角砾岩	【PIV】Brec^io el rokfragmentoj inter 1/16 k 2 mm (milimetro(j)).
mikrofilm	微影	［他］【写】マイクロフィルムに撮影する
mikroflau^r	微植相	【PIV】Flau^ro 2.
mikrofon	微声	{Ｏ}マイクロフォン
mikrograjn	微粒	【PIV】Etgrajna.
mikrokanel	微槽	【楽】ＬＰレコードの,=longeluda
mikrokok	微菌	【生】球菌,ミクロコッカス（属）
mikrokosm	微宇	小宇宙;（宇宙の縮図として）人間,><makrokosmo
mikrokredit	微信受	《Ｎ》【経】マイクロクレジット,小規模金融
mikrokristal	微晶	【地質】【PIV】(pp (se paroli pri) petro, senatente pri g^ia deveno) Konsistanta precipe au^ tut
mikrolit	微石	【PIV】1 Malgranda silikosplito, ofte geometria, elemento de prahistoria ilaro, c^efe dum la
mikrometr	微米	{Ｏ}【理】マイクロメーター
mikromezuril	微测具	【技】【PIV】Instrumento por precize mezuri tre maldikajn objektojn per antau^eniro de s^rau^bo
mikromov	微动	【PIV】(pp (se paroli pri) s^rau^bo) Servanta por malrapide k tre malmulte movi la tubon de 
mikroond	微波	【理】【PIV】Elektromagneta ondo kun ondlongo inter 1 m k 1 mm (milimetro(j)): mikro onda kuiri
mikroorganism	微器主义	【生】微生物
mikropipet	微移液	【PIV】Pipeto, uzata c^efe de biokemiistoj por elpreni mikrolitrojn da likvoj.
mikrotom	微切	【理】ミクロトーム
miligram	毫克	{Ｏ}【単】ミリグラム（mg）
mimeograf	印记	［他］謄写版で刷る,=multobligi
mineralog	矿学家	{Ｏ}鉱物学者
mineralogi	矿学	{Ｏ}鉱物学
minutator	分具	【PIV】= tempums^altilo.
miopati	肌病	【PIV】Grava, hereda muskola atrofio.
miriametr	万米	{Ｏ}【単】ミリアメートル（＝１万メートル）
miriapod	万足	【動】多足類
miringit	鼓膜炎	【医】【PIV】Inflamo de unu au^ ambau^ miringoj.
miringotomi	鼓膜切	【医】【PIV】Incizo de miringo.
mitolog	神话学家	{Ｏ}神話学者
mitologi	神话学	{Ｏ}神話学;神話体系,神話集
mitrit	冠炎	【カ】ミトラを授けられた（司教と同格である）
mjelit	髓炎	【病】脊髄炎,=mjelinflamo
mjelopati	髓病	【PIV】C^iu afekcio de la mjelo. -> medolopatio.
moderator	适具	【理】【PIV】Moderigaj^o.
monism	单主义	【哲】一元論,>>dualismo,><plurismo
monist	单家	【PIV】Adepto de monismo.
monogami	单配	一夫一婦制,>>poligamio
monografi	单志	【学】モノグラフ,（特定課題についての）専攻論文
monogram	单字	{Ｏ}【印】モノグラム,（氏名の頭文字などを図案化した）組合せ文字
monoklin	单斜	【理】【地質】【PIV】(pp (se paroli pri) kristalsistemo) Havanta elementan c^elon, kiu estas neorta
monokotiledon	单子叶	【植】【PIV】Unukotiledonoj.
monokristal	单晶	【理】単結晶
monolit	单石	モノリスの;《転》一枚岩の
monolog	单话	［自］独白する;ひとりごとを言う;《転》長話をする
monomani	单狂	{Ｏ}《古》【病】偏執狂,モノマニア,>>paranojo
monomer	单链节	【PIV】Molekulo, responda al mero, uzata en la fabrikado de poli mero.
monomorfi	单形	【数】【PIV】Enjekcia homomorfio; pli g^enerale, morfio kun analoga eco.
monooksid	单氧化	【PIV】Oksido kun unu oksigenatomo: karbona monooksido (Vd karbono).
monopetal	单瓣	【PIV】1 = unupetala. 2 (ark. (arkaismo, arkaisme)) = kunig^petala.
monoplan	单划	【空】単葉機,>>biplano
monosakarid	单蔗子	【化】【PIV】Sakarido, konsistanta el nur unu polihidroksila aldehido au^ ketono. Sin. (sinonim
monosom	单体	【PIV】= unusoma.
monoteism	单神主义	{Ｏ}【宗】一神論,一神教,=unudiismo
monoteist	单神家	【宗】一神論者,一神教信者,=unudiisto
monotip	单型	【PIV】Presmas^ino, kiu fandas k kompostas la literojn po unu. Vd linotipo.
montenegr	山黑	{Ｏ}モンテネグロの;モンテネグロ人の;モンテネグロ語の
morfogenez	形源	【生】【PIV】Estig^o k disvolvig^o de la organoj dum la embria vivo. Vd embriogenezo.
morfologi	形学	【語】形態論;【生】形態学
mukoz	粘症	【解】粘膜,=mukmembrano
muskoloz	筋症	【解】【PIV】Muskola parieto de la visceroj, inter la ekstera serozo k la interna mukozo.
naturalism	自然主义	{Ｏ}【芸】【哲】自然主義
naturalist	自然家	【芸】【哲】自然主義者
nefometr	云计	【PIV】Mezurilo por la nubokvanto.
nefoskop	云镜	【PIV】Instrumento, por mezuri la direkton k rapidecon de la nuboj.
nefrektomi	肾除	【PIV】Parta au^ tuta ablacio de unu reno.
nefrologi	肾学	【PIV】Medicina fako pri la renoj.
nefropati	肾病	【PIV】(Kn (Kolektiva nomo)) Rena afekcio.
nekrofili	死爱	【心】【PIV】Emo al sekskunig^o kun kadavroj.
nekroz	死症	【医】【PIV】1 Morto de histo. Vd gangreno. 2【植】 Morto de plant-c^eloj au^ ‑histo, precipe kiam
neolitik	新石学	【考古】新石器時代,=novs^tonepoko
neolog	新话	【PIV】Lingvisto au^ verkisto, kiu provas enkonduki en lingvon g^is tiam ne uzatajn vortojn,
neoplasm	新浆	【医】【PIV】Malsaneca histo, rezultanta el neoplazio. Vd kancero.
neoplazi	新生	【医】【PIV】Formig^o de nova histo per pli-malpli senbrida multoblig^o de nenormalaj c^eloj, k
nervologi	神经学	【解】【PIV】Anatomia fako pri la nerva sistemo.
neu^ralgi	神经痛	【病】神経痛,=nervodoloro
neu^rasteni	神经弱	【病】神経衰弱
neu^rokirurgi	神经外科	【医】脳外科
neu^rolog	神经学家	【PIV】Specialisto pri neu^rologio.
neu^rologi	神经学	神経学,神経内科（学）
neu^rom	神经瘤	【PIV】Tumoro el la nerva histo.
neu^ropati	神经病	【医】【心】【PIV】1 (kn (kolektiva nomo)) Nerva afekcio: neu^ropatio diabeta, vaskula, alkohola, 
neu^ropter	神经翅	【虫】脈翅類（みゃくしるい）
neu^rospor	神经胞子	【植】【PIV】G. (Genro) (Neurospora el Sordariaceae) kosmopolita de 12 sp-oj (specioj) de askof
neu^rotrop	神经向	【PIV】(pp (se paroli pri) kemia substanco, mikrobo, viruso ktp (kaj tiel plu)) Nervoafina.
nihilism	无主义	{Ｏ}ニヒリズム,虚無主義
nihilist	无家	{Ｏ}ニヒリスト,虚無主義者
nimfomani	精狂	【病】ニンフォマニア,女子色情症,>>satiriazo
niobat	金盐	【化】【PIV】Salo de niobata acido H 3 NbO 4.
nitrid	氮化	【化】窒化物
nuklegami	核配	【生】【PIV】Kunig^o de du nukleoj dum seksa procezo.
nukleogami	核配	【生】【PIV】Kunig^o de du nukleoj dum seksa procezo.
nukleon	核子	【理】核子,>>protono,>>neu^trono
numerator	号具	【数】分子,>>denominatoro
obturator	堵具	【PIV】= fotoaparata obturilo.
oceanografi	洋志	海洋学,=marscienco
oceanolog	洋学家	【PIV】Specialisto pri oceanologio.
oceanologi	洋学	【PIV】Scienca studo de la oceanoj k de ties fundoj: fizika, kemia, biologia, aplikata ocean
oftalmit	目炎	【病】眼炎,=okulinflamo
oftalmolog	目学家	【医】眼科医,=okulkuracisto
oftalmologi	目学	【医】眼科
oftalmometr	目计	【PIV】Aparato, inventita de D-ro Javal, por mezuri la kornean kurbig^on.
oftalmoskop	目镜	【PIV】Optika aparato, por ekzameni la internon de la okulo k tute aparte la okulfundon k la
oftalmoskopi	目镜	【医】【PIV】Ekzameno de la okulfundo.
oksiuricid	虫杀	【PIV】Medikamento, mortiganta la oksiurojn.
oktaedr	八面	【PIV】1 = regula okedro. 2 = okedro.
oleometr	油计	【PIV】En veturilo, indikilo pri la nivelo de oleo.
oleosom	油体	【植】【PIV】Organeto de iuj vegetaj^aj c^eloj, ric^a je lipidoj, trovig^anta i.a. (interalie, 
oligoelement	寡素	【生】【PIV】C^iu kemia elemento, spurkvante necesa por la vivo (ekz. (ekzemple) Cu, Mn, Zn).
oligomer	寡链节	【PIV】Molekulo, konsistanta el kelkaj meroj: dekstrino estas oligo mero au^ poli mero de gl
oligoterapi	寡疗	【医】【PIV】Kuracado per oligoelementoj, g^enerale uzata en alternativa medicino.
ondometr	波计	【理】波長計
onkogen	肿瘤生	【PIV】Tumorestiga: tabako estas onkogena.
onkologi	肿瘤学	【PIV】Studo pri la tumoroj (precipe la malignaj) k ilia kuracado.
ontogenez	在源	【生】個体発生,=individugenezo
ontologi	在学	【哲】存在論
optimism	乐主义	楽天的な,楽観的な
optimist	乐家	{Ｏ}オプティミスト,楽天主義者;楽天家,><pesimisto
optometr	视计	【PIV】Vidakreca tabulo; c^ia testo, uzata por mezuri la vid-akrecon.
optometri	视测	【医】【PIV】Determino de la vid-akreco per optometro.
orat	金盐	【化】【PIV】Salo de orata acido, H 3 AuO 3 au^ HAuO 2.
organism	器主义	{Ｏ}【生】有機体;生物,=vivulo
orientalism	东主义	東洋趣味;東洋学,>>orientologio
orientalist	东家	東洋通;東洋学者,>>orientologo
orientolog	东学家	東洋学者;オリエント学者
orientologi	东学	東洋学;オリエント学
orkidektomi	兰除	【PIV】Fortranc^o de testiko.
orkidit	兰炎	【病】精巣炎,睾丸炎,=testikinflamo
orkidoterapi	兰疗	【PIV】Terapio per ekstraktoj el testikoj.
ornitolog	鸟学家	{Ｏ}鳥学者,鳥類学者
ornitologi	鸟学	{Ｏ}鳥学,鳥類学
ornitopod	鸟足	【植】【PIV】G. (Genro) (Ornithopus el fabacoj) de unu-, du-k plur-jaraj herboj kun nepare plum
ornitorink	鸟嘴	【動】カモノハシ（鴨嘴）（属）
ortogenez	直源	《Ｎ》【生】定向進化
ortogram	直图	【PIV】= ortangulo.
ortopter	直翅	【虫】直翅類,バッタ目,>>lokusto,>>manto
ortoromb	直角菱	【理】【地質】【PIV】(pp (se paroli pri) kristalsistemo) Havanta elementan c^elon, kiu estas rekta 
oscilator	振具	【電】=oscililo（発振器）
oscilograf	振记	【理】オシログラフ
osciloskop	振镜	【理】オシロスコープ
osmiat	金盐	【化】【PIV】Salo de osmiata acido, H 2 OsO 4.
osmozmetr	渗计	【PIV】Aparato, por mezuri la osmozan premon.
osmozometr	渗计	【理】浸透圧計
ostalgi	骨痛	【医】【PIV】Ostaj doloroj.
ostektomi	骨除	【医】【PIV】Kirurgia fortranc^o de osto.
osteopati	骨病	【PIV】Tiu kuracometodo. Vd kiropraktiko. -> ostopatio.
ostit	骨炎	【医】【PIV】Inflamo de osto(j). Vd ostomedolito.
ostogen	骨生	【生】【PIV】Produktanta oston.
ostogenez	骨源	【生】【PIV】Formig^o k evoluo de la osta histo.
ostologi	骨学	骨学
ostom	骨瘤	【医】【PIV】Tumoro el osta histo.
ostopati	骨病	【医】【PIV】C^iu osta afekcio.
ostotomi	骨切	【医】【PIV】Kirurgia tranc^o de osto.
ostrakoderm	陶片皮	【PIV】Grupo (Ostracodermi el la klaso de senmakzeluloj) de la plej primitivaj fis^oj, kovri
otalgi	耳痛	【PIV】Oreldoloro.
otit	耳炎	【病】耳炎（じえん）,=orelinflamo
otologi	耳学	【PIV】Studo pri la orelo k orelaj malsanoj. -> laringo.
otorinolaringologi	耳鼻喉学	【医】耳鼻咽喉科
otoskop	耳镜	【PIV】Instrumento, per kiu oni vide ekzamenas la orelan kanalon k timpanan membranon.
otoskopi	耳镜	【PIV】Ekzameno de la akustika meato per otoskopo, spegulumo ktp (kaj tiel plu).
ovariektomi	卵巢除	【医】【PIV】Fortranc^o de unu au^ ambau^ ovarioj 1.
ovariit	卵巢炎	【医】【PIV】Inflamo de ovario(j) 1.
ovocit	卵胞	【生】【PIV】Inseksa c^elo, devenanta el ovogonio, naskonta ovolon: unuavica (duploida) ovocito
ovogenez	卵源	【生】【PIV】Estig^o k disvolvig^o de inseksaj c^eloj.
ovogoni	卵源	【生】【PIV】La unua stadiformo de inseksa c^elo, duploida, ne diferencig^inta, naskonta ovocit
ozonometr	臭氧计	【PIV】Aparato, por mezuri la kvanton de ozono en la atmosfero au^ en gaso.
ozonterapi	臭氧疗	【PIV】Terapio per miksaj^o el oksigeno k ozono.
pacifism	和主义	{Ｏ}平和主義,=pacismo
pacifist	和家	{Ｏ}平和主義者,=pacisto
palatit	口顶炎	【医】【PIV】Bus^inflamo, limigita al la palato.
paleograf	古记	{Ｏ}古文書学者
paleografi	古志	{Ｏ}古文書学
paleolitik	古石学	【考古】旧石器時代,=pras^tonepoko
paleontolog	古学家	{Ｏ}古生物学者
palpebrit	目皮炎	【医】【PIV】Inflamo de palpebro(j). Sin. (sinonimo) blefarito.
paniklit	圆锥炎	【医】【PIV】Inflamo de la paniklo 1.
pankreatektomi	胰除	【医】【PIV】Parta au^ plena ablacio de la pankreato.
pankreatit	胰炎	【医】【PIV】Akuta au^ kronika inflamo de la pankreato.
pankromat	全色	【写】（乳剤が）全色性の,パンクロの
panteism	全神主义	{Ｏ}【哲】汎神論（はんしんろん）
panteist	全神家	{Ｏ}【哲】汎神論者
papirolog	纸草学家	【PIV】Specialisto pri papirologio.
papirologi	纸草学	【PIV】Scienco pri la dec^ifro de la antikvaj papirusoj.
paralelogram	并图	{Ｏ}【数】平行四辺形
paraziticid	寄生杀	【PIV】Substanco, uzata por mortigi parazitojn.
parazitologi	寄生学	【医】寄生虫学
paroksism	极主义	最も昂ぶった;【医】発作性の
parotidit	腮腺炎	【医】【PIV】Inflamo de unu au^ ambau^ parotidoj: epidemia parotidito (Sin. (sinonimo) mumpso).
patogen	病生	【医】病原性の,=malsaniga
patogenez	病源	【医】【PIV】Studo pri la mekanismoj, lau^ kiuj estig^as la malsanoj.
patolog	病学家	{Ｏ}病理学者
patrologi	父学	【PIV】Scienca studo pri la ekleziaj Patroj.
pedofili	童爱	小児性愛,=infanseksemo
pedolog	土学家	【生態】【PIV】Specialisto pri pedologio. Sin. (sinonimo) grundologo.
pedologi	童学	《稀》児童学,育児学
pelvometri	盆测	【医】【PIV】Mezurado de la pelvo, precipe en akus^arto.
penicilinoterapi	青霉素疗	【医】【PIV】Kuracado per penicilino.
penisit	阴茎炎	【医】【PIV】Inflamo de la tuta peniso.
pentagram	五图	【PIV】Kvinpinta stelo, uzata kiel mistika au^ magia simbolo.
pentametr	五米	{Ｏ}【文】五歩格（の詩）
pericikl	围环	【植】【PIV】(pp (se paroli pri) radiko de vaskulplantoj) La plej ekstera c^eltavolo de la stel
perifraz	围句	【PIV】C^irkau^frazo (ekz. (ekzemple): «kiam la koko krias»: matene).
periglaci	围冰	【地質】【地理】【PIV】(pp (se paroli pri) regiono) Klimate malvarma, situanta proksime al la rando 
periheli	围日	【天】近日点,><afelio
perikard	围心	【解】=perikardio（心膜）
perikardi	围心	【解】心膜
perikardiit	围心炎	【医】【PIV】Inflamo de la perikardio.
perimetr	围测	{Ｏ}【数】（平面図形の）周囲の長さ
periskop	围镜	{Ｏ}潜望鏡,展望鏡,ペリスコープ
perisperm	围种	【植】【PIV】Nutraj^rezerva, duploida histo de la semo de iuj angiospermoj, kiu, kun la albumen
perispirit	围灵	【宗】【PIV】En la spiritisma kredo, duonmateria substanco, servanta al la spirito kiel unua en
perkolat	浸被	=perkoli
perkolator	浸具	【PIV】Aparato por perkoli: kafperkolilo.
permanganat	过锰盐	【化】過マンガン酸塩
peroksid	过氧化	【化】過酸化物
perturbograf	扰记	【電】【PIV】Aparato por mezuri la amplitudon k dau^ron de perturbo en elektra reto.
pesimism	悲主义	悲観的な,厭世的な
pesimist	悲家	{Ｏ}悲観論者,ペシミスト,厭世家（えんせいか）,><optimisto
petrografi	岩志	【地質】【PIV】Scienca priskribo de la petroj.
petrolog	岩学家	【地質】【PIV】Specialisto pri petrologio.
petrologi	岩学	【地質】【PIV】Scienco pri la petroj.
petroselin	岩伞	【PIV】Vd (vidu) selino.
pietism	敬主义	【キ】敬虔主義（17世紀末ドイツのルター派教会からおこった宗教運動）
pietist	敬家	【PIV】Adepto de pietismo: pietistoj, c^arlatanoj k friponoj . Vd bigoto.
pinofit	松植	【植】【PIV】Filumo (Pinophyta) el la spermatofitoj. Sin. (sinonimo) gimnospermoj.
pioemi	脓血	【医】【PIV】C^eesto de puso en la sango, kreanta multoblajn abscesojn en diversaj lokoj de la 
piogen	脓生	【PIV】Pusiga: stafilokoko estas piogena mikrobo.
pirgeometr	火地计	【PIV】Instrumento por mezuri la teran disradiadon.
pirheliometr	火日计	【理】日射計
piroelektr	火电	【理】ピロ電気の
pirogajl	火树瘤	【PIV】(evi (evitinda)) = pirogajlolo.
piroliz	火解	【化】【PIV】Malkomponi substancon per seka varmo.
piromagnet	火磁	【理】熱磁気の
pirometr	火计	【理】【PIV】Aparato, uzata en termodinamiko por mezuri altajn temperaturojn, k funkcianta lau^
pirosulfat	火硫盐	【化】【PIV】Salo de pirosulfata (disulfata) acido HO-S(O 2)-O-S(O 2)-OH.
pirosulfit	火硫盐	【PIV】= metabisulfito.
pistil	捣具	{Ｏ}【植】めしべ,雌蘂（しずい）,><stameno
pizolit	豌石	【地質】【PIV】Globeto g^enerale kalcita (pli malofte aragonita), granda proks. (proksimume) kie
pjelit	肾盆炎	【医】【PIV】Akuta au^ kronika inflamo de la pjela mukozo.
plakoderm	板皮	【動】【PIV】Klaso (Placodermi) de primitivaj fis^oj kun makzeloj k kun antau^a parto kovrita d
planimetr	平计	【技】【数】【PIV】Instrumento por mezuri areojn en desegnaj^o.
planimetri	平测	【数】面積測定法
plantolog	植学家	【PIV】Botanikisto.
plantologi	植学	【PIV】Botaniko.
plasmogami	浆配	【生】【PIV】Kunig^o de la c^elplasmoj de du c^eloj, g^enerale dum seksa procezo, ekz. (ekzempl
pleu^rit	胸膜炎	【病】胸膜炎,（旧用語で）肋膜炎（ろくまくえん）
plumbat	铅盐	【化】【PIV】Salo de nestabila plumbata acido, H 2 PbO 3.
plumbit	铅盐	【化】【PIV】Salo de imaga plumbita acido H 2 PbO 2.
pluvmetr	雨计	【PIV】Ilo por mezuri la kvanton de falinta pluvo.
pluvometr	雨计	【PIV】Ilo por mezuri la kvanton de falinta pluvo.
pneu^monektomi	肺除	【PIV】Parta au^ tuta ablacio de unu pulmo.
pneu^monit	肺炎	【医】【PIV】Inflamo de unu pulmo (simpla pneu^monito), au^ de la du pulmoj (duobla pneu^monito
pneu^monologi	肺学	【PIV】Studo pri la pulmoj k iliaj malsanoj.
pneu^monopati	肺病	【PIV】Kn (Kolektiva nomo) de la pulmaj malsanoj.
polarimetr	极计	【理】偏光計
polarograf	极记	【化】【PIV】Aparato, kiu au^tomate registras la kurenton dum elektrolizo c^e gutanta hidrarga 
polarografi	极志	【PIV】Metodo de kvalita au^ kvanta analizo per polarografo, precipe uzata por analizi la me
polemolog	战学家	【政】【PIV】Specialisto pri polemologio.
polemologi	战学	【PIV】Scienca studado de la milito rigardata kiel sociologia fenomeno.
polenolog	粉学家	【PIV】Specialisto pri polenologio.
polenologi	粉学	【PIV】Scienco pri la poleno k vastasence ankau^ pri la sporoj: la studo de la fosiliaj pole
polenoz	粉症	【病】花粉症
poliedr	多面	【数】【PIV】Pluredro.
polifoni	多声	【楽】ポリフォニーの,多声の
poliklinik	多诊	総合病院
polinukle	多核	【生】【PIV】(pp (se paroli pri) c^elo) S^ajne plurnuklea pro nukleo profunde divida en plurajn
poliomjelit	多髓炎	【病】ポリオ,急性灰白髄炎,小児麻痺,=infana paralizo
poliploid	多倍	【PIV】= plurploida.
polipodi	多足	【植】【PIV】G. (Genro) (Polypodium el polipodiacoj) de filikoj kun rampa rizomo k kun folioj s
polipoz	息肉症	【病】ポリープ症
politeism	多神主义	{Ｏ}【宗】多神教,=plurdiismo
politeist	多神家	【宗】多神教徒
politeknik	多技	ポリテクニーク（大学レベルの総合技術専門学校）,理工科大学
politikolog	政学家	【PIV】Specialisto pri politikologio.
politikologi	政学	【PIV】Scienca studado de la diversaj aspektoj de la politika vivo (partioj, balotoj, politi
politolog	政学家	政治学者,=politiksciencisto
politologi	政学	【PIV】= politikologio.
politrik	多毛	【植】【PIV】G. (Genro) (Polytrichum el politrikacoj) kosmopolita de c^. (c^irkau^) 200 sp-oj (
pomolog	苹学家	【PIV】Fakulo pri pomologio.
pomologi	苹学	【園】果樹園芸学
postulat	求被	【論】要請;【数】公準,>>aksiomo
predikativ	谓能	属詞の,叙述の
prestidigitator	戏法员	=prestidigitisto（手品師）
primatologi	灵长学	【PIV】Scienco pri la primatoj.
profaz	前相	【生】【PIV】Unua fazo de la mitozo k de la mejozo, kiam la kromosomoj permikroskope ekvideblas
projekciator	射具	【PIV】Aparato, por projekcii bildojn sur ekranon: manovri la projekciilon; universala proje
prolog	前话	{Ｏ}【文】序言,序文,序章,プロローグ;序幕,（古典劇の）前口上,序詞,><epilogo
prostatektomi	前列腺除	【PIV】Parta au^ tuta ablacio de la prostato.
prostatit	前列腺炎	【医】【PIV】Inflamo de la prostato.
protokanajl	原恶棍	大悪党,元凶
protoplasm	原浆	【生】原形質
protopter	原翅	【動】【PIV】G. (Genro) (Protopterus) el la subklaso de dipnoj, tropikafrikaj pulmfis^oj kapabl
prototip	原型	{Ｏ}原型,基本型,=pratipo;【機】試作品,プロトタイプ
proverbolog	谚学家	【PIV】Studanto pri proverboj.
proverbologi	谚学	【PIV】Scienco pri proverboj.
provincialism	省主义	【語】=provincismo（地方なまり）
provirus	前毒	【生】【PIV】Virusa genaro, integrig^inta en la genaron de kromosomo de la gastiganto (gastigan
pseu^doartr	伪节	【PIV】Okaza artiko, iafoje formig^anta post ostorompo.
pseu^donim	伪名	{Ｏ}=pseu^donomo（偽名）
pseu^dopod	伪足	【動】【生】【PIV】Pseu^dopiedo.
psikolog	心学家	{Ｏ}心理学者
psikopat	心病	【PIV】= psikopatiulo.
psikoz	心症	【病】精神病,精神障害
psokopter	咬虫翅	【動】【PIV】Ordo (Psocoptera) de insektoj, ampleksanta psokon k.a. (kaj aliaj) g-ojn.
pteraspidmorf	翼甲形	【動】【PIV】Klaso (Pteraspidomorphi) de senmakzeluloj, al kiu apartenas la miksinoj.
pteridofit	羊齿植	【植】【PIV】Filumo (Pteridophyta) de plantoj sen floroj k sen semoj sed kun tipaj vaskuloj (va
pteropod	翅足	【動】【PIV】G. (Pteropus) de mamuloj el la ordo de kiropteroj, grandaj fruktomang^antaj vesper
pubiotomi	耻骨切	【医】【PIV】Flanka tranc^o de pubio, en iuj malfacilaj akus^oj.
pulmit	肺炎	【PIV】= pneu^monito.
pulpit	瓤炎	【医】【PIV】Inflamo de la denta pulpo.
rabotator	刨具	【PIV】Elektra mas^ino por paralele raboti la duan facon.
radiklit	根炎	【医】【PIV】Inflamo de radiklo.
radiofon	射声	=radioricevilo（ラジオ受信機）
radiofoni	射声	ラジオ放送,=radioelsendo;【通】無線電話
radiofotografi	射拍志	=radiografio（Ｘ線写真術）
radiografi	射志	【医】Ｘ線撮影法
radiogram	射图	無線電報
radiolog	射学家	【学】放射線学者,放射線医
radiologi	射学	【学】放射線学,放射線医学
radiometr	射计	【理】放射計
radioskopi	射镜	【医】透視,Ｘ線透視
radioterapi	射疗	【医】放射線療法,Ｘ線療法
rakialgi	脊痛	【医】【PIV】Doloro de rakio.
rapidometr	速计	【機】速度計,=rapidindikilo
referat	报被	=referaj^o（研究報告書）
refleksologi	反射学	【生】反射学
refraktometr	折计	【理】屈折計
regulator	规具	【機】=regulilo（調整器）
rektumoskop	直肠镜	【医】直腸鏡
rektumoskopi	直肠镜	【医】直腸鏡検査
reniat	金盐	【化】【PIV】Salo de reniata acido H 2 ReO 4.
reologi	流学	【理】レオロジー
reostat	流态	【電】可変抵抗器,加減抵抗器
retinit	网膜炎	【医】【PIV】Inflamo de retino(j): sifilisa retinito.
retinopati	网膜病	【医】【PIV】Afekcio de la retino: diabeta retinopatio.
retus^	再触	［他］【写】修整する;【情】（画像を）レタッチする
reu^matolog	风湿学家	【PIV】Specialisto pri reu^matologio.
reu^matologi	风湿学	【PIV】Studo de la diversaj reu^matismoj.
rinit	鼻炎	【医】【PIV】Inflamo de la naza mukozo.
rinologi	鼻学	【PIV】Studo de la nazaj kavoj k de ties afekcioj.
rinoplasti	鼻塑	【PIV】Vd (vidu) plastio.
rinoskopi	鼻镜	【PIV】Esplorado de la nazkavoj, au^ tra la naztruoj au^ tra la faringo, per spegulo.
rizomorf	根形	【植】【PIV】(pp (se paroli pri) fungoj) Radikforma organo el kunig^intaj hifoj, kun apeksa kre
rizopod	根足	【動】【PIV】Superklaso (Rhizopoda) de protozooj kun c^efa formo amebeca, t.e. (tio estas) kun 
rojalism	王主义	王政主義,王党主義
rojalist	王家	{Ｏ}王政主義者,王党員,王党派
romboedr	菱面	【数】【PIV】Paralelepipedo, kies c^iuj edroj estas romboj.
rosometr	露计	【PIV】Aparato por mezuri per pesado la kvanton de estig^inta roso.
s^arg^ator	载具	【PIV】S^ovelmas^ino.
sakarat	蔗盐	【化】【PIV】Metalderivaj^o de sakarido: kalcia sakarato.
sakarometr	蔗计	【PIV】Polarimetro, indikanta la proporcion de sukero en solvaj^o.
sakarometri	蔗测	【PIV】Diversproceda dozado de la sukero entenata en likvo, precipe en urino.
sakaromicet	蔗菌	【植】【PIV】G. (Genro) (Saccharomyces el sakaromicetaloj) de mikroskopaj askofungoj; kosmopoli
salikat	柳盐	【化】【PIV】Salo de salik(il)ata acido, uzata kontrau^ febro, doloro k inflamo (precipe c^e re
saprofit	腐植	【PIV】1 Vegetaj^o, vivanta el sapro. Vd parazito, epifito. 2 Saprobakterio.
saprozo	腐兽	【動】【PIV】Protozoo au^ metazoo, vivanta el sapro.
scintilografi	闪志	【医】【PIV】Skana procedo, per kiu oni videbligas la radioaktivecon de izotopo, afina al la es
scintilogram	闪图	【PIV】Skema perpunkta bildo de organo ricevita per scintilografio.
scintilometr	闪计	【天】【PIV】Au^tomate registranta fotometro, por objektive observi la scintiladon de astroj.
sedimentolog	沉学家	【PIV】Specialisto pri sedimentologio.
sedimentologi	沉学	【PIV】Scienco pri sedimentoj, sedimentig^o k sedimentaj petroj.
seismograf	震记	【PIV】Aparato, por enregistri la horon, dau^ron k intenson de seismaj movoj.
seismogram	震图	【PIV】Enskribo de seismografo.
seismolog	震学家	【PIV】Specialisto pri seismologio.
seismologi	震学	【PIV】Scienco pri la kau^zoj, efikoj, antau^videbloj ktp (kaj tiel plu) de seismoj.
seksolog	性学家	【PIV】Specialisto pri seksologio.
seksologi	性学	【PIV】Studo pri la seksaj problemoj, psikologiaj au^ patologiaj, c^e la homo. Vd Freu^do.
selenat	矿盐	【化】【PIV】Salo de selenata acido, H 2 SeO 4.
selenid	矿化	【化】【PIV】Salo de selenida acido, H 2 Se.
selenit	矿盐	【化】【PIV】Salo de selenita acido, H 2 SeO 3.
semiologi	符学	【医】【PIV】1 Parto de la medicino pri la signoj de la malsanoj. 2 Scienco pri la sistemojn de
sensometri	感测	【PIV】Mezurado de la sensiveco de la sensorganoj per specialaj aparatoj (ekz. (ekzemple) es
sepsemi	腐血	【PIV】Kn (Kolektiva nomo) de la afekcioj, kau^zataj de la dissemig^o, en la organismon k pe
serologi	血清学	【PIV】1 Studo de la modifoj de la sero sub la influo de diversaj malsanoj. 2 Serumologio.
serpentolog	蛇学家	【PIV】Specialisto pri serpentologio.
serpentologi	蛇学	【PIV】Scienco pri la serpentoj.
sferometr	球计	【理】球面計
sfigmograf	脉记	【PIV】Grafika instrumento, uzata por registri la pulsadon de arterio.
sfigmografi	脉志	【PIV】Arto k procedaro de registrado per sfigmografo. -> sfigmomanometro.
sfinglipid	天蛾脂	【化】【PIV】Simpla au^ malsimpla lipido, konsistanta i.a. (interalie, inter aliaj) el sfingolo
sialogen	唾生	【PIV】Estiganta salivon: sialogena reflekso.
siliciid	硅化	【PIV】Kombinaj^o de metalo kun silicio: zirkonia siliciido (Zr 5 Si 3).
silikat	硅盐	【化】【地質】【PIV】Tradicia nomo de siliciato.
silikoz	硅症	【病】珪肺（けいはい）
silogism	论主义	［自］三段論法で論じる
simpatektomi	交感除	【医】【PIV】Desekco de simpata nervo.
simptomologi	症学	【PIV】Studo de la simptomoj de la malsanoj.
sinkretism	混主义	【哲】【宗】混合主義,習合,シンクレティズム
sinkronoskop	共时镜	【PIV】Instrumento por montri, c^u du mas^inoj au^ funkciantaj partoj agas sinkrone.
sinonimik	共名学	【PIV】Scienco, celanta difini la senconuancojn inter la sinonimoj.
sinoviit	滑炎	【医】【PIV】Inflamo de la sinovia membrano de artiko au^ de la vaginalo de tendeno.
sismograf	震记	【機】地震計
sismologi	震学	【学】地震学
skanograf	扫记	【PIV】Aparato, ofte uzata medicine, kiu kreas bildon de la interno de io per komputila trak
skanografi	扫志	【PIV】La tekniko, per kiu funkcias skanografo.
skapolalgi	肩痛	【病】肩甲骨痛
skarifikator	划具	【PIV】Speciala multeklinga aparato, por skarifiki.
skizomicet	草菌	【PIV】(ark. (arkaismo, arkaisme)) = bakterioj, eksklude de la cianobakterioj.
sklerotit	巩膜炎	【医】【PIV】Inflamo de skleroto(j) 1.
skopofili	镜爱	【PIV】Voluptocela rigardado de erotikaj vidaj^oj au^ agoj: skopofilio estas ordinara afero 
skrapator	刮具	【PIV】= skrapmas^ino. Vd bagro.
sociolog	社学家	{Ｏ}社会学者,=sociologiisto
somatogami	体配	【生】【PIV】(pp (se paroli pri) eu^kariotoj) Fekundig^o per kunig^o de c^eloj nedistingeblaj d
sonmetr	声计	【環】騒音計
spektator	观员	=spektanto（観客）
spektrogram	谱图	【理】分光写真
spektrometr	谱计	【理】分光計
spektrometri	谱测	【理】分光測光
spektroskop	谱镜	【理】分光器
spektroskopi	谱镜	【理】分光学
speleolog	洞学家	【PIV】Specialisto pri speleologio.
speleologi	洞学	洞穴学,=kavernoscienco
spermatocit	精胞	【生】【PIV】Virseksa c^elo, devenanta el spermatogonio, naskonta spermatozoon au^ spermation: 
spermatofit	精植	【植】【PIV】Grupego (eksa filumo Spermatophyta) de vaskulplantoj, kies reproduktorganoj (floro
spermatogenez	精源	【生】【PIV】Estig^o k disvolvig^o de virseksaj c^eloj.
spermicid	精液杀	【PIV】Substanco, mortiganta la spermatozoojn k uzata kiel loka, vagina antikoncipaj^o.
spermogoni	精液源	【植】【PIV】Spermatiujo.
spiritualism	灵主义	{Ｏ}【哲】唯心論;【宗】心霊主義;《般》精神主義
spiritualist	灵家	{Ｏ}【哲】唯心論者;【宗】心霊主義者;《般》精神主義者
spirometr	息计	【医】【PIV】Aparato, per kiu oni mezuras la aervolumenon, kiun povas elpus^i la pulmoj c^e mak
spirometri	息测	【PIV】Tia mezuro.
sporofit	胞子植	【植】【PIV】(pp (se paroli pri) plantoj havantaj alternadon de generacioj) Duploida generacio 
sporogoni	胞子源	【植】【PIV】Sporofito de la briofitoj (muskoj k hepatmuskoj), tipe konsistanta el pedunkleto p
stanat	锡盐	【化】【PIV】Salo de stanata acido H 2 SnO 3.
stanit	锡盐	【化】【PIV】Salo de stanita acido H 2 SnO 2.
stekiometri	配比测	【化】【PIV】Studo de la proporcioj, lau^ kiuj kombinig^as inter si la kemiaj elementoj.
stereofon	立体声	ステレオ（装置）
stereofoni	立体声	ステレオの
stereografi	立体志	立体画法,実体画法
stereometri	立体测	【数】立体幾何学;求積法
stereoplanigraf	立体划记	【PIV】Optika instrumento, ebliganta la uzon de fotoj por fari mapojn.
stereoskop	立体镜	【理】立体鏡,実体鏡,ステレオスコープ
stereoskopi	立体镜	【理】立体視法
stereotomi	立体切	【PIV】Scienco pri la tajlado de s^tonoj, blokoj ks (kaj simile, kaj similaj), uzataj en ark
sterilizator	不育化具	【PIV】Aparato por sterilizi. Vd au^toklavo.
stetoskop	胸镜	［他］聴診する,=au^skultumi
stomakit	胃炎	【病】胃炎,=stomakinflamo
stomatit	口炎	【PIV】Kn (Kolektiva nomo) de la inflamoj de la bus^a mukozo: afta, mugeta, hidrarga stomati
stomatolog	口学家	【PIV】Specialisto pri stomatologio.
stomatologi	口学	【PIV】Parto de la medicino, pri la bus^o k la dentoj.
stomatoskop	口镜	【PIV】Speguleto de kuracisto au^ dentisto, por esplori la bus^on.
stomatoskopi	口镜	【PIV】Arto k scienco esplori per stomatoskopo.
strabometr	斜计	【PIV】Instrumento, uzata por mezuri la devion de la du vidaksoj en la strabismo.
strabotomi	斜切	【PIV】Kirurgia transs^ovo de iuj muskoloj, por korekti la strabismon.
stratigraf	层记	【PIV】Specialisto pri stratigrafio.
stratigrafi	层志	【PIV】Scienco pri la sinsekvoj de la sedimentaj demetaj^oj (g^enerale tavolig^intaj): strat
stroboskop	闪镜	【理】ストロボスコープ
stroboskopi	闪镜	【PIV】Metodo de observado per stroboskopo.
stuphar	填毛	【PIV】Havanta harojn similajn al stupo per sia flavhela koloro.
sublimat	崇被	{Ｏ}【化】昇コウ;=sublimaj^o（昇華物）
sukerat	糖盐	【化】【PIV】Salo de sukerata acido, C 6 H 10 O 8, oksidig^a produkto de glukozo.
sulfamat	氨硫盐	【化】【PIV】Salo de sulfamata acido H 2 NSO 3 H: amonia sulfamato, NH 4 SO 3 NH 2, estas grava
sulfcianat	硫青盐	【PIV】(ark. (arkaismo, arkaisme)) = tiocianato.
sulfid	硫化	【化】硫化物
sulfinat	硫盐	【化】【PIV】Salo de sulfinata acido, kun g^enerala formulo R-S(O)OH.
sunterapi	阳疗	【PIV】Terapio per la sunradioj.
superpozici	上位	【理】重ね合せ
takigraf	速记	【技】【PIV】Aparato kiu au^tomate registras la rapidon de veturilo sub formo de diagramo.
takikardi	速心	【生】【医】【PIV】Normala au^ nenormala akcelo de la kora pulsado.
takimetr	速计	【PIV】(evi (evitinda)) = rapidometro.
taksimetr	车计	タクシーメーター,料金自動表示器
talfit	距植	【植】【PIV】Grupego de plantoj (Thallophyta), nenatura, al kiu apartenas algoj, parto de la br
talofit	距植	【植】【PIV】Grupego de plantoj (Thallophyta), nenatura, al kiu apartenas algoj, parto de la br
tantalat	金盐	【化】【PIV】Salo de (nestabila) tantala acido, H 3 TaO 4.
taoism	道主义	【宗】道教
taoist	道家	【宗】道士
tarsalgi	足根痛	【医】【PIV】Doloro c^e la tarso 1.
tarzit	眼板炎	【医】【PIV】Inflamo de tarzo(j).
teism	神主义	{Ｏ}【哲】有神論,>>diismo,><ateismo
teist	神家	{Ｏ}有神論者
teknikologi	技学	【PIV】Teknologio.
telefilm	远影	テレビ映画
telefotograf	远拍记	［他］望遠で写真撮影する
telekinez	远动	【PIV】Supozata ago de la menso al la materio, pli speciale movo de objekto per la sola mens
telekomand	远令	［他］遠隔操作する,遠隔制御する
telekopi	远复	［他］ファックスで送る,=faksi
telemetr	远计	［他］（測距儀で）距離を測る;【学】遠隔測定する
telemetri	远测	【学】遠隔測定
telepati	远情	{Ｏ}テレパシー,精神感応
telurit	矿盐	【化】【PIV】Salo de telurita acido.
tendenit	筋炎	【医】【PIV】Inflamo de tendeno.
tendenotomi	筋切	【PIV】Tranc^o de tendeno.
teniicid	条虫杀	【医】【PIV】Medikamento, uzata por mortigi teniojn.
tensimetr	压计	【医】【PIV】Aparato por mezuri tension: arteria, okula tensimetro.
tensimetri	压测	【医】【PIV】Mezuro de diversaj tensioj: vejna tensimetrio.
tensiometr	压计	【理】張力計
teogoni	神源	【宗】【PIV】Genealogio de la dioj de politeisma popolo.
teokrat	神治	{Ｏ}神権政治家;神権主義者
teokrati	神治	神権政治の,神政の
teolog	神学家	{Ｏ}神学者,=teologiisto
teratogen	畸生	【PIV】Tia, ke g^i produktas gravajn anomaliojn: teratogena medikamento, radiado.
teratologi	畸学	【生】奇形学
teratom	畸瘤	【医】【PIV】Nomo de kompleksaj tumoroj kun multaj histoj.
terminolog	词学家	【PIV】Fakulo pri terminologio.
terminologi	词学	術語学;用語法
termoban	热浴	【PIV】Varmo banejo.
termobotel	热瓶	【PIV】Varmizola botelo, kun duoblaj parietoj, inter kiuj oni faris vakuon. Sin. (sinonimo) 
termodinamik	热力	【理】熱力学
termoelektron	热电子	【理】熱電子
termoelement	热素	【電】【PIV】Aparato, enhavanta termoparon en elektra kontakto kun hejta elemento el drato, k u
termofont	热泉	【PIV】Fonto el varma k minerala akvo, uzata por kuracado.
termogen	热生	【PIV】= varmoestiga.
termogenez	热源	【生】【PIV】Varmoproduktado (pp (se paroli pri) vivulo).
termograf	热记	【PIV】Aparato por au^tomata registrado de temperaturvariado.
termokau^ter	热灼	【医】【PIV】Instrumento por fari fajropunktojn: en operacio termo kau^tero ebligas tranc^i his
termokupl	热连	【理】熱電対,=termoparo
termologi	热学	【理】熱学
termometri	热测	【理】温度測定
termonukle	热核	【理】熱核の
termopar	热偶	【理】熱電対,=termoelektra paro
termoregulig	热规使	【生】【PIV】Reguligo de varmo-produktado k -perdoj c^e homeotermaj vivuloj, el kio rezultas ko
termoreguligil	热规使具	【PIV】Au^tomata aparato, por la reguligo de la varmo.
termorelajs	热转	【電】【PIV】Relajso, sensiva al variado de temperaturo.
termosifon	热虹吸	【理】熱サイホン
termoskop	热镜	【理】測温器
termostat	热态	【理】サーモスタット
termostatik	热静	【理】熱静力学
termoterapi	热疗	【PIV】Varmo terapio.
testikit	丸炎	【医】【PIV】Orkidito.
tetragram	四字	【聖】【PIV】La nomo de la hebrea Dio, skribita per kvar literoj (JHVH). -> Javeo, Jehovo.
tetramer	四链节	【PIV】Molekulo, konsistanta el kvar meroj.
tetrationat	四硫	【化】【PIV】Salo de tetrationata acido, H 2 O 6 S 4.
tifoid	疹似	【病】腸チフス
timpanit	鼓室炎	【病】中耳炎,=mezorelinflamo
tipograf	型记	{Ｏ}活版印刷技術者;タイポグラファー
tipografart	型记艺	【PIV】Tipografio.
tipologi	型学	【PIV】Esplorado, kies celo estas la klasifiko de studataj objektoj per antau^difinitaj krit
tipometr	型计	【印】活字尺
tireotomi	甲状切	【PIV】(entranc^o de la tireoida kartilago. Vd laringotomio).
tiroidektomi	甲状除	【PIV】Ablacio de la tiroido.
tiroidit	甲状炎	【医】【PIV】Inflamo de la tiroido.
titanat	金盐	【化】【PIV】Salo de titana acido, H 2 TiO 3.
toksolog	毒学家	毒物学者
toksologi	毒学	毒物学
tonsilektomi	扁桃除	【医】【PIV】Fortranc^o de la palataj tonsiloj.
tonsilit	扁桃炎	【病】扁桃炎（へんとうえん）
topograf	地记	{Ｏ}地形学者,地形図作製者
topografi	地志	{Ｏ}地形学,地形図作製術;地形図作製;地形,地勢
topolog	地学家	【PIV】Specialisto pri topologio.
topologi	地学	【PIV】1 Branc^o de la matematiko, kie oni studas kontinuecon, konverg^on, dimension k ties 
tordometr	拧计	【技】【PIV】Arang^aj^o por mezuri la gradon de tordo c^e dratoj, fadenoj ks (kaj simile, kaj s
trah^eit	气管炎	【病】気管炎,=trakeito
trah^eotomi	气管切	【医】気管切開,=trakeotomio
trakeit	气管炎	【病】気管炎,=trah^eito
trakeofit	气管植	【植】【PIV】Vaskulplantoj.
trakeotomi	气管切	【医】気管切開,=trah^eotomio
transformator	越形具	【電】=transformilo（変圧器）
trau^matologi	创学	【PIV】Parto de la patologio pri la vundoj k aliaj trau^matoj.
tremometr	颤计	【地質】微震計
trikopati	毛病	【PIV】Kn (Kolektiva nomo) de la haraj malsanoj.
trikoplazi	毛生	【PIV】Nenormala kreskado de haroj sur mukozo: trikoplazio de la urina veziko. Vd hirtismo.
trikopter	毛翅	【動】【PIV】Ordo (Trichoptera) de insektoj kun pupa stadio, malakra suc^rostro k har-au^ skvam
trilobit	三叶受	【PIV】= trilobuloj (Vd (vidu) lobo)
trimer	三链节	【PIV】Molekulo, konsistanta el tri meroj.
trisakarid	三蔗子	【PIV】(kemio) Sakarido konsistanta el tri monosakaridaj unuoj.
trisom	三体	【PIV】Vd (vidu) -som/ ①.
trombektomi	栓除	【PIV】Ablacio de trombo el incizita vaskulo.
trombocit	栓胞	【解】【PIV】Globuleto.
tromboz	栓症	【病】血栓症
tropism	向主义	【動】向性;【植】屈性
tujan	即员	【化】【PIV】Simpla, unucikla monoterpeno, C 10 H 18, kies derivaj^oj estas gravaj natursubstan
tujon	即分	【化】【PIV】Ketona monoterpeno, C 10 H 16 O, trovig^anta i.a. (interalie, inter aliaj) en tujo
ultramar	极海	群青色の
uratemi	尿酸盐血	【生】【医】【PIV】C^eesto au^ kvanto de urata acido en la sango: hiper uratemio. -> ureemio, urem
ureat	尿素盐	【化】尿酸塩
ureemi	尿素血	【生】【PIV】Enesto de ureo en la sango, uzata por taksi uremion.
urinologi	尿学	【医】【PIV】Studo de la urinoj.
urinometr	尿计	【医】【PIV】Ilo por mezuri la relativan denson de urino.
urinoskopi	尿镜	【医】【PIV】Klinika esploro de urino.
urografi	尿志	【PIV】Radiografio de la urina aparato, post injekto de substanco opaka al la X-radioj.
urolog	尿学家	【PIV】Specialisto pri urologio.
urologi	尿学	【PIV】Tiu parto de la medicino, kiu studas la urinan aparaton.
uterit	宫炎	【医】【PIV】Inflama afekcio de la utero.
uveit	葡萄膜炎	【医】【PIV】Inflamo de uveo(j).
uzurpator	篡员	=uzurpulo（簒奪者）
vaginalgi	阴道痛	【PIV】Dolora kontrakturo de la vagino.
vaginalit	套炎	【医】【PIV】Inflamo de vaginalo.
vaginism	阴道主义	【病】膣痙攣（ちつけいれん）
vaginit	阴道炎	【病】膣炎（ちつえん）
vagomani	荡狂	【医】【PIV】Malsaneca impulso vagadi.
vagotomi	荡切	【医】【PIV】Sekco de la vago.
vakumetr	空计	【理】真空計
vapormetr	汽计	【理】蒸気圧計,>>manometro
variant	变在	{Ｏ}【文】異文,異本
variometr	变计	【PIV】1 Variigebla indukta bobeno, servanta por mezuroj, agordo de anteno, ktp (kaj tiel pl
vaskulit	脉炎	【医】【PIV】Inflamo de vaskulo(j).
vathorometr	瓦钟计	【理】積算電力量計,>>vatmetro
vatmetr	瓦计	【理】電力計
vejnit	脉炎	【病】=vejninflamo（静脈炎）
veksilologi	旗学	【PIV】Flagoscienco.
venerologi	性病学	【PIV】Studo de la veneraj malsanoj, sifiliso, blenoragio, mola s^ankro, aidoso k.a. (kaj al
verumontanit	精丘炎	【医】【PIV】Inflamo de la verumontano.
vibrafon	振声	【楽】【PIV】Speco de ksilofono, sed kun metalaj lamenoj kun elektronika amplifo.
vibrator	振具	【PIV】Aparato vibranta, pro la motoro, kiun g^i entenas en si, k uzata por densigi, kompakt
vibrometr	振计	【理】振動計
vinolog	酒学家	【PIV】Specialisto pri vinologio.
vinologi	酒学	【PIV】Scienco pri la farado de vinoj.
virusolog	毒学家	【PIV】Fakulo pri virusologio.
virusologi	毒学	【PIV】Studo pri la virusoj k virusozoj.
viskozometr	粘计	【理】粘度計
vitologi	葡学	【PIV】La scienco pri la diversaj vitospecoj, iliaj priskriboj, devenoj k scienca klasifikad
vivisekci	活切	{Ｏ}【解】生体解剖,=vivosekcado
vivulicid	活者杀	【PIV】Substanco, mortiganta tre diversaspeciajn vivulojn. Sin. (sinonimo) biocido. Vd fungi
volumenometr	积计	【理】容積計
vulkanolog	火山学家	【PIV】Specialisto pri vulkanologio.
vulkanologi	火山学	【PIV】Scienco pri la vulkanoj.
vulvit	外阴炎	【医】【PIV】Inflamo de la vulvo.
zinkat	锌盐	【化】【PIV】Salo de teoria zinkata acido H 2 ZnO 2.
zoofit	兽植	【動】植虫類（カイメン、サンゴなど）
zoogeografi	兽地志	動物地理学
zoolog	兽学家	{Ｏ}動物学者,=zoologiisto
zoomorf	兽形	【PIV】Zooforma.
au^togir	自旋	【空】オートジャイロ,>>helikoptero
atmometr	气计	【理】【PIV】Instrumento, por mezuri la elvaporig^on el humida surfaco.
au^togami	自配	【PIV】= memfekundig^o.
au^tokataliz	自催	【PIV】= memkatalizo.
au^tomorfi	自形	【数】【PIV】Izomorfio de objekto sur g^in mem.
adenit	腺炎	【PIV】Kn (Kolektiva nomo) de la glandaj inflamoj.
adenopati	腺病	【PIV】C^iu afekcio de glando.
aerobi	气生	【生】好気性の,=aerbezona
agronomi	农学	{Ｏ}農学
aktinomicet	射菌	【生】【PIV】1 G. (Genro) (Actinomyces) el la grupo de aktinomicetoj. 2 Ano de la aktinomicetoj
amorf	无形	【化】無定形の;【鉱】非結晶の
analfabet	无字	読み書きのできない人,非識字者
anestez	无感	［他］【医】麻酔をかける,麻痺（まひ）させる,>>narkoti
angiit	脉炎	【医】【PIV】Kn (Kolektiva nomo) de c^iuj angiaj inflamoj.
anonim	无名	{Ｏ}匿名の
antipod	抗足	【地理】対蹠的な;《転》正反対の
antiseps	抗腐	=kontrau^sepsa（防腐性の）
antropofag	人吞	【PIV】Homo, kiu en difinitaj okazoj mang^as la karnon de alia homo Vd kanibalo.
apati	无情	無感動の,冷淡な
apod	无足	【鳥】アマツバメ（雨燕）（属）,=apuso
arkeopterig	古翅	【生】始祖鳥
atrofi	无养	［他］【病】萎縮させる
au^tism	自主义	【医】自閉症
au^tokrat	自治	{Ｏ}専制君主
balenopter	鲸翅	【動】【PIV】G. (Genro) (Balaenoptera) de cetacoj kun bartoj anst. (anstatau^) dentoj k kun dor
bigami	二配	【法】二重結婚,重婚
biografi	生志	{Ｏ}伝記,>>au^tobiografio
blastomicet	胚菌	【植】【PIV】G. (Genro) (Blastomyces) de mitozosporaj fungoj.
borat	矿盐	【化】【PIV】Salo de borata acido, H 3 BO 3.
bromid	卤化	【化】臭化物
demoraliz	从德化	士気をくじく,意気阻喪させる
densometr	密计	【理】比重計,密度計
deoksi	从氧	【化】【PIV】Pref. (Prefikso) indikanta, ke c^e la koncerna molekulo mankas atomo(j) de oksigen
diametr	通测	直径の;対蹠的な,正反対の
dimorf	二形	【PIV】= duforma.
dioksid	二氧化	【PIV】Oksido kun du oksigenatomoj: karbona dioksido (Vd karbono).
dipod	二足	【動】【PIV】G. (Genro) (Dipus) de mamuloj, el la ordo de rong^uloj, kies malantau^aj kruroj es
dipsomani	渴狂	【医】【PIV】Nerezistebla k intermita impulso al drinkado.
dodekafon	十二声	【楽】【PIV】(pp (se paroli pri) komponaj^o) Uzanta c^iujn tonojn de dekdutona gamo, senkonside
dominant	治在	【楽】ドミナント,属音
ekolog	境学家	生態学者
elektroliz	电解	［他］【電】電気分解する,電解する
elektron	电子	電子の
enantiomorf	映形	【理】【化】【PIV】(pp (se paroli pri) substanco) Tia, ke g^i posedas du kristalformojn, kiuj pova
enantiotrop	映向	【理】【化】【PIV】(pp (se paroli pri) substanco). Tia, ke g^i posedas du alotropajn formojn, kiuj
encefalit	脑炎	【病】脳炎,=cerbinflamo
enterit	肠炎	【病】腸炎,=intesta inflamo
epigraf	表记	{Ｏ}碑銘,碑文;題辞,銘句
epigrafik	表记学	【PIV】Scienco pri la antikvaj epigrafoj 1.
epigram	表字	{Ｏ}【文】警句,エピグラム
fagocit	吞胞	［他］【生】食菌する,捕食する
ferat	铁盐	【化】【PIV】Salo de imaga ferata acido, H 2 FeO 4.
fizioterapi	物理疗	【医】=fizikoterapio（理学療法）
fosfat	磷盐	【化】リン酸塩
fosfit	磷盐	【化】亜リン酸塩
fosforil	磷基	【化】【PIV】Radiko trivalenta, O=P:, de fosfata acido: fosforila klorido, POCl 3.
fotometr	光计	【理】測光器,光度計;【写】露光計
foton	光子	【理】光子
frazeologi	句学	【語】【PIV】Frazarang^o propra al iu lingvo au^ al iu lingvouzanto.
geoterm	地热	【地質】【PIV】Varmo de la interno de Tero k varmenergio, kiun g^i liveras.
glukoliz	糖解	【生】【化】【PIV】Malkomponado de glukozo al piruvata acido dum la metabolo. -> glikogenolizo.
goniometr	角计	【測】【理】【PIV】1 Instrumento por mezuri angulojn, provizita per fadenoj, fendoj au^ lorno: kel
heliotrop	日向	{Ｏ}【植】キダチルリソウ（属）,ヘリオトロープ;【鉱】血石（けっせき）
hemih^ord	半脊索	【動】【PIV】Mallonga dorsa h^ordo limig^anta je la antau^bus^a regiono.
heterogen	异生	【学】異質の,不均質の;混成の,><homogena
hidrocefal	水头	水頭症の
hidroterm	水热	【地質】【PIV】Rilata al la cirkulado de varmaj akvoj, ligitaj kun la fino de vulkana erupcio au
histologi	织学	【PIV】Scienco pri la histoj.
holoedr	全面	【地質】【PIV】Kristalklaso, kiu posedas c^iujn eblajn simetrielementojn de sia sistemo: sesangu
holomorf	全形	【数】【PIV】(pp (se paroli pri) funkcio kun kompleksaj variabloj) Tia, ke g^i povas esti preze
holomorfi	全形	【PIV】Holomorfa bildigo.
homogen	同生	【学】均質な;等質の;【数】同次の,><heterogena
homologi	同学	【数】【PIV】1 Strukturo konstruita el nehomologaj cikloj. 2 Branc^o de la matematiko, kie oni 
izokron	等时	【理】等時性の
izomorf	等形	【鉱】同形の;【数】同型の
izopropil	等丙	【化】【PIV】La radiko (CH 3) 2 CH-: izopropilbenzeno, C 6 H 5-CH(CH 3) 2.
izoton	等调	【理】【化】【PIV】Havanta la saman osmozan premon: izotonaj solvaj^oj.
izotrop	等向	【理】等方性の
karbonat	碳盐	【化】炭酸塩
kardiograf	心记	【PIV】Aparato, kiu registras la kormovojn.
kardiogram	心图	【PIV】Kurblinio ricevita per kardiografo.
kau^teriz	灼化	{Ｏ}［他］【医】焼灼（しょうしゃく）する;腐食させる
kilogram	千克	{Ｂ}【単】キログラム（kg）
kilovat	千瓦	【理】キロワット（kW）
kinezoterapi	动疗	【PIV】C^iu kuracado per movoj aktivaj au^ pasivaj.
kleptomani	偷狂	【医】【PIV】Mensa perturbo, karakterizata de emo al s^telado: la kleptomanio estas simptomo de
klimatologi	气候学	【PIV】Scienco pri la priskribo, eksplikado k klasifikado de la klimatoj, k pri ilia efiko s
klorat	氯盐	【化】【PIV】Salo de klorata acido, HClO 3: klorplatenato (salo de klorplatenata acido, H 2 PtC
klorid	氯化	【化】塩化物
kloridemi	氯化血	【医】【PIV】C^eesto au^ kvanto de kloridoj en la sango.
klorit	氯盐	【化】【PIV】Salo de klorita acido, HClO 2.
kojlit	结肠炎	【病】結腸炎,大腸炎
koroidit	脉膜炎	【医】【PIV】Inflamo de koroido(j).
kronometr	时计	［他］クロノメーターで測定する
medolit	髓炎	【病】骨髄炎
megalomani	巨狂	【病】誇大妄想
megavat	百万瓦	【電】メガワット（MW）
metafizik	超物理	形而上学の,形而上の;《転》きわめて抽象的な
metamorf	超形	【地質】変成の
mezon	中子	【理】中間子
mikroskop	微镜	顕微鏡の,顕微鏡を使った;【理】微視的な,微細な
mikrospor	微胞子	【植】【PIV】G. (Genro) (Microsporum) de parazitaj neperfektaj fungoj, kau^zoj de diversaj mals
militarism	军主义	軍国主義,=militismo
militarist	军家	軍国主義者,=militisto
mitomani	神话狂	【心】虚言症
mobiliz	动化	{Ｏ}［他］【軍】動員する,（兵を）召集する;《転》呼び集める,結集する
monokromat	单色	【理】単色の;【写】白黒の,モノクロの
monoton	单调	{Ｏ}単調な,一本調子の,変化に乏しい
nefrit	肾炎	【医】【PIV】Inflamo de nefro(j).
neu^rit	神经炎	【医】【PIV】Kn (Kolektiva nomo) de inflamaj au^ degeneraj lezoj de la nervoj.
neu^roz	神经症	ノイローゼの,神経症の
nitrat	氮盐	【化】硝酸塩
ortofon	直声	【医】【PIV】(pp (se paroli pri) prononcado) Normala, kontraste kun balbutado k.a. (kaj aliaj) 
ortokromat	直色	【写】（現像で）整色性の
patologi	病学	病理学の;病的な
periost	围骨	【解】骨膜
piroteknik	火技	花火製造術
platenat	白金盐	【化】【PIV】Salo de platenata acido H 2 PtO 3.
polariz	极化	【理】偏光の
poligami	多配	複婚（一夫多妻・一妻多夫）,>>pluredzineco,>>pluredzeco;【動】多婚性
polimer	多链节	【化】重合体,ポリマー
polimorf	多形	【PIV】= plurforma.
polipter	多翅	【動】【PIV】G. (Genro) (Polypterus) de fis^oj el la superordo de kondrosteoj, kun multaj malgr
polisakarid	多蔗子	【化】【PIV】Sakarido, konsistanta el du, tri…, kelkaj au^ multaj mono sakaridoj duope ligitaj 
pornograf	淫记	【PIV】(pj (pejorative)) Au^toro de beletra, grafika au^ alispeca verko, en kiu la pritrakto
pornografi	淫志	ポルノグラフィー
pseu^domorf	伪形	【地質】【PIV】(pp (se paroli pri) mineralo) Alpreninta kristalan strukturon de anstatau^ita kri
psikopati	心病	【PIV】Psika malordo, karakterizata precipe de neregataj impulsoj, humora nestabileco k neka
radiestez	射感	放射感知術（振り子や棒で地下水脈や病因を検知するという占いの一種）
radioaktiv	射活	【理】放射能のある,放射性の
radiograf	射记	{Ｏ}［他］【医】【理】Ｘ線写真に撮る
recit	再引	［他］復唱する
renom	再名	名の通った,評判のよい
reu^matism	风湿主义	{Ｏ}【病】リウマチ,リューマチ
rezultat	果被	［自］=rezulti（結果になる）
salpingit	卵管炎	【医】【PIV】Inflamo de salpingo(j).
sinkron	共时	同時に起きる;【電】同期の,同期した;【語】共時的な
sinonim	共名	【Ｇ】同義の,類義の,>>samsignifa
skleroz	硬症	【病】硬化症,>>malmolig^o
sociologi	社学	社会学の
spektrograf	谱记	【理】分光写真器
sporangi	胞子脉	【植】【PIV】Organo au^ c^elo, ene produktanta sporojn: plurc^ela sporangio (c^e la pteridofito
sulfat	硫盐	【化】硫酸塩
sulfit	硫盐	【化】亜硫酸塩
tartrat	酒石盐	【化】酒石酸塩
teologi	神学	神学の,神学上の
termoelektr	热电	【理】熱電の
tiksotrop	触向	【理】【PIV】(pp (se paroli pri) likvo) Havanta, post agitado, pli grandan viskozon ol antau^e.
tipografi	型志	活版印刷の;印刷上の
toksomani	毒狂	【PIV】Vd (vidu) tokso.
tuberkuloz	结症	{Ｏ}【病】結核（症）,>>ftizo
telefon	远声	電話の
telefoni	远声	【PIV】1 Sistemo de transsendado de sonoj je distanco per elektraj kurentoj au^ ondoj: kondu
telegrafi	远志	電信術
hidrogen	水生	［他］【化】水素添加する,水素化する
oksigen	氧生	{Ｏ}【化】酸素
nitrogen	氮生	【化】窒素
diagram	通图	図,図表,図式,>>grafikaj^o;【学】図解;【鉄】ダイヤグラム
gramofon	图声	{Ｏ}蓄音機
naturaliz	自然化	［他］【法】帰化させる,=nacianigi
komandit	令受	［他］【商】（合資会社へ）出資する
fiziologi	物理学	{Ｏ}生理学
filologi	爱学	文献学的
ideografi	意志	【語】表意文字の,表意的な
metamorfoz	超形症	［他］変身させる,変形させる;《転》変貌させる
paleontologi	古学	{Ｏ}古生物学
nekrolog	死志	{Ｏ}死亡記事,故人略歴
neu^tron	中子	【理】中性子
nitrit	氮盐	【化】亜硝酸塩
proton	质子子	【理】陽子,>>atomo,>>elektrono,>>neu^trono
antiproton	抗质子子	【理】反陽子
bangific	藻藻	【植】【PIV】Klaso (Bangiophyceae el rodofitoj) de rug^algoj lau^strukture relative simplaj, un
bangiofic	藻藻	【植】【PIV】Klaso (Bangiophyceae el rodofitoj) de rug^algoj lau^strukture relative simplaj, un
fukofic	藻藻	【植】【PIV】Klaso (Fucophyceae el feofitoj) de brunalgoj.
ulvofic	藻藻	【植】【PIV】Klaso (Ulvophyceae el klorofitoj) de multac^elaj verdalgoj g^enerale grandaj, foli
mikobakteri	菌菌	【生】【PIV】G. (Genro) (Mycobacterium el aktinomicetoj) de eu^bakterioj, ofte aspektantaj kiel
agnostikism	不可知主义	【哲】不可知論
duodenit	十二指肠炎	【病】十二指腸炎
endokrinolog	内分泌学家	【PIV】Specialisto pri endokrinologio.
treponemicid	密螺旋体杀	【PIV】Substanco, mortiganta la treponemojn: treponemicida efiko de hidrargo k bismuto.
neologismem	新话主义倾	【PIV】Inklino uzadi neologismojn.
geometr	地测	{Ｏ}幾何学者,測量技師
dinamometr	力计	{Ｏ}【機】動力計;《般》力量計,筋力計
elektrodinamism	电力主义	【理】動電現象;=elektrodinamiko（電気力学）
laktoz	乳糖	【化】乳糖
maltoz	麦芽糖	【化】マルトース,麦芽糖
sakaroz	蔗糖	【化】ショ糖,サッカロース
ameloz	糊糖	【化】【PIV】Polisakarido, polimero de glukozo, (C 6 H 5 O 5) n, unu el la du c^efaj konsistaj^
fruktoz	果糖	【化】【PIV】Sukero, ketoheksozo, C 6 H 12 O 6, izomero de glukozo, trovig^anta i.a. (interalie
ksiloz	木糖	【化】【PIV】Pentozo, C 5 H 10 O 5, trovig^anta en c^iaj lignaj^oj sub formo de polisakarido.
rafinoz	精糖	【化】【PIV】Trisakarido, C 18 H 32 O 16, trovig^anta kun sakarozo en la suko de multaj plantoj
stakioz	水苏糖	【化】【PIV】Sukero, tetrasakarido trovig^anta en plantoj, precipe el la fam. (familio) lamiaco
deoksioz	从氧糖	【化】【PIV】Monosakarido, C n H 2n O n-1 au^ C n H 2n O n-2, kun unu au^ du oksigenatomoj malp
kromiil	金基	【化】【PIV】La radikalo CrO 2, trovig^anta en diversaj kombinaj^oj.
