序号	字	Unicode	画数
3501	乂	U+4E42	2
3502	乜	U+4E5C	2
3503	兀	U+5140	3
3504	弋	U+5F0B	3
3505	孑	U+5B51	3
3506	孓	U+5B53	3
3507	幺	U+5E7A	3
3508	亓	U+4E93	4
3509	韦	U+97E6	4
3510	廿	U+5EFF	4
3511	丏	U+4E0F	4
3512	卅	U+5345	4
3513	仄	U+4EC4	4
3514	厄	U+5384	4
3515	仃	U+4EC3	4
3516	仉	U+4EC9	4
3517	仂	U+4EC2	4
3518	兮	U+516E	4
3519	刈	U+5208	4
3520	爻	U+723B	4
3521	卞	U+535E	4
3522	闩	U+95E9	4
3523	讣	U+8BA3	4
3524	尹	U+5C39	4
3525	夬	U+592C	4
3526	爿	U+723F	4
3527	毋	U+6BCB	4
3528	邗	U+9097	5
3529	邛	U+909B	5
3530	艽	U+827D	5
3531	艿	U+827F	5
3532	札	U+672D	5
3533	叵	U+53F5	5
3534	匝	U+531D	5
3535	丕	U+4E15	5
3536	匜	U+531C	5
3537	劢	U+52A2	5
3538	卟	U+535F	5
3539	叱	U+53F1	5
3540	叻	U+53FB	5
3541	仨	U+4EE8	5
3542	仕	U+4ED5	5
3543	仟	U+4EDF	5
3544	仡	U+4EE1	5
3545	仫	U+4EEB	5
3546	仞	U+4EDE	5
3547	卮	U+536E	5
3548	氐	U+6C10	5
3549	犰	U+72B0	5
3550	刍	U+520D	5
3551	邝	U+909D	5
3552	邙	U+9099	5
3553	汀	U+6C40	5
3554	讦	U+8BA6	5
3555	讧	U+8BA7	5
3556	讪	U+8BAA	5
3557	讫	U+8BAB	5
3558	尻	U+5C3B	5
3559	阡	U+9621	5
3560	尕	U+5C15	5
3561	弁	U+5F01	5
3562	驭	U+9A6D	5
3563	匡	U+5321	6
3564	耒	U+8012	6
3565	玎	U+738E	6
3566	玑	U+7391	6
3567	邢	U+90A2	6
3568	圩	U+5729	6
3569	圬	U+572C	6
3570	圭	U+572D	6
3571	扦	U+6266	6
3572	圪	U+572A	6
3573	圳	U+5733	6
3574	圹	U+5739	6
3575	扪	U+626A	6
3576	圮	U+572E	6
3577	圯	U+572F	6
3578	芊	U+828A	6
3579	芍	U+828D	6
3580	芄	U+8284	6
3581	芨	U+82A8	6
3582	芑	U+8291	6
3583	芎	U+828E	6
3584	芗	U+8297	6
3585	亘	U+4E98	6
3586	厍	U+538D	6
3587	夼	U+593C	6
3588	戍	U+620D	6
3589	尥	U+5C25	6
3590	乩	U+4E69	6
3591	旯	U+65EF	6
3592	曳	U+66F3	6
3593	岌	U+5C8C	6
3594	屺	U+5C7A	6
3595	凼	U+51FC	6
3596	囡	U+56E1	6
3597	钇	U+9487	6
3598	缶	U+7F36	6
3599	氘	U+6C18	6
3600	氖	U+6C16	6
3601	牝	U+725D	6
3602	伎	U+4F0E	6
3603	伛	U+4F1B	6
3604	伢	U+4F22	6
3605	佤	U+4F64	6
3606	仵	U+4EF5	6
3607	伥	U+4F25	6
3608	伧	U+4F27	6
3609	伉	U+4F09	6
3610	伫	U+4F2B	6
3611	囟	U+56DF	6
3612	汆	U+6C46	6
3613	刖	U+5216	6
3614	夙	U+5919	6
3615	旮	U+65EE	6
3616	刎	U+520E	6
3617	犷	U+72B7	6
3618	犸	U+72B8	6
3619	舛	U+821B	6
3620	凫	U+51EB	6
3621	邬	U+90AC	6
3622	饧	U+9967	6
3623	汕	U+6C55	6
3624	汔	U+6C54	6
3625	汐	U+6C50	6
3626	汲	U+6C72	6
3627	汜	U+6C5C	6
3628	汊	U+6C4A	6
3629	忖	U+5FD6	6
3630	忏	U+5FCF	6
3631	讴	U+8BB4	6
3632	讵	U+8BB5	6
3633	祁	U+7941	6
3634	讷	U+8BB7	6
3635	聿	U+807F	6
3636	艮	U+826E	6
3637	厾	U+53BE	6
3638	阱	U+9631	6
3639	阮	U+962E	6
3640	阪	U+962A	6
3641	丞	U+4E1E	6
3642	妁	U+5981	6
3643	牟	U+725F	6
3644	纡	U+7EA1	6
3645	纣	U+7EA3	6
3646	纥	U+7EA5	6
3647	纨	U+7EA8	6
3648	玕	U+7395	7
3649	玙	U+7399	7
3650	抟	U+629F	7
3651	抔	U+6294	7
3652	圻	U+573B	7
3653	坂	U+5742	7
3654	坍	U+574D	7
3655	坞	U+575E	7
3656	抃	U+6283	7
3657	抉	U+6289	7
3658	㧐	U+39D0	7
3659	芫	U+82AB	7
3660	邯	U+90AF	7
3661	芸	U+82B8	7
3662	芾	U+82BE	7
3663	苈	U+82C8	7
3664	苣	U+82E3	7
3665	芷	U+82B7	7
3666	芮	U+82AE	7
3667	苋	U+82CB	7
3668	芼	U+82BC	7
3669	苌	U+82CC	7
3670	苁	U+82C1	7
3671	芩	U+82A9	7
3672	芪	U+82AA	7
3673	芡	U+82A1	7
3674	芟	U+829F	7
3675	苄	U+82C4	7
3676	苎	U+82CE	7
3677	苡	U+82E1	7
3678	杌	U+674C	7
3679	杓	U+6753	7
3680	杞	U+675E	7
3681	杈	U+6748	7
3682	忑	U+5FD1	7
3683	孛	U+5B5B	7
3684	邴	U+90B4	7
3685	邳	U+90B3	7
3686	矶	U+77F6	7
3687	奁	U+5941	7
3688	豕	U+8C55	7
3689	忒	U+5FD2	7
3690	欤	U+6B24	7
3691	轫	U+8F6B	7
3692	迓	U+8FD3	7
3693	邶	U+90B6	7
3694	忐	U+5FD0	7
3695	卣	U+5363	7
3696	邺	U+90BA	7
3697	旰	U+65F0	7
3698	呋	U+544B	7
3699	呒	U+5452	7
3700	呓	U+5453	7
3701	呔	U+5454	7
3702	呖	U+5456	7
3703	呃	U+5443	7
3704	旸	U+65F8	7
3705	吡	U+5421	7
3706	町	U+753A	7
3707	虬	U+866C	7
3708	呗	U+5457	7
3709	吽	U+543D	7
3710	吣	U+5423	7
3711	吲	U+5432	7
3712	帏	U+5E0F	7
3713	岐	U+5C90	7
3714	岈	U+5C88	7
3715	岘	U+5C98	7
3716	岑	U+5C91	7
3717	岚	U+5C9A	7
3718	兕	U+5155	7
3719	囵	U+56F5	7
3720	囫	U+56EB	7
3721	钊	U+948A	7
3722	钋	U+948B	7
3723	钌	U+948C	7
3724	迕	U+8FD5	7
3725	氙	U+6C19	7
3726	氚	U+6C1A	7
3727	牤	U+7264	7
3728	佞	U+4F5E	7
3729	邱	U+90B1	7
3730	攸	U+6538	7
3731	佚	U+4F5A	7
3732	佝	U+4F5D	7
3733	佟	U+4F5F	7
3734	佗	U+4F57	7
3735	伽	U+4F3D	7
3736	彷	U+5F77	7
3737	佘	U+4F58	7
3738	佥	U+4F65	7
3739	孚	U+5B5A	7
3740	豸	U+8C78	7
3741	坌	U+574C	7
3742	肟	U+809F	7
3743	邸	U+90B8	7
3744	奂	U+5942	7
3745	劬	U+52AC	7
3746	狄	U+72C4	7
3747	狁	U+72C1	7
3748	鸠	U+9E20	7
3749	邹	U+90B9	7
3750	饨	U+9968	7
3751	饩	U+9969	7
3752	饪	U+996A	7
3753	饫	U+996B	7
3754	饬	U+996C	7
3755	亨	U+4EA8	7
3756	庑	U+5E91	7
3757	庋	U+5E8B	7
3758	疔	U+7594	7
3759	疖	U+7596	7
3760	肓	U+8093	7
3761	闱	U+95F1	7
3762	闳	U+95F3	7
3763	闵	U+95F5	7
3764	羌	U+7F8C	7
3765	炀	U+7080	7
3766	沣	U+6CA3	7
3767	沅	U+6C85	7
3768	沔	U+6C94	7
3769	沤	U+6CA4	7
3770	沌	U+6C8C	7
3771	沏	U+6C8F	7
3772	沚	U+6C9A	7
3773	汩	U+6C69	7
3774	汨	U+6C68	7
3775	沂	U+6C82	7
3776	汾	U+6C7E	7
3777	沨	U+6CA8	7
3778	汴	U+6C74	7
3779	汶	U+6C76	7
3780	沆	U+6C86	7
3781	沩	U+6CA9	7
3782	泐	U+6CD0	7
3783	怃	U+6003	7
3784	怄	U+6004	7
3785	忡	U+5FE1	7
3786	忤	U+5FE4	7
3787	忾	U+5FFE	7
3788	怅	U+6005	7
3789	忻	U+5FFB	7
3790	忪	U+5FEA	7
3791	怆	U+6006	7
3792	忭	U+5FED	7
3793	忸	U+5FF8	7
3794	诂	U+8BC2	7
3795	诃	U+8BC3	7
3796	诅	U+8BC5	7
3797	诋	U+8BCB	7
3798	诌	U+8BCC	7
3799	诏	U+8BCF	7
3800	诒	U+8BD2	7
3801	孜	U+5B5C	7
3802	陇	U+9647	7
3803	陀	U+9640	7
3804	陂	U+9642	7
3805	陉	U+9649	7
3806	妍	U+598D	7
3807	妩	U+59A9	7
3808	妪	U+59AA	7
3809	妣	U+59A3	7
3810	妊	U+598A	7
3811	妗	U+5997	7
3812	妫	U+59AB	7
3813	妞	U+599E	7
3814	姒	U+59D2	7
3815	妤	U+59A4	7
3816	邵	U+90B5	7
3817	劭	U+52AD	7
3818	刭	U+522D	7
3819	甬	U+752C	7
3820	邰	U+90B0	7
3821	纭	U+7EAD	7
3822	纰	U+7EB0	7
3823	纴	U+7EB4	7
3824	纶	U+7EB6	7
3825	纾	U+7EBE	7
3826	玮	U+73AE	8
3827	玡	U+73A1	8
3828	玭	U+73AD	8
3829	玠	U+73A0	8
3830	玢	U+73A2	8
3831	玥	U+73A5	8
3832	玦	U+73A6	8
3833	盂	U+76C2	8
3834	忝	U+5FDD	8
3835	匦	U+5326	8
3836	坩	U+5769	8
3837	抨	U+62A8	8
3838	拤	U+62E4	8
3839	坫	U+576B	8
3840	拈	U+62C8	8
3841	垆	U+5786	8
3842	抻	U+62BB	8
3843	劼	U+52BC	8
3844	拃	U+62C3	8
3845	拊	U+62CA	8
3846	坼	U+577C	8
3847	坻	U+577B	8
3848	㧟	U+39DF	8
3849	坨	U+5768	8
3850	坭	U+576D	8
3851	抿	U+62BF	8
3852	坳	U+5773	8
3853	耶	U+8036	8
3854	苷	U+82F7	8
3855	苯	U+82EF	8
3856	苤	U+82E4	8
3857	茏	U+830F	8
3858	苫	U+82EB	8
3859	苜	U+82DC	8
3860	苴	U+82F4	8
3861	苒	U+82D2	8
3862	苘	U+82D8	8
3863	茌	U+830C	8
3864	苻	U+82FB	8
3865	苓	U+82D3	8
3866	茚	U+831A	8
3867	茆	U+8306	8
3868	茑	U+8311	8
3869	茓	U+8313	8
3870	茔	U+8314	9
3871	茕	U+8315	8
3872	茀	U+8300	8
3873	苕	U+82D5	8
3874	枥	U+67A5	8
3875	枇	U+6787	8
3876	杪	U+676A	8
3877	杳	U+6773	8
3878	枧	U+67A7	8
3879	杵	U+6775	8
3880	枨	U+67A8	8
3881	枞	U+679E	8
3882	枋	U+678B	8
3883	杻	U+677B	8
3884	杷	U+6777	8
3885	杼	U+677C	8
3886	矸	U+77F8	8
3887	砀	U+7800	8
3888	刳	U+5233	8
3889	奄	U+5944	8
3890	瓯	U+74EF	8
3891	殁	U+6B81	8
3892	郏	U+90CF	8
3893	轭	U+8F6D	8
3894	郅	U+90C5	8
3895	鸢	U+9E22	8
3896	盱	U+76F1	8
3897	昊	U+660A	8
3898	昙	U+6619	8
3899	杲	U+6772	8
3900	昃	U+6603	8
3901	咂	U+5482	8
3902	呸	U+5478	8
3903	昕	U+6615	8
3904	昀	U+6600	8
3905	旻	U+65FB	8
3906	昉	U+6609	8
3907	炅	U+7085	8
3908	咔	U+5494	8
3909	畀	U+7540	8
3910	虮	U+866E	8
3911	咀	U+5480	8
3912	呷	U+5477	8
3913	黾	U+9EFE	8
3914	呱	U+5471	8
3915	呤	U+5464	8
3916	咚	U+549A	8
3917	咆	U+5486	8
3918	咛	U+549B	8
3919	呶	U+5476	8
3920	呣	U+5463	8
3921	呦	U+5466	8
3922	咝	U+549D	8
3923	岢	U+5CA2	8
3924	岿	U+5CBF	8
3925	岬	U+5CAC	8
3926	岫	U+5CAB	8
3927	帙	U+5E19	8
3928	岣	U+5CA3	8
3929	峁	U+5CC1	8
3930	刿	U+523F	8
3931	迥	U+8FE5	8
3932	岷	U+5CB7	8
3933	剀	U+5240	8
3934	帔	U+5E14	8
3935	峄	U+5CC4	8
3936	沓	U+6C93	8
3937	囹	U+56F9	8
3938	罔	U+7F54	8
3939	钍	U+948D	8
3940	钎	U+948E	8
3941	钏	U+948F	8
3942	钒	U+9492	8
3943	钕	U+9495	8
3944	钗	U+9497	8
3945	邾	U+90BE	8
3946	迮	U+8FEE	8
3947	牦	U+7266	8
3948	竺	U+7AFA	8
3949	迤	U+8FE4	8
3950	佶	U+4F76	8
3951	佬	U+4F6C	8
3952	佰	U+4F70	8
3953	侑	U+4F91	8
3954	侉	U+4F89	8
3955	臾	U+81FE	8
3956	岱	U+5CB1	8
3957	侗	U+4F97	8
3958	侃	U+4F83	8
3959	侏	U+4F8F	8
3960	侩	U+4FA9	8
3961	佻	U+4F7B	8
3962	佾	U+4F7E	8
3963	侪	U+4FAA	8
3964	佼	U+4F7C	8
3965	佯	U+4F6F	8
3966	侬	U+4FAC	8
3967	帛	U+5E1B	8
3968	阜	U+961C	8
3969	侔	U+4F94	8
3970	徂	U+5F82	8
3971	刽	U+523D	8
3972	郄	U+90C4	8
3973	怂	U+6002	8
3974	籴	U+7C74	8
3975	瓮	U+74EE	8
3976	戗	U+6217	8
3977	肼	U+80BC	8
3978	䏝	U+43DD	8
3979	肽	U+80BD	8
3980	肱	U+80B1	8
3981	肫	U+80AB	8
3982	剁	U+5241	8
3983	迩	U+8FE9	8
3984	郇	U+90C7	8
3985	狙	U+72D9	8
3986	狎	U+72CE	8
3987	狍	U+72CD	8
3988	狒	U+72D2	8
3989	咎	U+548E	8
3990	炙	U+7099	8
3991	枭	U+67AD	8
3992	饯	U+996F	8
3993	饴	U+9974	8
3994	冽	U+51BD	8
3995	冼	U+51BC	8
3996	庖	U+5E96	8
3997	疠	U+75A0	8
3998	疝	U+759D	8
3999	疡	U+75A1	8
4000	兖	U+5156	8
4001	妾	U+59BE	8
4002	劾	U+52BE	8
4003	炜	U+709C	8
4004	𬉼	U+2C27C	8
4005	炖	U+7096	8
4006	炘	U+7098	8
4007	炝	U+709D	8
4008	炔	U+7094	8
4009	泔	U+6CD4	8
4010	沭	U+6CAD	8
4011	泷	U+6CF7	8
4012	泸	U+6CF8	8
4013	泱	U+6CF1	8
4014	泅	U+6CC5	8
4015	泗	U+6CD7	8
4016	泠	U+6CE0	8
4017	泺	U+6CFA	8
4018	泖	U+6CD6	8
4019	泫	U+6CEB	8
4020	泮	U+6CEE	8
4021	沱	U+6CB1	8
4022	泯	U+6CEF	8
4023	泓	U+6CD3	8
4024	泾	U+6CFE	8
4025	怙	U+6019	8
4026	怵	U+6035	8
4027	怦	U+6026	8
4028	怛	U+601B	8
4029	怏	U+600F	8
4030	怍	U+600D	8
4031	㤘	U+3918	8
4032	怩	U+6029	8
4033	怫	U+602B	8
4034	怿	U+603F	8
4035	宕	U+5B95	8
4036	穹	U+7A79	8
4037	宓	U+5B93	8
4038	诓	U+8BD3	8
4039	诔	U+8BD4	8
4040	诖	U+8BD6	8
4041	诘	U+8BD8	8
4042	戾	U+623E	8
4043	诙	U+8BD9	8
4044	戽	U+623D	8
4045	郓	U+90D3	8
4046	衩	U+8869	8
4047	祆	U+7946	8
4048	祎	U+794E	8
4049	祉	U+7949	8
4050	祇	U+7947	8
4051	诛	U+8BDB	8
4052	诜	U+8BDC	8
4053	诟	U+8BDF	8
4054	诠	U+8BE0	8
4055	诣	U+8BE3	8
4056	诤	U+8BE4	8
4057	诧	U+8BE7	8
4058	诨	U+8BE8	8
4059	诩	U+8BE9	8
4060	戕	U+6215	8
4061	孢	U+5B62	8
4062	亟	U+4E9F	8
4063	陔	U+9654	8
4064	妲	U+59B2	8
4065	妯	U+59AF	8
4066	姗	U+59D7	8
4067	帑	U+5E11	8
4068	弩	U+5F29	8
4069	孥	U+5B65	8
4070	驽	U+9A7D	8
4071	虱	U+8671	8
4072	迦	U+8FE6	8
4073	迨	U+8FE8	8
4074	绀	U+7EC0	8
4075	绁	U+7EC1	8
4076	绂	U+7EC2	8
4077	驷	U+9A77	8
4078	驸	U+9A78	8
4079	绉	U+7EC9	8
4080	绌	U+7ECC	8
4081	驿	U+9A7F	8
4082	骀	U+9A80	8
4083	甾	U+753E	8
4084	珏	U+73CF	9
4085	珐	U+73D0	9
4086	珂	U+73C2	9
4087	珑	U+73D1	9
4088	玳	U+73B3	9
4089	珀	U+73C0	9
4090	顸	U+9878	9
4091	珉	U+73C9	9
4092	珈	U+73C8	9
4093	拮	U+62EE	9
4094	垭	U+57AD	9
4095	挝	U+631D	9
4096	垣	U+57A3	9
4097	挞	U+631E	9
4098	垤	U+57A4	9
4099	赳	U+8D73	9
4100	贲	U+8D32	9
4101	垱	U+57B1	9
4102	垌	U+578C	9
4103	郝	U+90DD	9
4104	垧	U+57A7	9
4105	垓	U+5793	9
4106	挦	U+6326	9
4107	垠	U+57A0	9
4108	茜	U+831C	9
4109	荚	U+835A	9
4110	荑	U+8351	9
4111	贳	U+8D33	9
4112	荜	U+835C	9
4113	莒	U+8392	9
4114	茼	U+833C	9
4115	茴	U+8334	9
4116	茱	U+8331	9
4117	莛	U+839B	9
4118	荞	U+835E	9
4119	茯	U+832F	9
4120	荏	U+834F	9
4121	荇	U+8347	9
4122	荃	U+8343	9
4123	荟	U+835F	9
4124	荀	U+8340	9
4125	茗	U+8317	9
4126	荠	U+8360	9
4127	茭	U+832D	9
4128	茨	U+8328	9
4129	垩	U+57A9	9
4130	荥	U+8365	10
4131	荦	U+8366	10
4132	荨	U+8368	9
4133	荩	U+8369	9
4134	剋	U+524B	9
4135	荪	U+836A	9
4136	茹	U+8339	9
4137	荬	U+836C	9
4138	荮	U+836E	9
4139	柰	U+67F0	9
4140	栉	U+6809	9
4141	柯	U+67EF	9
4142	柘	U+67D8	9
4143	栊	U+680A	9
4144	柩	U+67E9	9
4145	枰	U+67B0	9
4146	栌	U+680C	9
4147	柙	U+67D9	9
4148	枵	U+67B5	9
4149	柚	U+67DA	9
4150	枳	U+67B3	9
4151	柞	U+67DE	9
4152	柝	U+67DD	9
4153	栀	U+6800	9
4154	柢	U+67E2	9
4155	栎	U+680E	9
4156	枸	U+67B8	9
4157	柈	U+67C8	9
4158	柁	U+67C1	9
4159	枷	U+67B7	9
4160	柽	U+67FD	9
4161	剌	U+524C	9
4162	酊	U+914A	9
4163	郦	U+90E6	9
4164	甭	U+752D	9
4165	砗	U+7817	9
4166	砘	U+7818	9
4167	砒	U+7812	9
4168	斫	U+65AB	9
4169	砭	U+782D	9
4170	砜	U+781C	9
4171	奎	U+594E	9
4172	耷	U+8037	9
4173	虺	U+867A	9
4174	殂	U+6B82	9
4175	殇	U+6B87	9
4176	殄	U+6B84	9
4177	殆	U+6B86	9
4178	轱	U+8F71	9
4179	轲	U+8F72	9
4180	轳	U+8F73	9
4181	轶	U+8F76	9
4182	轸	U+8F78	9
4183	虿	U+867F	9
4184	毖	U+6BD6	9
4185	觇	U+89C7	9
4186	尜	U+5C1C	9
4187	哐	U+54D0	9
4188	眄	U+7704	9
4189	眍	U+770D	9
4190	𠳐	U+20CD0	10
4191	郢	U+90E2	9
4192	眇	U+7707	9
4193	眊	U+770A	9
4194	眈	U+7708	9
4195	禺	U+79BA	9
4196	哂	U+54C2	9
4197	咴	U+54B4	9
4198	曷	U+66F7	9
4199	昴	U+6634	9
4200	昱	U+6631	9
4201	昵	U+6635	9
4202	咦	U+54A6	9
4203	哓	U+54D3	9
4204	哔	U+54D4	9
4205	畎	U+754E	9
4206	毗	U+6BD7	9
4207	呲	U+5472	9
4208	胄	U+80C4	9
4209	畋	U+754B	9
4210	畈	U+7548	9
4211	虼	U+867C	9
4212	虻	U+867B	9
4213	盅	U+76C5	9
4214	咣	U+54A3	9
4215	哕	U+54D5	9
4216	剐	U+5250	9
4217	郧	U+90E7	9
4218	咻	U+54BB	9
4219	囿	U+56FF	9
4220	咿	U+54BF	9
4221	哌	U+54CC	9
4222	哙	U+54D9	9
4223	哚	U+54DA	9
4224	咯	U+54AF	9
4225	咩	U+54A9	9
4226	咤	U+54A4	9
4227	哝	U+54DD	9
4228	哏	U+54CF	9
4229	哞	U+54DE	9
4230	峙	U+5CD9	9
4231	峣	U+5CE3	9
4232	罘	U+7F58	9
4233	帧	U+5E27	9
4234	峒	U+5CD2	9
4235	峤	U+5CE4	9
4236	峋	U+5CCB	9
4237	峥	U+5CE5	9
4238	贶	U+8D36	9
4239	钚	U+949A	9
4240	钛	U+949B	9
4241	钡	U+94A1	9
4242	钣	U+94A3	9
4243	钤	U+94A4	9
4244	钨	U+94A8	9
4245	钫	U+94AB	9
4246	钯	U+94AF	9
4247	氡	U+6C21	9
4248	氟	U+6C1F	9
4249	牯	U+726F	9
4250	郜	U+90DC	9
4251	秕	U+79D5	9
4252	秭	U+79ED	9
4253	竽	U+7AFD	9
4254	笈	U+7B08	9
4255	笃	U+7B03	9
4256	俦	U+4FE6	9
4257	俨	U+4FE8	9
4258	俅	U+4FC5	9
4259	俪	U+4FEA	9
4260	叟	U+53DF	9
4261	垡	U+57A1	9
4262	牮	U+726E	9
4263	俣	U+4FE3	9
4264	俚	U+4FDA	9
4265	皈	U+7688	9
4266	俑	U+4FD1	9
4267	俟	U+4FDF	9
4268	逅	U+9005	9
4269	徇	U+5F87	9
4270	徉	U+5F89	9
4271	舢	U+8222	9
4272	俞	U+4FDE	9
4273	郗	U+90D7	9
4274	俎	U+4FCE	9
4275	郤	U+90E4	9
4276	爰	U+7230	9
4277	郛	U+90DB	9
4278	瓴	U+74F4	9
4279	胨	U+80E8	9
4280	胪	U+80EA	9
4281	胛	U+80DB	9
4282	胂	U+80C2	9
4283	胙	U+80D9	9
4284	胍	U+80CD	9
4285	胗	U+80D7	9
4286	胝	U+80DD	9
4287	朐	U+6710	9
4288	胫	U+80EB	9
4289	鸨	U+9E28	9
4290	匍	U+530D	9
4291	狨	U+72E8	9
4292	狯	U+72EF	9
4293	飑	U+98D1	9
4294	狩	U+72E9	9
4295	狲	U+72F2	9
4296	訇	U+8A07	9
4297	逄	U+9004	9
4298	昝	U+661D	9
4299	饷	U+9977	9
4300	饸	U+9978	9
4301	饹	U+9979	9
4302	胤	U+80E4	9
4303	孪	U+5B6A	9
4304	娈	U+5A08	9
4305	弈	U+5F08	9
4306	奕	U+5955	9
4307	庥	U+5EA5	9
4308	疬	U+75AC	9
4309	疣	U+75A3	9
4310	疥	U+75A5	9
4311	疭	U+75AD	9
4312	庠	U+5EA0	9
4313	竑	U+7AD1	9
4314	彦	U+5F66	9
4315	飒	U+98D2	9
4316	闼	U+95FC	9
4317	闾	U+95FE	9
4318	闿	U+95FF	9
4319	阂	U+9602	9
4320	羑	U+7F91	9
4321	迸	U+8FF8	9
4322	籼	U+7C7C	9
4323	酋	U+914B	9
4324	炳	U+70B3	9
4325	炻	U+70BB	9
4326	炽	U+70BD	9
4327	炯	U+70AF	9
4328	烀	U+70C0	9
4329	炷	U+70B7	9
4330	烃	U+70C3	9
4331	洱	U+6D31	9
4332	洹	U+6D39	9
4333	洧	U+6D27	9
4334	洌	U+6D0C	9
4335	浃	U+6D43	9
4336	洇	U+6D07	9
4337	洄	U+6D04	9
4338	洙	U+6D19	9
4339	涎	U+6D8E	9
4340	洎	U+6D0E	9
4341	洫	U+6D2B	9
4342	浍	U+6D4D	9
4343	洮	U+6D2E	9
4344	洵	U+6D35	9
4345	浒	U+6D52	9
4346	浔	U+6D54	9
4347	浕	U+6D55	9
4348	洳	U+6D33	9
4349	恸	U+6078	9
4350	恓	U+6053	9
4351	恹	U+6079	9
4352	恫	U+606B	9
4353	恺	U+607A	9
4354	恻	U+607B	9
4355	恂	U+6042	9
4356	恪	U+606A	9
4357	恽	U+607D	9
4358	宥	U+5BA5	9
4359	扃	U+6243	9
4360	衲	U+8872	9
4361	衽	U+887D	9
4362	衿	U+887F	9
4363	袂	U+8882	9
4364	祛	U+795B	9
4365	祜	U+795C	9
4366	祓	U+7953	9
4367	祚	U+795A	9
4368	诮	U+8BEE	9
4369	祗	U+7957	9
4370	祢	U+7962	9
4371	诰	U+8BF0	9
4372	诳	U+8BF3	9
4373	鸩	U+9E29	9
4374	昶	U+6636	9
4375	郡	U+90E1	9
4376	咫	U+54AB	9
4377	弭	U+5F2D	9
4378	牁	U+7241	9
4379	胥	U+80E5	9
4380	陛	U+965B	9
4381	陟	U+965F	9
4382	娅	U+5A05	9
4383	姮	U+59EE	9
4384	娆	U+5A06	9
4385	姝	U+59DD	9
4386	姣	U+59E3	9
4387	姘	U+59D8	9
4388	姹	U+59F9	9
4389	怼	U+603C	9
4390	羿	U+7FBF	9
4391	炱	U+70B1	9
4392	矜	U+77DC	9
4393	绔	U+7ED4	9
4394	骁	U+9A81	9
4395	骅	U+9A85	9
4396	绗	U+7ED7	9
4397	绛	U+7EDB	9
4398	骈	U+9A88	9
4399	耖	U+8016	10
4400	挈	U+6308	10
4401	珥	U+73E5	10
4402	珙	U+73D9	10
4403	顼	U+987C	10
4404	珰	U+73F0	10
4405	珩	U+73E9	10
4406	珧	U+73E7	10
4407	珣	U+73E3	10
4408	珞	U+73DE	10
4409	琤	U+7424	10
4410	珲	U+73F2	10
4411	敖	U+6556	10
4412	恚	U+605A	10
4413	埔	U+57D4	10
4414	埕	U+57D5	10
4415	埘	U+57D8	10
4416	埙	U+57D9	10
4417	埚	U+57DA	10
4418	挹	U+6339	10
4419	耆	U+8006	10
4420	耄	U+8004	10
4421	埒	U+57D2	10
4422	捋	U+634B	10
4423	贽	U+8D3D	10
4424	垸	U+57B8	10
4425	捃	U+6343	10
4426	盍	U+76CD	10
4427	荸	U+8378	10
4428	莆	U+8386	10
4429	莳	U+83B3	10
4430	莴	U+83B4	10
4431	莪	U+83AA	10
4432	莠	U+83A0	10
4433	莓	U+8393	10
4434	莜	U+839C	10
4435	莅	U+8385	10
4436	荼	U+837C	10
4437	莩	U+83A9	10
4438	荽	U+837D	10
4439	莸	U+83B8	10
4440	荻	U+837B	10
4441	莘	U+8398	10
4442	莎	U+838E	10
4443	莞	U+839E	10
4444	莨	U+83A8	10
4445	鸪	U+9E2A	10
4446	莼	U+83BC	10
4447	栲	U+6832	10
4448	栳	U+6833	10
4449	郴	U+90F4	10
4450	桓	U+6853	10
4451	桡	U+6861	10
4452	桎	U+684E	10
4453	桢	U+6862	10
4454	桤	U+6864	10
4455	梃	U+6883	10
4456	栝	U+681D	10
4457	桕	U+6855	10
4458	桁	U+6841	10
4459	桧	U+6867	10
4460	桅	U+6845	10
4461	栟	U+681F	10
4462	桉	U+6849	10
4463	栩	U+6829	10
4464	逑	U+9011	10
4465	逋	U+900B	10
4466	彧	U+5F67	10
4467	鬲	U+9B32	10
4468	豇	U+8C47	10
4469	酐	U+9150	10
4470	逦	U+9026	10
4471	厝	U+539D	10
4472	孬	U+5B6C	10
4473	砝	U+781D	10
4474	砹	U+7839	10
4475	砺	U+783A	10
4476	砧	U+7827	10
4477	砷	U+7837	10
4478	砟	U+781F	10
4479	砼	U+783C	10
4480	砥	U+7825	10
4481	砣	U+7823	10
4482	剞	U+525E	10
4483	砻	U+783B	10
4484	轼	U+8F7C	10
4485	轾	U+8F7E	10
4486	辂	U+8F82	10
4487	鸫	U+9E2B	10
4488	趸	U+8DB8	10
4489	龀	U+9F80	10
4490	鸬	U+9E2C	10
4491	虔	U+8654	10
4492	逍	U+900D	10
4493	眬	U+772C	10
4494	唛	U+551B	10
4495	晟	U+665F	10
4496	眩	U+7729	10
4497	眙	U+7719	10
4498	哧	U+54E7	10
4499	哽	U+54FD	10
4500	唔	U+5514	10
4501	晁	U+6641	10
4502	晏	U+664F	10
4503	鸮	U+9E2E	10
4504	趵	U+8DB5	10
4505	趿	U+8DBF	10
4506	畛	U+755B	10
4507	蚨	U+86A8	10
4508	蚜	U+869C	10
4509	蚍	U+868D	10
4510	蚋	U+868B	10
4511	蚬	U+86AC	10
4512	蚝	U+869D	10
4513	蚧	U+86A7	10
4514	唢	U+5522	10
4515	圄	U+5704	10
4516	唣	U+5523	10
4517	唏	U+550F	10
4518	盎	U+76CE	10
4519	唑	U+5511	10
4520	崂	U+5D02	10
4521	崃	U+5D03	10
4522	罡	U+7F61	10
4523	罟	U+7F5F	10
4524	峪	U+5CEA	10
4525	觊	U+89CA	10
4526	赅	U+8D45	10
4527	钰	U+94B0	10
4528	钲	U+94B2	10
4529	钴	U+94B4	10
4530	钵	U+94B5	10
4531	钹	U+94B9	10
4532	钺	U+94BA	10
4533	钽	U+94BD	10
4534	钼	U+94BC	10
4535	钿	U+94BF	10
4536	铀	U+94C0	10
4537	铂	U+94C2	10
4538	铄	U+94C4	10
4539	铆	U+94C6	10
4540	铈	U+94C8	10
4541	铉	U+94C9	10
4542	铊	U+94CA	10
4543	铋	U+94CB	10
4544	铌	U+94CC	10
4545	铍	U+94CD	10
4546	䥽	U+497D	13
4547	铎	U+94CE	10
4548	氩	U+6C29	10
4549	氤	U+6C24	10
4550	氦	U+6C26	10
4551	毪	U+6BEA	10
4552	舐	U+8210	10
4553	秣	U+79E3	10
4554	秫	U+79EB	10
4555	盉	U+76C9	10
4556	笄	U+7B04	10
4557	笕	U+7B15	10
4558	笊	U+7B0A	10
4559	笏	U+7B0F	10
4560	笆	U+7B06	10
4561	俸	U+4FF8	10
4562	倩	U+5029	10
4563	俵	U+4FF5	10
4564	偌	U+504C	10
4565	俳	U+4FF3	10
4566	俶	U+4FF6	10
4567	倬	U+502C	10
4568	倏	U+500F	10
4569	恁	U+6041	10
4570	倭	U+502D	10
4571	倪	U+502A	10
4572	俾	U+4FFE	10
4573	倜	U+501C	10
4574	隼	U+96BC	10
4575	隽	U+96BD	10
4576	倌	U+500C	10
4577	倥	U+5025	10
4578	臬	U+81EC	10
4579	皋	U+768B	10
4580	郫	U+90EB	10
4581	倨	U+5028	10
4582	衄	U+8844	10
4583	颀	U+9880	10
4584	徕	U+5F95	10
4585	舫	U+822B	10
4586	釜	U+91DC	10
4587	奚	U+595A	10
4588	衾	U+887E	10
4589	胯	U+80EF	10
4590	胱	U+80F1	10
4591	胴	U+80F4	10
4592	胭	U+80ED	10
4593	脍	U+810D	10
4594	胼	U+80FC	10
4595	朕	U+6715	10
4596	脒	U+8112	10
4597	胺	U+80FA	10
4598	鸱	U+9E31	10
4599	玺	U+73BA	10
4600	鸲	U+9E32	10
4601	狷	U+72F7	10
4602	猁	U+7301	10
4603	狳	U+72F3	10
4604	猃	U+7303	10
4605	狺	U+72FA	10
4606	逖	U+9016	10
4607	桀	U+6840	10
4608	袅	U+8885	10
4609	饽	U+997D	10
4610	凇	U+51C7	10
4611	栾	U+683E	10
4612	挛	U+631B	10
4613	亳	U+4EB3	10
4614	疳	U+75B3	10
4615	疴	U+75B4	10
4616	疸	U+75B8	10
4617	疽	U+75BD	10
4618	痈	U+75C8	10
4619	疱	U+75B1	10
4620	痂	U+75C2	10
4621	痉	U+75C9	10
4622	衮	U+886E	10
4623	凋	U+51CB	10
4624	颃	U+9883	10
4625	恣	U+6063	10
4626	旆	U+65C6	10
4627	旄	U+65C4	10
4628	旃	U+65C3	10
4629	阃	U+9603	10
4630	阄	U+9604	10
4631	訚	U+8A1A	10
4632	阆	U+9606	10
4633	恙	U+6059	10
4634	粑	U+7C91	10
4635	朔	U+6714	10
4636	郸	U+90F8	10
4637	烜	U+70DC	10
4638	烨	U+70E8	10
4639	烩	U+70E9	10
4640	烊	U+70CA	10
4641	剡	U+5261	10
4642	郯	U+90EF	10
4643	烬	U+70EC	10
4644	涑	U+6D91	10
4645	浯	U+6D6F	10
4646	涞	U+6D9E	10
4647	涟	U+6D9F	10
4648	娑	U+5A11	10
4649	涅	U+6D85	10
4650	涠	U+6DA0	10
4651	浞	U+6D5E	10
4652	涓	U+6D93	10
4653	浥	U+6D65	10
4654	涔	U+6D94	10
4655	浜	U+6D5C	10
4656	浠	U+6D60	10
4657	浣	U+6D63	10
4658	浚	U+6D5A	10
4659	悚	U+609A	10
4660	悭	U+60AD	10
4661	悝	U+609D	10
4662	悒	U+6092	10
4663	悌	U+608C	10
4664	悛	U+609B	10
4665	宸	U+5BB8	10
4666	窈	U+7A88	10
4667	剜	U+525C	10
4668	诹	U+8BF9	10
4669	冢	U+51A2	10
4670	诼	U+8BFC	10
4671	袒	U+8892	10
4672	袢	U+88A2	10
4673	祯	U+796F	10
4674	诿	U+8BFF	10
4675	谀	U+8C00	10
4676	谂	U+8C02	10
4677	谄	U+8C04	10
4678	谇	U+8C07	10
4679	屐	U+5C50	10
4680	屙	U+5C59	10
4681	陬	U+966C	10
4682	勐	U+52D0	10
4683	奘	U+5958	10
4684	牂	U+7242	10
4685	蚩	U+86A9	10
4686	陲	U+9672	10
4687	姬	U+59EC	10
4688	娠	U+5A20	10
4689	娌	U+5A0C	10
4690	娉	U+5A09	10
4691	娲	U+5A32	10
4692	娩	U+5A29	10
4693	娴	U+5A34	10
4694	娣	U+5A23	10
4695	娓	U+5A13	10
4696	婀	U+5A40	10
4697	畚	U+755A	10
4698	逡	U+9021	10
4699	绠	U+7EE0	10
4700	骊	U+9A8A	10
4701	绡	U+7EE1	10
4702	骋	U+9A8B	10
4703	绥	U+7EE5	10
4704	绦	U+7EE6	10
4705	绨	U+7EE8	10
4706	骎	U+9A8E	10
4707	邕	U+9095	10
4708	鸶	U+9E36	10
4709	彗	U+5F57	11
4710	耜	U+801C	11
4711	焘	U+7118	11
4712	舂	U+8202	11
4713	琏	U+740F	11
4714	琇	U+7407	11
4715	麸	U+9EB8	11
4716	揶	U+63F6	11
4717	埴	U+57F4	11
4718	埯	U+57EF	11
4719	捯	U+636F	11
4720	掳	U+63B3	11
4721	掴	U+63B4	11
4722	埸	U+57F8	11
4723	埵	U+57F5	11
4724	赧	U+8D67	11
4725	埤	U+57E4	11
4726	捭	U+636D	11
4727	逵	U+9035	11
4728	埝	U+57DD	11
4729	堋	U+580B	11
4730	堍	U+580D	11
4731	掬	U+63AC	11
4732	鸷	U+9E37	11
4733	掖	U+6396	11
4734	捽	U+637D	11
4735	掊	U+638A	11
4736	堉	U+5809	11
4737	掸	U+63B8	11
4738	捩	U+6369	11
4739	掮	U+63AE	11
4740	悫	U+60AB	11
4741	埭	U+57ED	11
4742	埽	U+57FD	11
4743	掇	U+6387	11
4744	掼	U+63BC	11
4745	聃	U+8043	11
4746	菁	U+83C1	11
4747	萁	U+8401	11
4748	菘	U+83D8	11
4749	堇	U+5807	11
4750	萘	U+8418	11
4751	萋	U+840B	11
4752	菽	U+83FD	11
4753	菖	U+83D6	11
4754	萜	U+841C	11
4755	萸	U+8438	11
4756	萑	U+8411	11
4757	棻	U+68FB	11
4758	菔	U+83D4	11
4759	菟	U+83DF	11
4760	萏	U+840F	11
4761	萃	U+8403	11
4762	菏	U+83CF	11
4763	菹	U+83F9	11
4764	菪	U+83EA	11
4765	菅	U+83C5	11
4766	菀	U+83C0	11
4767	萦	U+8426	12
4768	菰	U+83F0	11
4769	菡	U+83E1	11
4770	梵	U+68B5	11
4771	梿	U+68BF	11
4772	梏	U+688F	11
4773	觋	U+89CB	11
4774	桴	U+6874	11
4775	桷	U+6877	11
4776	梓	U+6893	11
4777	棁	U+68C1	11
4778	桫	U+686B	11
4779	棂	U+68C2	11
4780	啬	U+556C	11
4781	郾	U+90FE	11
4782	匮	U+532E	11
4783	敕	U+6555	11
4784	豉	U+8C49	11
4785	鄄	U+9104	11
4786	酞	U+915E	11
4787	酚	U+915A	11
4788	戛	U+621B	11
4789	硎	U+784E	11
4790	硭	U+786D	11
4791	硒	U+7852	11
4792	硖	U+7856	11
4793	硗	U+7857	11
4794	硐	U+7850	11
4795	硇	U+7847	11
4796	硌	U+784C	11
4797	鸸	U+9E38	11
4798	瓠	U+74E0	11
4799	匏	U+530F	11
4800	厩	U+53A9	11
4801	龚	U+9F9A	11
4802	殒	U+6B92	11
4803	殓	U+6B93	11
4804	殍	U+6B8D	11
4805	赉	U+8D49	11
4806	雩	U+96E9	11
4807	辄	U+8F84	11
4808	堑	U+5811	11
4809	眭	U+772D	11
4810	眦	U+7726	11
4811	啧	U+5567	11
4812	晡	U+6661	11
4813	晤	U+6664	11
4814	眺	U+773A	11
4815	眵	U+7735	11
4816	眸	U+7738	11
4817	圊	U+570A	11
4818	喏	U+558F	11
4819	喵	U+55B5	11
4820	啉	U+5549	11
4821	勖	U+52D6	11
4822	晞	U+665E	11
4823	唵	U+5535	11
4824	晗	U+6657	11
4825	冕	U+5195	11
4826	啭	U+556D	11
4827	畦	U+7566	11
4828	趺	U+8DBA	11
4829	啮	U+556E	11
4830	跄	U+8DC4	11
4831	蚶	U+86B6	11
4832	蛄	U+86C4	11
4833	蛎	U+86CE	11
4834	蛆	U+86C6	11
4835	蚰	U+86B0	11
4836	蛊	U+86CA	11
4837	圉	U+5709	11
4838	蚱	U+86B1	11
4839	蛉	U+86C9	11
4840	蛏	U+86CF	11
4841	蚴	U+86B4	11
4842	啁	U+5541	11
4843	啕	U+5555	11
4844	唿	U+553F	11
4845	啐	U+5550	11
4846	唼	U+553C	11
4847	唷	U+5537	11
4848	啖	U+5556	11
4849	啵	U+5575	11
4850	啶	U+5576	11
4851	啷	U+5577	11
4852	唳	U+5533	11
4853	唰	U+5530	11
4854	啜	U+555C	11
4855	帻	U+5E3B	11
4856	崚	U+5D1A	11
4857	崦	U+5D26	11
4858	帼	U+5E3C	11
4859	崮	U+5D2E	11
4860	崤	U+5D24	11
4861	崆	U+5D06	11
4862	赇	U+8D47	11
4863	赈	U+8D48	11
4864	赊	U+8D4A	11
4865	铑	U+94D1	11
4866	铒	U+94D2	11
4867	铗	U+94D7	11
4868	铙	U+94D9	11
4869	铟	U+94DF	11
4870	铠	U+94E0	11
4871	铡	U+94E1	11
4872	铢	U+94E2	11
4873	铣	U+94E3	11
4874	铤	U+94E4	11
4875	铧	U+94E7	11
4876	铨	U+94E8	11
4877	铩	U+94E9	11
4878	铪	U+94EA	11
4879	铫	U+94EB	11
4880	铬	U+94EC	11
4881	铮	U+94EE	11
4882	铯	U+94EF	11
4883	铰	U+94F0	11
4884	铱	U+94F1	11
4885	铳	U+94F3	11
4886	铵	U+94F5	11
4887	铷	U+94F7	11
4888	氪	U+6C2A	11
4889	牾	U+727E	11
4890	鸹	U+9E39	11
4891	秾	U+79FE	11
4892	逶	U+9036	11
4893	笺	U+7B3A	11
4894	筇	U+7B47	11
4895	笸	U+7B38	11
4896	笪	U+7B2A	11
4897	笮	U+7B2E	11
4898	笠	U+7B20	11
4899	笥	U+7B25	11
4900	笤	U+7B24	11
4901	笳	U+7B33	11
4902	笾	U+7B3E	11
4903	笞	U+7B1E	11
4904	偾	U+507E	11
4905	偃	U+5043	11
4906	偕	U+5055	11
4907	偈	U+5048	11
4908	傀	U+5080	11
4909	偬	U+506C	11
4910	偻	U+507B	11
4911	皑	U+7691	11
4912	皎	U+768E	11
4913	鸻	U+9E3B	11
4914	徜	U+5F9C	11
4915	舸	U+8238	11
4916	舻	U+823B	11
4917	舴	U+8234	11
4918	舷	U+8237	11
4919	龛	U+9F9B	11
4920	翎	U+7FCE	11
4921	脬	U+812C	11
4922	脘	U+8118	11
4923	脲	U+8132	11
4924	匐	U+5310	11
4925	猗	U+7317	11
4926	猡	U+7321	11
4927	猞	U+731E	11
4928	猝	U+731D	11
4929	斛	U+659B	11
4930	猕	U+7315	11
4931	馗	U+9997	11
4932	馃	U+9983	11
4933	馄	U+9984	11
4934	鸾	U+9E3E	11
4935	孰	U+5B70	11
4936	庹	U+5EB9	11
4937	庾	U+5EBE	11
4938	痔	U+75D4	11
4939	痍	U+75CD	11
4940	疵	U+75B5	11
4941	翊	U+7FCA	11
4942	旌	U+65CC	11
4943	旎	U+65CE	11
4944	袤	U+88A4	11
4945	阇	U+9607	11
4946	阈	U+9608	11
4947	阉	U+9609	11
4948	阊	U+960A	11
4949	阋	U+960B	11
4950	阍	U+960D	11
4951	阏	U+960F	11
4952	羟	U+7F9F	11
4953	粝	U+7C9D	11
4954	粕	U+7C95	11
4955	敝	U+655D	11
4956	焐	U+7110	11
4957	烯	U+70EF	11
4958	焓	U+7113	11
4959	烽	U+70FD	11
4960	焖	U+7116	11
4961	烷	U+70F7	11
4962	焗	U+7117	11
4963	渍	U+6E0D	11
4964	渚	U+6E1A	11
4965	淇	U+6DC7	11
4966	淅	U+6DC5	11
4967	淞	U+6DDE	11
4968	渎	U+6E0E	11
4969	涿	U+6DBF	11
4970	淖	U+6DD6	11
4971	挲	U+6332	11
4972	淠	U+6DE0	11
4973	涸	U+6DB8	11
4974	渑	U+6E11	11
4975	淦	U+6DE6	11
4976	淝	U+6DDD	11
4977	淬	U+6DEC	11
4978	涪	U+6DAA	11
4979	淙	U+6DD9	11
4980	涫	U+6DAB	11
4981	渌	U+6E0C	11
4982	淄	U+6DC4	11
4983	惬	U+60EC	11
4984	悻	U+60BB	11
4985	悱	U+60B1	11
4986	惝	U+60DD	11
4987	惘	U+60D8	11
4988	悸	U+60B8	11
4989	惆	U+60C6	11
4990	惚	U+60DA	11
4991	惇	U+60C7	11
4992	惮	U+60EE	11
4993	窕	U+7A95	11
4994	谌	U+8C0C	11
4995	谏	U+8C0F	11
4996	扈	U+6248	11
4997	皲	U+76B2	11
4998	谑	U+8C11	11
4999	裆	U+88C6	11
5000	袷	U+88B7	11
5001	裉	U+88C9	11
5002	谒	U+8C12	11
5003	谔	U+8C14	11
5004	谕	U+8C15	11
5005	谖	U+8C16	11
5006	谗	U+8C17	11
5007	谙	U+8C19	11
5008	谛	U+8C1B	11
5009	谝	U+8C1D	11
5010	逯	U+902F	11
5011	郿	U+90FF	11
5012	隈	U+9688	11
5013	粜	U+7C9C	11
5014	隍	U+968D	11
5015	隗	U+9697	11
5016	婧	U+5A67	11
5017	婊	U+5A4A	11
5018	婕	U+5A55	11
5019	娼	U+5A3C	11
5020	婢	U+5A62	11
5021	婵	U+5A75	11
5022	胬	U+80EC	11
5023	袈	U+8888	11
5024	翌	U+7FCC	11
5025	恿	U+607F	11
5026	欸	U+6B38	11
5027	绫	U+7EEB	11
5028	骐	U+9A90	11
5029	绮	U+7EEE	11
5030	绯	U+7EEF	11
5031	绱	U+7EF1	11
5032	骒	U+9A92	11
5033	绲	U+7EF2	11
5034	骓	U+9A93	11
5035	绶	U+7EF6	11
5036	绺	U+7EFA	11
5037	绻	U+7EFB	11
5038	绾	U+7EFE	11
5039	骖	U+9A96	11
5040	缁	U+7F01	11
5041	耠	U+8020	12
5042	琫	U+742B	12
5043	琵	U+7435	12
5044	琶	U+7436	12
5045	琪	U+742A	12
5046	瑛	U+745B	12
5047	琦	U+7426	12
5048	琥	U+7425	12
5049	琨	U+7428	12
5050	靓	U+9753	12
5051	琰	U+7430	12
5052	琮	U+742E	12
5053	琯	U+742F	12
5054	琬	U+742C	12
5055	琛	U+741B	12
5056	琚	U+741A	12
5057	辇	U+8F87	12
5058	鼋	U+9F0B	12
5059	揳	U+63F3	12
5060	堞	U+581E	12
5061	搽	U+643D	12
5062	揸	U+63F8	12
5063	揠	U+63E0	12
5064	堙	U+5819	12
5065	趄	U+8D84	12
5066	揖	U+63D6	12
5067	颉	U+9889	12
5068	塄	U+5844	12
5069	揿	U+63FF	12
5070	耋	U+800B	12
5071	揄	U+63C4	12
5072	蛩	U+86E9	12
5073	蛰	U+86F0	12
5074	塆	U+5846	12
5075	摒	U+6452	12
5076	揆	U+63C6	12
5077	掾	U+63BE	12
5078	聒	U+8052	12
5079	葑	U+8451	12
5080	葚	U+845A	12
5081	靰	U+9770	12
5082	靸	U+9778	12
5083	葳	U+8473	12
5084	葺	U+847A	12
5085	葸	U+8478	12
5086	萼	U+843C	12
5087	葆	U+8446	12
5088	葩	U+8469	12
5089	葶	U+8476	12
5090	蒌	U+848C	12
5091	萱	U+8431	12
5092	戟	U+621F	12
5093	葭	U+846D	12
5094	楮	U+696E	12
5095	棼	U+68FC	12
5096	椟	U+691F	12
5097	棹	U+68F9	12
5098	椤	U+6924	12
5099	棰	U+68F0	12
5100	赍	U+8D4D	12
5101	椋	U+690B	12
5102	椁	U+6901	12
5103	椪	U+692A	12
5104	棣	U+68E3	12
5105	椐	U+6910	12
5106	鹁	U+9E41	12
5107	覃	U+8983	12
5108	酤	U+9164	12
5109	酢	U+9162	12
5110	酡	U+9161	12
5111	鹂	U+9E42	12
5112	厥	U+53A5	12
5113	殚	U+6B9A	12
5114	殛	U+6B9B	12
5115	雯	U+96EF	12
5116	雱	U+96F1	12
5117	辊	U+8F8A	12
5118	辋	U+8F8B	12
5119	椠	U+6920	12
5120	辍	U+8F8D	12
5121	辎	U+8F8E	12
5122	斐	U+6590	12
5123	睄	U+7744	12
5124	睑	U+7751	12
5125	睇	U+7747	12
5126	睃	U+7743	12
5127	戢	U+6222	12
5128	喋	U+558B	12
5129	嗒	U+55D2	12
5130	喃	U+5583	12
5131	喱	U+55B1	12
5132	喹	U+55B9	12
5133	晷	U+6677	12
5134	喈	U+5588	12
5135	跖	U+8DD6	12
5136	跗	U+8DD7	12
5137	跞	U+8DDE	12
5138	跚	U+8DDA	12
5139	跎	U+8DCE	12
5140	跏	U+8DCF	12
5141	跆	U+8DC6	12
5142	蛱	U+86F1	12
5143	蛲	U+86F2	12
5144	蛭	U+86ED	12
5145	蛳	U+86F3	12
5146	蛐	U+86D0	12
5147	蛔	U+86D4	12
5148	蛞	U+86DE	12
5149	蛴	U+86F4	12
5150	蛟	U+86DF	12
5151	蛘	U+86D8	12
5152	喁	U+5581	12
5153	喟	U+559F	12
5154	啾	U+557E	12
5155	嗖	U+55D6	12
5156	喑	U+5591	12
5157	嗟	U+55DF	12
5158	喽	U+55BD	12
5159	嗞	U+55DE	12
5160	喀	U+5580	12
5161	喔	U+5594	12
5162	喙	U+5599	12
5163	嵘	U+5D58	12
5164	嵖	U+5D56	12
5165	崴	U+5D34	12
5166	遄	U+9044	12
5167	詈	U+8A48	12
5168	嵎	U+5D4E	12
5169	崽	U+5D3D	12
5170	嵬	U+5D6C	12
5171	嵛	U+5D5B	12
5172	嵯	U+5D6F	12
5173	嵝	U+5D5D	12
5174	嵫	U+5D6B	12
5175	幄	U+5E44	12
5176	嵋	U+5D4B	12
5177	赕	U+8D55	12
5178	铻	U+94FB	12
5179	铼	U+94FC	12
5180	铿	U+94FF	12
5181	锃	U+9503	12
5182	锂	U+9502	12
5183	锆	U+9506	12
5184	锇	U+9507	12
5185	锉	U+9509	12
5186	锏	U+950F	12
5187	锑	U+9511	12
5188	锒	U+9512	12
5189	锔	U+9514	12
5190	锕	U+9515	12
5191	掣	U+63A3	12
5192	矬	U+77EC	12
5193	氰	U+6C30	12
5194	毳	U+6BF3	12
5195	毽	U+6BFD	12
5196	犊	U+728A	12
5197	犄	U+7284	12
5198	犋	U+728B	12
5199	鹄	U+9E44	12
5200	犍	U+728D	12
5201	嵇	U+5D47	12
5202	黍	U+9ECD	12
5203	稃	U+7A03	12
5204	稂	U+7A02	12
5205	筚	U+7B5A	12
5206	筵	U+7B75	12
5207	筌	U+7B4C	12
5208	傣	U+50A3	12
5209	傈	U+5088	12
5210	舄	U+8204	12
5211	牍	U+724D	12
5212	傥	U+50A5	12
5213	傧	U+50A7	12
5214	遑	U+9051	12
5215	傩	U+50A9	12
5216	遁	U+9041	12
5217	徨	U+5FA8	12
5218	媭	U+5AAD	12
5219	畲	U+7572	12
5220	弑	U+5F11	12
5221	颌	U+988C	12
5222	翕	U+7FD5	12
5223	釉	U+91C9	12
5224	鹆	U+9E46	12
5225	舜	U+821C	12
5226	貂	U+8C82	12
5227	腈	U+8148	12
5228	腌	U+814C	12
5229	腓	U+8153	12
5230	腆	U+8146	12
5231	腴	U+8174	12
5232	腑	U+8151	12
5233	腚	U+815A	12
5234	腱	U+8171	12
5235	鱿	U+9C7F	12
5236	鲀	U+9C80	12
5237	鲂	U+9C82	12
5238	颍	U+988D	12
5239	猢	U+7322	12
5240	猹	U+7339	12
5241	猥	U+7325	12
5242	飓	U+98D3	12
5243	觞	U+89DE	12
5244	觚	U+89DA	12
5245	猱	U+7331	12
5246	颎	U+988E	12
5247	飧	U+98E7	12
5248	馇	U+9987	12
5249	馊	U+998A	12
5250	亵	U+4EB5	12
5251	脔	U+8114	12
5252	裒	U+88D2	12
5253	痣	U+75E3	12
5254	痨	U+75E8	12
5255	痦	U+75E6	12
5256	痞	U+75DE	12
5257	痤	U+75E4	12
5258	痫	U+75EB	12
5259	痧	U+75E7	12
5260	赓	U+8D53	12
5261	竦	U+7AE6	12
5262	瓿	U+74FF	12
5263	啻	U+557B	12
5264	颏	U+988F	12
5265	鹇	U+9E47	12
5266	阑	U+9611	12
5267	阒	U+9612	12
5268	阕	U+9615	12
5269	粞	U+7C9E	12
5270	遒	U+9052	12
5271	孳	U+5B73	12
5272	焯	U+712F	12
5273	焜	U+711C	12
5274	焙	U+7119	12
5275	焱	U+7131	12
5276	鹈	U+9E48	12
5277	湛	U+6E5B	12
5278	渫	U+6E2B	12
5279	湮	U+6E6E	12
5280	湎	U+6E4E	12
5281	湜	U+6E5C	12
5282	渭	U+6E2D	12
5283	湍	U+6E4D	12
5284	湫	U+6E6B	12
5285	溲	U+6EB2	12
5286	湟	U+6E5F	12
5287	溆	U+6E86	12
5288	湲	U+6E72	12
5289	湔	U+6E54	12
5290	湉	U+6E49	12
5291	渥	U+6E25	12
5292	湄	U+6E44	12
5293	滁	U+6EC1	12
5294	愠	U+6120	12
5295	惺	U+60FA	12
5296	愦	U+6126	12
5297	惴	U+60F4	12
5298	愀	U+6100	12
5299	愎	U+610E	12
5300	愔	U+6114	12
5301	喾	U+55BE	12
5302	寐	U+5BD0	12
5303	谟	U+8C1F	12
5304	扉	U+6249	12
5305	裢	U+88E2	12
5306	裎	U+88CE	12
5307	裥	U+88E5	12
5308	祾	U+797E	12
5309	祺	U+797A	12
5310	谠	U+8C20	12
5311	幂	U+5E42	12
5312	谡	U+8C21	12
5313	谥	U+8C25	12
5314	谧	U+8C27	12
5315	遐	U+9050	12
5316	孱	U+5B71	12
5317	弼	U+5F3C	12
5318	巽	U+5DFD	12
5319	骘	U+9A98	12
5320	媪	U+5AAA	12
5321	媛	U+5A9B	12
5322	婷	U+5A77	12
5323	巯	U+5DEF	12
5324	翚	U+7FDA	12
5325	皴	U+76B4	12
5326	婺	U+5A7A	12
5327	骛	U+9A9B	12
5328	缂	U+7F02	12
5329	缃	U+7F03	12
5330	缄	U+7F04	12
5331	彘	U+5F58	12
5332	缇	U+7F07	12
5333	缈	U+7F08	12
5334	缌	U+7F0C	12
5335	缑	U+7F11	12
5336	缒	U+7F12	12
5337	缗	U+7F17	12
5338	飨	U+98E8	12
5339	耢	U+8022	13
5340	瑚	U+745A	13
5341	瑁	U+7441	13
5342	瑜	U+745C	13
5343	瑗	U+7457	13
5344	瑄	U+7444	13
5345	瑕	U+7455	13
5346	遨	U+9068	13
5347	骜	U+9A9C	13
5348	韫	U+97EB	13
5349	髡	U+9AE1	13
5350	塬	U+586C	13
5351	鄢	U+9122	13
5352	趔	U+8D94	13
5353	趑	U+8D91	13
5354	摅	U+6445	13
5355	摁	U+6441	13
5356	蜇	U+8707	13
5357	搋	U+640B	13
5358	搪	U+642A	13
5359	搐	U+6410	13
5360	搛	U+641B	13
5361	搠	U+6420	13
5362	摈	U+6448	13
5363	彀	U+5F40	13
5364	毂	U+6BC2	13
5365	搦	U+6426	13
5366	搡	U+6421	13
5367	蓁	U+84C1	13
5368	戡	U+6221	13
5369	蓍	U+84CD	13
5370	鄞	U+911E	13
5371	靳	U+9773	13
5372	蓐	U+84D0	13
5373	蓦	U+84E6	13
5374	鹋	U+9E4B	13
5375	蒽	U+84BD	13
5376	蓓	U+84D3	13
5377	蓖	U+84D6	13
5378	蓊	U+84CA	13
5379	蒯	U+84AF	13
5380	蓟	U+84DF	13
5381	蓑	U+84D1	13
5382	蒿	U+84BF	13
5383	蒺	U+84BA	13
5384	蓠	U+84E0	13
5385	蒟	U+849F	13
5386	蒡	U+84A1	13
5387	蒹	U+84B9	13
5388	蒴	U+84B4	13
5389	蒗	U+8497	13
5390	蓥	U+84E5	13
5391	颐	U+9890	13
5392	楔	U+6954	13
5393	楠	U+6960	13
5394	楂	U+6942	13
5395	楝	U+695D	13
5396	楫	U+696B	13
5397	楸	U+6978	13
5398	椴	U+6934	13
5399	槌	U+69CC	13
5400	楯	U+696F	13
5401	皙	U+7699	13
5402	榈	U+6988	13
5403	槎	U+69CE	13
5404	榉	U+6989	13
5405	楦	U+6966	13
5406	楣	U+6963	13
5407	楹	U+6979	13
5408	椽	U+693D	13
5409	裘	U+88D8	13
5410	剽	U+527D	13
5411	甄	U+7504	13
5412	酮	U+916E	13
5413	酰	U+9170	13
5414	酯	U+916F	13
5415	酩	U+9169	13
5416	蜃	U+8703	13
5417	碛	U+789B	13
5418	碓	U+7893	13
5419	硼	U+787C	13
5420	碉	U+7889	13
5421	碚	U+789A	13
5422	碇	U+7887	13
5423	碜	U+789C	13
5424	鹌	U+9E4C	13
5425	辏	U+8F8F	13
5426	龃	U+9F83	13
5427	龅	U+9F85	13
5428	訾	U+8A3E	13
5429	粲	U+7CB2	13
5430	虞	U+865E	13
5431	睚	U+775A	13
5432	嗪	U+55EA	13
5433	韪	U+97EA	13
5434	嗷	U+55F7	13
5435	嗉	U+55C9	13
5436	睨	U+7768	13
5437	睢	U+7762	13
5438	雎	U+96CE	13
5439	睥	U+7765	13
5440	嘟	U+561F	13
5441	嗑	U+55D1	13
5442	嗫	U+55EB	13
5443	嗬	U+55EC	13
5444	嗔	U+55D4	13
5445	嗝	U+55DD	13
5446	戥	U+6225	13
5447	嗄	U+55C4	13
5448	煦	U+7166	13
5449	暄	U+6684	13
5450	遢	U+9062	13
5451	暌	U+668C	13
5452	跬	U+8DEC	13
5453	跶	U+8DF6	13
5454	跸	U+8DF8	13
5455	跐	U+8DD0	13
5456	跣	U+8DE3	13
5457	跹	U+8DF9	13
5458	跻	U+8DFB	13
5459	蛸	U+86F8	13
5460	蜊	U+870A	13
5461	蜍	U+870D	13
5462	蜉	U+8709	13
5463	蜣	U+8723	13
5464	畹	U+7579	13
5465	蛹	U+86F9	13
5466	嗣	U+55E3	13
5467	嗯	U+55EF	13
5468	嗥	U+55E5	13
5469	嗲	U+55F2	13
5470	嗳	U+55F3	13
5471	嗌	U+55CC	13
5472	嗍	U+55CD	13
5473	嗨	U+55E8	13
5474	嗐	U+55D0	13
5475	嗤	U+55E4	13
5476	嗵	U+55F5	13
5477	罨	U+7F68	13
5478	嵊	U+5D4A	13
5479	嵩	U+5D69	13
5480	嵴	U+5D74	13
5481	骰	U+9AB0	13
5482	锗	U+9517	13
5483	锛	U+951B	13
5484	锜	U+951C	13
5485	锝	U+951D	13
5486	锞	U+951E	13
5487	锟	U+951F	13
5488	锢	U+9522	13
5489	锨	U+9528	13
5490	锩	U+9529	13
5491	锭	U+952D	13
5492	锱	U+9531	13
5493	雉	U+96C9	13
5494	氲	U+6C32	13
5495	犏	U+728F	13
5496	歃	U+6B43	13
5497	稞	U+7A1E	13
5498	稗	U+7A17	13
5499	稔	U+7A14	13
5500	筠	U+7B60	13
5501	筢	U+7B62	13
5502	筮	U+7B6E	13
5503	筲	U+7B72	13
5504	筱	U+7B71	13
5505	牒	U+7252	13
5506	煲	U+7172	13
5507	敫	U+656B	13
5508	徭	U+5FAD	13
5509	愆	U+6106	13
5510	艄	U+8244	13
5511	觎	U+89CE	13
5512	毹	U+6BF9	13
5513	貊	U+8C8A	13
5514	貅	U+8C85	13
5515	貉	U+8C89	13
5516	颔	U+9894	13
5517	腠	U+8160	13
5518	腩	U+8169	13
5519	腼	U+817C	13
5520	腭	U+816D	13
5521	腧	U+8167	13
5522	塍	U+584D	13
5523	媵	U+5AB5	13
5524	詹	U+8A79	13
5525	鲅	U+9C85	13
5526	鲆	U+9C86	13
5527	鲇	U+9C87	13
5528	鲈	U+9C88	13
5529	稣	U+7A23	13
5530	鲋	U+9C8B	13
5531	鲐	U+9C90	13
5532	肄	U+8084	13
5533	鹐	U+9E50	13
5534	飕	U+98D5	13
5535	觥	U+89E5	13
5536	遛	U+905B	13
5537	馐	U+9990	13
5538	鹑	U+9E51	13
5539	亶	U+4EB6	13
5540	瘃	U+7603	13
5541	痱	U+75F1	13
5542	痼	U+75FC	13
5543	痿	U+75FF	13
5544	瘐	U+7610	13
5545	瘁	U+7601	13
5546	瘆	U+7606	13
5547	麂	U+9E82	13
5548	裔	U+88D4	13
5549	歆	U+6B46	13
5550	旒	U+65D2	13
5551	雍	U+96CD	13
5552	阖	U+9616	13
5553	阗	U+9617	13
5554	阙	U+9619	13
5555	羧	U+7FA7	13
5556	豢	U+8C62	13
5557	粳	U+7CB3	13
5558	猷	U+7337	13
5559	煳	U+7173	13
5560	煜	U+715C	13
5561	煨	U+7168	13
5562	煅	U+7145	13
5563	煊	U+714A	13
5564	煸	U+7178	13
5565	煺	U+717A	13
5566	滟	U+6EDF	13
5567	溱	U+6EB1	13
5568	溘	U+6E98	13
5569	漭	U+6F2D	13
5570	滢	U+6EE2	13
5571	溥	U+6EA5	13
5572	溧	U+6EA7	13
5573	溽	U+6EBD	13
5574	裟	U+88DF	13
5575	溻	U+6EBB	13
5576	溷	U+6EB7	13
5577	滗	U+6ED7	13
5578	滫	U+6EEB	13
5579	溴	U+6EB4	13
5580	滏	U+6ECF	13
5581	滃	U+6EC3	13
5582	滦	U+6EE6	13
5583	溏	U+6E8F	13
5584	滂	U+6EC2	13
5585	滓	U+6ED3	13
5586	溟	U+6E9F	13
5587	滪	U+6EEA	13
5588	愫	U+612B	13
5589	慑	U+6151	13
5590	慊	U+614A	13
5591	鲎	U+9C8E	13
5592	骞	U+9A9E	13
5593	窦	U+7AA6	13
5594	窠	U+7AA0	13
5595	窣	U+7AA3	13
5596	裱	U+88F1	13
5597	褚	U+891A	13
5598	裨	U+88E8	13
5599	裾	U+88FE	13
5600	裰	U+88F0	13
5601	禊	U+798A	13
5602	谩	U+8C29	13
5603	谪	U+8C2A	13
5604	媾	U+5ABE	13
5605	嫫	U+5AEB	13
5606	媲	U+5AB2	13
5607	嫒	U+5AD2	13
5608	嫔	U+5AD4	13
5609	媸	U+5AB8	13
5610	缙	U+7F19	13
5611	缜	U+7F1C	13
5612	缛	U+7F1B	13
5613	辔	U+8F94	13
5614	骝	U+9A9D	13
5615	缟	U+7F1F	13
5616	缡	U+7F21	13
5617	缢	U+7F22	13
5618	缣	U+7F23	13
5619	骟	U+9A9F	13
5620	耥	U+8025	14
5621	璈	U+7488	14
5622	瑶	U+7476	14
5623	瑭	U+746D	14
5624	獒	U+7352	14
5625	觏	U+89CF	14
5626	慝	U+615D	14
5627	嫠	U+5AE0	14
5628	韬	U+97EC	14
5629	叆	U+53C6	14
5630	髦	U+9AE6	14
5631	摽	U+647D	14
5632	墁	U+5881	14
5633	撂	U+6482	14
5634	摞	U+645E	14
5635	撄	U+6484	14
5636	翥	U+7FE5	14
5637	踅	U+8E05	14
5638	摭	U+646D	14
5639	墉	U+5889	14
5640	墒	U+5892	14
5641	榖	U+6996	14
5642	綦	U+7DA6	14
5643	蔫	U+852B	14
5644	蔷	U+8537	14
5645	靺	U+977A	14
5646	靼	U+977C	14
5647	鞅	U+9785	14
5648	靿	U+977F	14
5649	甍	U+750D	14
5650	蔸	U+8538	14
5651	蔟	U+851F	14
5652	蔺	U+853A	14
5653	戬	U+622C	14
5654	蕖	U+8556	14
5655	蔻	U+853B	14
5656	蓿	U+84FF	14
5657	斡	U+65A1	14
5658	鹕	U+9E55	14
5659	蓼	U+84FC	14
5660	榛	U+699B	14
5661	榧	U+69A7	14
5662	榻	U+69BB	14
5663	榫	U+69AB	14
5664	榭	U+69AD	14
5665	槔	U+69D4	14
5666	榱	U+69B1	14
5667	槁	U+69C1	14
5668	槟	U+69DF	14
5669	槠	U+69E0	14
5670	榷	U+69B7	14
5671	僰	U+50F0	14
5672	酽	U+917D	14
5673	酶	U+9176	14
5674	酹	U+9179	14
5675	厮	U+53AE	14
5676	碡	U+78A1	14
5677	碴	U+78B4	14
5678	碣	U+78A3	14
5679	碲	U+78B2	14
5680	磋	U+78CB	14
5681	臧	U+81E7	14
5682	豨	U+8C68	14
5683	殡	U+6BA1	14
5684	霆	U+9706	14
5685	霁	U+9701	14
5686	辕	U+8F95	14
5687	蜚	U+871A	14
5688	裴	U+88F4	14
5689	翡	U+7FE1	14
5690	龇	U+9F87	14
5691	龈	U+9F88	14
5692	睿	U+777F	14
5693	䁖	U+4056	14
5694	睽	U+777D	14
5695	嘞	U+561E	14
5696	嘈	U+5608	14
5697	嘌	U+560C	14
5698	嘁	U+5601	14
5699	嘎	U+560E	14
5700	暧	U+66A7	14
5701	暝	U+669D	14
5702	踌	U+8E0C	14
5703	踉	U+8E09	14
5704	蜞	U+871E	14
5705	蜥	U+8725	14
5706	蜮	U+872E	14
5707	蝈	U+8748	14
5708	蜴	U+8734	14
5709	蜱	U+8731	14
5710	蜩	U+8729	14
5711	蜷	U+8737	14
5712	蜿	U+873F	14
5713	螂	U+8782	14
5714	蜢	U+8722	14
5715	嘘	U+5618	14
5716	嘡	U+5621	14
5717	鹗	U+9E57	14
5718	嘣	U+5623	14
5719	嘤	U+5624	14
5720	嘚	U+561A	14
5721	嗾	U+55FE	14
5722	嘧	U+5627	14
5723	罴	U+7F74	14
5724	罱	U+7F71	14
5725	幔	U+5E54	14
5726	嶂	U+5D82	14
5727	幛	U+5E5B	14
5728	赙	U+8D59	14
5729	罂	U+7F42	14
5730	骷	U+9AB7	14
5731	骶	U+9AB6	14
5732	鹘	U+9E58	14
5733	锲	U+9532	14
5734	锴	U+9534	14
5735	锶	U+9536	14
5736	锷	U+9537	14
5737	锸	U+9538	14
5738	锵	U+9535	14
5739	镁	U+9541	14
5740	镂	U+9542	14
5741	犒	U+7292	14
5742	箐	U+7B90	14
5743	箦	U+7BA6	14
5744	箧	U+7BA7	14
5745	箍	U+7B8D	14
5746	箸	U+7BB8	14
5747	箬	U+7BAC	14
5748	箅	U+7B85	14
5749	箪	U+7BAA	14
5750	箔	U+7B94	14
5751	箜	U+7B9C	14
5752	箢	U+7BA2	14
5753	箓	U+7B93	14
5754	毓	U+6BD3	14
5755	僖	U+50D6	14
5756	儆	U+5106	14
5757	僳	U+50F3	14
5758	僭	U+50ED	14
5759	劁	U+5281	14
5760	僮	U+50EE	14
5761	魃	U+9B43	14
5762	魆	U+9B46	14
5763	睾	U+777E	14
5764	艋	U+824B	14
5765	鄱	U+9131	14
5766	膈	U+8188	14
5767	膑	U+8191	14
5768	鲑	U+9C91	14
5769	鲔	U+9C94	14
5770	鲚	U+9C9A	14
5771	鲛	U+9C9B	14
5772	鲟	U+9C9F	14
5773	獐	U+7350	14
5774	觫	U+89EB	14
5775	雒	U+96D2	14
5776	夤	U+5924	14
5777	馑	U+9991	14
5778	銮	U+92AE	14
5779	塾	U+587E	14
5780	麽	U+9EBD	14
5781	瘌	U+760C	14
5782	瘊	U+760A	14
5783	瘘	U+7618	14
5784	瘙	U+7619	14
5785	廖	U+5ED6	14
5786	韶	U+97F6	14
5787	旖	U+65D6	14
5788	膂	U+8182	14
5789	阚	U+961A	14
5790	鄯	U+912F	14
5791	鲞	U+9C9E	14
5792	粿	U+7CBF	14
5793	粼	U+7CBC	14
5794	粽	U+7CBD	14
5795	糁	U+7CC1	14
5796	槊	U+69CA	14
5797	鹚	U+9E5A	14
5798	熘	U+7198	14
5799	熥	U+71A5	14
5800	潢	U+6F62	14
5801	漕	U+6F15	14
5802	滹	U+6EF9	14
5803	漯	U+6F2F	14
5804	漶	U+6F36	14
5805	潋	U+6F4B	14
5806	潴	U+6F74	14
5807	漪	U+6F2A	14
5808	漉	U+6F09	14
5809	漳	U+6F33	14
5810	漩	U+6F29	14
5811	澉	U+6F89	14
5812	潍	U+6F4D	14
5813	慵	U+6175	14
5814	搴	U+6434	14
5815	窨	U+7AA8	14
5816	寤	U+5BE4	14
5817	綮	U+7DAE	14
5818	谮	U+8C2E	14
5819	褡	U+8921	14
5820	褙	U+8919	14
5821	褓	U+8913	14
5822	褛	U+891B	14
5823	褊	U+890A	14
5824	谯	U+8C2F	14
5825	谰	U+8C30	14
5826	谲	U+8C32	14
5827	暨	U+66A8	14
5828	屣	U+5C63	14
5829	鹛	U+9E5B	14
5830	嫣	U+5AE3	14
5831	嫱	U+5AF1	14
5832	嫖	U+5AD6	14
5833	嫦	U+5AE6	14
5834	嫚	U+5ADA	14
5835	嫘	U+5AD8	14
5836	嫡	U+5AE1	14
5837	鼐	U+9F10	14
5838	翟	U+7FDF	14
5839	瞀	U+7780	14
5840	鹜	U+9E5C	14
5841	骠	U+9AA0	14
5842	缥	U+7F25	14
5843	缦	U+7F26	14
5844	缧	U+7F27	14
5845	缨	U+7F28	14
5846	骢	U+9AA2	14
5847	缪	U+7F2A	14
5848	缫	U+7F2B	14
5849	耦	U+8026	15
5850	耧	U+8027	15
5851	瑾	U+747E	15
5852	璜	U+749C	15
5853	璀	U+7480	15
5854	璎	U+748E	15
5855	璁	U+7481	15
5856	璋	U+748B	15
5857	璇	U+7487	15
5858	奭	U+596D	15
5859	髯	U+9AEF	15
5860	髫	U+9AEB	15
5861	撷	U+64B7	15
5862	撅	U+6485	15
5863	赭	U+8D6D	15
5864	撸	U+64B8	15
5865	鋆	U+92C6	15
5866	撙	U+6499	15
5867	撺	U+64BA	15
5868	墀	U+5880	15
5869	聩	U+8069	15
5870	觐	U+89D0	15
5871	鞑	U+9791	15
5872	蕙	U+8559	15
5873	鞒	U+9792	15
5874	蕈	U+8548	15
5875	蕨	U+8568	15
5876	蕤	U+8564	15
5877	蕞	U+855E	15
5878	蕺	U+857A	15
5879	瞢	U+77A2	15
5880	蕃	U+8543	15
5881	蕲	U+8572	15
5882	赜	U+8D5C	15
5883	槿	U+69FF	15
5884	樯	U+6A2F	15
5885	槭	U+69ED	15
5886	樗	U+6A17	15
5887	樘	U+6A18	15
5888	樊	U+6A0A	15
5889	槲	U+69F2	15
5890	醌	U+918C	15
5891	醅	U+9185	15
5892	靥	U+9765	15
5893	魇	U+9B47	15
5894	餍	U+990D	15
5895	磔	U+78D4	15
5896	磙	U+78D9	15
5897	霈	U+9708	15
5898	辘	U+8F98	15
5899	龉	U+9F89	15
5900	龊	U+9F8A	15
5901	觑	U+89D1	15
5902	瞌	U+778C	15
5903	瞋	U+778B	15
5904	瞑	U+7791	15
5905	嘭	U+562D	15
5906	噎	U+564E	15
5907	噶	U+5676	15
5908	颙	U+9899	15
5909	暹	U+66B9	15
5910	噘	U+5658	15
5911	踔	U+8E14	15
5912	踝	U+8E1D	15
5913	踟	U+8E1F	15
5914	踒	U+8E12	15
5915	踬	U+8E2C	15
5916	踮	U+8E2E	15
5917	踯	U+8E2F	15
5918	踺	U+8E3A	15
5919	踞	U+8E1E	15
5920	蝽	U+877D	15
5921	蝾	U+877E	15
5922	蝻	U+877B	15
5923	蝰	U+8770	15
5924	蝮	U+876E	15
5925	螋	U+878B	15
5926	蝓	U+8753	15
5927	蝣	U+8763	15
5928	蝼	U+877C	15
5929	噗	U+5657	15
5930	嘬	U+562C	15
5931	颚	U+989A	15
5932	噍	U+564D	15
5933	噢	U+5662	15
5934	噙	U+5659	15
5935	噜	U+565C	15
5936	噌	U+564C	15
5937	噔	U+5654	15
5938	颛	U+989B	15
5939	幞	U+5E5E	15
5940	幡	U+5E61	15
5941	嶙	U+5D99	15
5942	嶝	U+5D9D	15
5943	骺	U+9ABA	15
5944	骼	U+9ABC	15
5945	骸	U+9AB8	15
5946	镊	U+954A	15
5947	镉	U+9549	15
5948	镌	U+954C	15
5949	镍	U+954D	15
5950	镏	U+954F	15
5951	镒	U+9552	15
5952	镓	U+9553	15
5953	镔	U+9554	15
5954	稷	U+7A37	15
5955	箴	U+7BB4	15
5956	篑	U+7BD1	15
5957	篁	U+7BC1	15
5958	篌	U+7BCC	15
5959	篆	U+7BC6	15
5960	牖	U+7256	15
5961	儋	U+510B	15
5962	徵	U+5FB5	15
5963	磐	U+78D0	15
5964	虢	U+8662	15
5965	鹞	U+9E5E	15
5966	膘	U+8198	15
5967	滕	U+6ED5	15
5968	鲠	U+9CA0	15
5969	鲡	U+9CA1	15
5970	鲢	U+9CA2	15
5971	鲣	U+9CA3	15
5972	鲥	U+9CA5	15
5973	鲧	U+9CA7	15
5974	鲩	U+9CA9	15
5975	獗	U+7357	15
5976	獠	U+7360	15
5977	觯	U+89EF	15
5978	馓	U+9993	15
5979	馔	U+9994	15
5980	麾	U+9EBE	15
5981	廛	U+5EDB	15
5982	瘛	U+761B	15
5983	瘼	U+763C	15
5984	瘢	U+7622	15
5985	瘠	U+7620	15
5986	齑	U+9F51	15
5987	羯	U+7FAF	15
5988	羰	U+7FB0	15
5989	𥻗	U+25ED7	15
5990	遴	U+9074	15
5991	糌	U+7CCC	15
5992	糍	U+7CCD	15
5993	糅	U+7CC5	15
5994	熜	U+719C	15
5995	熵	U+71B5	15
5996	熠	U+71A0	15
5997	澍	U+6F8D	15
5998	澌	U+6F8C	15
5999	潸	U+6F78	15
6000	潦	U+6F66	15
6001	潲	U+6F72	15
6002	鋈	U+92C8	15
6003	潟	U+6F5F	15
6004	潼	U+6F7C	15
6005	潺	U+6F7A	15
6006	憬	U+61AC	15
6007	憧	U+61A7	15
6008	寮	U+5BEE	15
6009	窳	U+7AB3	15
6010	谳	U+8C33	15
6011	褴	U+8934	15
6012	褟	U+891F	15
6013	褫	U+892B	15
6014	谵	U+8C35	15
6015	熨	U+71A8	15
6016	屦	U+5C66	15
6017	嬉	U+5B09	15
6018	勰	U+52F0	15
6019	戮	U+622E	15
6020	蝥	U+8765	15
6021	缬	U+7F2C	15
6022	缮	U+7F2E	15
6023	缯	U+7F2F	15
6024	骣	U+9AA3	15
6025	畿	U+757F	15
6026	耩	U+8029	16
6027	耨	U+8028	16
6028	耪	U+802A	16
6029	璞	U+749E	16
6030	璟	U+749F	16
6031	靛	U+975B	16
6032	璠	U+74A0	16
6033	璘	U+7498	16
6034	聱	U+8071	16
6035	螯	U+87AF	16
6036	髻	U+9AFB	16
6037	髭	U+9AED	16
6038	髹	U+9AF9	16
6039	擀	U+64C0	16
6040	熹	U+71B9	16
6041	甏	U+750F	16
6042	擞	U+64DE	16
6043	縠	U+7E20	16
6044	磬	U+78EC	16
6045	颞	U+989E	16
6046	蕻	U+857B	16
6047	鞘	U+9798	16
6048	颟	U+989F	16
6049	薤	U+85A4	16
6050	薨	U+85A8	16
6051	檠	U+6AA0	16
6052	薏	U+858F	16
6053	薮	U+85AE	16
6054	薜	U+859C	16
6055	薅	U+8585	16
6056	樾	U+6A3E	16
6057	橛	U+6A5B	16
6058	橇	U+6A47	16
6059	樵	U+6A35	16
6060	檎	U+6A8E	16
6061	橹	U+6A79	16
6062	樽	U+6A3D	16
6063	樨	U+6A28	16
6064	橼	U+6A7C	16
6065	墼	U+58BC	16
6066	橐	U+6A50	16
6067	翮	U+7FEE	16
6068	醛	U+919B	16
6069	醐	U+9190	16
6070	醍	U+918D	16
6071	醚	U+919A	16
6072	磲	U+78F2	16
6073	赝	U+8D5D	16
6074	飙	U+98D9	16
6075	殪	U+6BAA	16
6076	霖	U+9716	16
6077	霏	U+970F	16
6078	霓	U+9713	16
6079	錾	U+933E	16
6080	辚	U+8F9A	16
6081	臻	U+81FB	16
6082	遽	U+907D	16
6083	氅	U+6C05	16
6084	瞟	U+779F	16
6085	瞠	U+77A0	16
6086	瞰	U+77B0	16
6087	嚄	U+5684	16
6088	嚆	U+5686	16
6089	噤	U+5664	16
6090	暾	U+66BE	16
6091	蹀	U+8E40	16
6092	踹	U+8E39	16
6093	踵	U+8E35	16
6094	踽	U+8E3D	16
6095	蹉	U+8E49	16
6096	蹁	U+8E41	16
6097	螨	U+87A8	16
6098	蟒	U+87D2	16
6099	螈	U+8788	16
6100	螅	U+8785	16
6101	螭	U+87AD	16
6102	螠	U+87A0	16
6103	螟	U+879F	16
6104	噱	U+5671	16
6105	噬	U+566C	16
6106	噫	U+566B	16
6107	噻	U+567B	16
6108	噼	U+567C	16
6109	罹	U+7F79	16
6110	圜	U+571C	16
6111	䦃	U+4983	20
6112	镖	U+9556	16
6113	镗	U+9557	16
6114	镘	U+9558	16
6115	镚	U+955A	16
6116	镛	U+955B	16
6117	镝	U+955D	16
6118	镞	U+955E	16
6119	镠	U+9560	16
6120	氇	U+6C07	16
6121	氆	U+6C06	16
6122	憩	U+61A9	16
6123	穑	U+7A51	16
6124	篝	U+7BDD	16
6125	篥	U+7BE5	16
6126	篦	U+7BE6	16
6127	篪	U+7BEA	16
6128	篙	U+7BD9	16
6129	盥	U+76E5	16
6130	劓	U+5293	16
6131	翱	U+7FF1	16
6132	魉	U+9B49	16
6133	魈	U+9B48	16
6134	徼	U+5FBC	16
6135	歙	U+6B59	16
6136	膳	U+81B3	16
6137	膦	U+81A6	16
6138	膙	U+8199	16
6139	鲮	U+9CAE	16
6140	鲱	U+9CB1	16
6141	鲲	U+9CB2	16
6142	鲳	U+9CB3	16
6143	鲴	U+9CB4	16
6144	鲵	U+9CB5	16
6145	鲷	U+9CB7	16
6146	鲻	U+9CBB	16
6147	獴	U+7374	16
6148	獭	U+736D	16
6149	獬	U+736C	16
6150	邂	U+9082	16
6151	鹧	U+9E67	16
6152	廨	U+5EE8	16
6153	赟	U+8D5F	16
6154	瘰	U+7630	16
6155	廪	U+5EEA	16
6156	瘿	U+763F	16
6157	瘵	U+7635	16
6158	瘴	U+7634	16
6159	癃	U+7643	16
6160	瘳	U+7633	16
6161	斓	U+6593	16
6162	麇	U+9E87	16
6163	麈	U+9E88	16
6164	嬴	U+5B34	16
6165	壅	U+58C5	16
6166	羲	U+7FB2	16
6167	糗	U+7CD7	16
6168	瞥	U+77A5	16
6169	甑	U+7511	16
6170	燎	U+71CE	16
6171	燠	U+71E0	16
6172	燔	U+71D4	16
6173	燧	U+71E7	16
6174	濑	U+6FD1	16
6175	濉	U+6FC9	16
6176	潞	U+6F5E	16
6177	澧	U+6FA7	16
6178	澹	U+6FB9	16
6179	澥	U+6FA5	16
6180	澶	U+6FB6	16
6181	濂	U+6FC2	16
6182	褰	U+8930	16
6183	寰	U+5BF0	16
6184	窸	U+7AB8	16
6185	褶	U+8936	16
6186	禧	U+79A7	16
6187	嬖	U+5B16	16
6188	犟	U+729F	16
6189	隰	U+96B0	16
6190	嬗	U+5B17	16
6191	颡	U+98A1	16
6192	缱	U+7F31	16
6193	缲	U+7F32	16
6194	缳	U+7F33	16
6195	璨	U+74A8	17
6196	璩	U+74A9	17
6197	璐	U+7490	17
6198	璪	U+74AA	17
6199	螫	U+87AB	17
6200	擤	U+64E4	17
6201	壕	U+58D5	17
6202	觳	U+89F3	17
6203	罄	U+7F44	17
6204	擢	U+64E2	17
6205	薹	U+85B9	17
6206	鞡	U+97A1	17
6207	鞬	U+97AC	17
6208	薷	U+85B7	17
6209	薰	U+85B0	17
6210	藓	U+85D3	17
6211	藁	U+85C1	17
6212	檄	U+6A84	17
6213	檩	U+6AA9	17
6214	懋	U+61CB	17
6215	醢	U+91A2	17
6216	翳	U+7FF3	17
6217	礅	U+7905	17
6218	磴	U+78F4	17
6219	鹩	U+9E69	17
6220	龋	U+9F8B	17
6221	龌	U+9F8C	17
6222	豳	U+8C73	17
6223	壑	U+58D1	17
6224	黻	U+9EFB	17
6225	嚏	U+568F	17
6226	嚅	U+5685	17
6227	蹑	U+8E51	17
6228	蹒	U+8E52	17
6229	蹊	U+8E4A	17
6230	蟥	U+87E5	17
6231	螬	U+87AC	17
6232	螵	U+87B5	17
6233	疃	U+7583	17
6234	螳	U+87B3	17
6235	蟑	U+87D1	17
6236	嚓	U+5693	17
6237	羁	U+7F81	17
6238	罽	U+7F7D	17
6239	罾	U+7F7E	17
6240	嶷	U+5DB7	17
6241	黜	U+9EDC	17
6242	黝	U+9EDD	17
6243	髁	U+9AC1	17
6244	髀	U+9AC0	17
6245	镡	U+9561	17
6246	镢	U+9562	17
6247	镣	U+9563	17
6248	镦	U+9566	17
6249	镧	U+9567	17
6250	镩	U+9569	17
6251	镪	U+956A	17
6252	镫	U+956B	17
6253	罅	U+7F45	17
6254	黏	U+9ECF	17
6255	簌	U+7C0C	17
6256	篾	U+7BFE	17
6257	篼	U+7BFC	17
6258	簖	U+7C16	17
6259	簋	U+7C0B	17
6260	鼢	U+9F22	17
6261	黛	U+9EDB	17
6262	儡	U+5121	17
6263	鹪	U+9E6A	17
6264	鼾	U+9F3E	17
6265	皤	U+76A4	17
6266	魍	U+9B4D	17
6267	龠	U+9FA0	17
6268	繇	U+7E47	17
6269	貘	U+8C98	17
6270	邈	U+9088	17
6271	貔	U+8C94	17
6272	臌	U+81CC	17
6273	膻	U+81BB	17
6274	臆	U+81C6	17
6275	臃	U+81C3	17
6276	鲼	U+9CBC	17
6277	鲽	U+9CBD	17
6278	鳀	U+9CC0	17
6279	鳃	U+9CC3	17
6280	鳅	U+9CC5	17
6281	鳇	U+9CC7	17
6282	鳊	U+9CCA	17
6283	螽	U+87BD	17
6284	燮	U+71EE	17
6285	鹫	U+9E6B	17
6286	襄	U+8944	17
6287	糜	U+7CDC	17
6288	縻	U+7E3B	17
6289	膺	U+81BA	17
6290	癍	U+764D	17
6291	麋	U+9E8B	17
6292	懑	U+61D1	17
6293	濡	U+6FE1	17
6294	濮	U+6FEE	17
6295	濞	U+6FDE	17
6296	濠	U+6FE0	17
6297	濯	U+6FEF	17
6298	蹇	U+8E47	17
6299	謇	U+8B07	17
6300	邃	U+9083	17
6301	襁	U+8941	17
6302	檗	U+6A97	17
6303	擘	U+64D8	17
6304	孺	U+5B7A	17
6305	隳	U+96B3	17
6306	嬷	U+5B37	17
6307	蟊	U+87CA	17
6308	鹬	U+9E6C	17
6309	鍪	U+936A	17
6310	鏊	U+93CA	18
6311	鳌	U+9CCC	18
6312	鬈	U+9B08	18
6313	鬃	U+9B03	18
6314	瞽	U+77BD	18
6315	鞯	U+97AF	18
6316	鞨	U+97A8	18
6317	鞫	U+97AB	18
6318	鞧	U+97A7	18
6319	鞣	U+97A3	18
6320	藜	U+85DC	18
6321	藠	U+85E0	18
6322	藩	U+85E9	18
6323	醪	U+91AA	18
6324	蹙	U+8E59	18
6325	礓	U+7913	18
6326	燹	U+71F9	18
6327	餮	U+992E	18
6328	瞿	U+77BF	18
6329	曛	U+66DB	18
6330	颢	U+98A2	18
6331	曜	U+66DC	18
6332	躇	U+8E87	18
6333	蹚	U+8E5A	18
6334	鹭	U+9E6D	18
6335	蟛	U+87DB	18
6336	蟪	U+87EA	18
6337	蟠	U+87E0	18
6338	蟮	U+87EE	18
6339	鹮	U+9E6E	18
6340	黠	U+9EE0	18
6341	黟	U+9EDF	18
6342	髅	U+9AC5	18
6343	髂	U+9AC2	18
6344	镬	U+956C	18
6345	镭	U+956D	18
6346	镯	U+956F	18
6347	馥	U+99A5	18
6348	簟	U+7C1F	18
6349	簪	U+7C2A	18
6350	鼬	U+9F2C	18
6351	雠	U+96E0	18
6352	艟	U+825F	18
6353	鳎	U+9CCE	18
6354	鳏	U+9CCF	18
6355	鳐	U+9CD0	18
6356	癞	U+765E	18
6357	癔	U+7654	18
6358	癜	U+765C	18
6359	癖	U+7656	18
6360	糨	U+7CE8	18
6361	蹩	U+8E69	18
6362	鎏	U+938F	18
6363	懵	U+61F5	18
6364	彝	U+5F5D	18
6365	邋	U+908B	18
6366	鬏	U+9B0F	19
6367	攉	U+6509	19
6368	攒	U+6512	19
6369	鞲	U+97B2	19
6370	鞴	U+97B4	19
6371	藿	U+85FF	19
6372	蘧	U+8627	19
6373	蘅	U+8605	19
6374	麓	U+9E93	19
6375	醮	U+91AE	19
6376	醯	U+91AF	19
6377	酃	U+9143	19
6378	霪	U+972A	19
6379	霭	U+972D	19
6380	霨	U+9728	19
6381	黼	U+9EFC	19
6382	嚯	U+56AF	19
6383	蹰	U+8E70	19
6384	蹶	U+8E76	19
6385	蹽	U+8E7D	19
6386	蹼	U+8E7C	19
6387	蹴	U+8E74	19
6388	蹾	U+8E7E	19
6389	蹿	U+8E7F	19
6390	蠖	U+8816	19
6391	蠓	U+8813	19
6392	蟾	U+87FE	19
6393	蠊	U+880A	19
6394	黢	U+9EE2	19
6395	髋	U+9ACB	19
6396	髌	U+9ACC	19
6397	镲	U+9572	19
6398	籀	U+7C40	19
6399	籁	U+7C41	19
6400	齁	U+9F41	19
6401	魑	U+9B51	19
6402	艨	U+8268	19
6403	鳓	U+9CD3	19
6404	鳔	U+9CD4	19
6405	鳕	U+9CD5	19
6406	鳗	U+9CD7	19
6407	鳙	U+9CD9	19
6408	麒	U+9E92	19
6409	鏖	U+93D6	19
6410	羸	U+7FB8	19
6411	㸆	U+3E06	19
6412	瀚	U+701A	19
6413	瀣	U+7023	19
6414	瀛	U+701B	19
6415	襦	U+8966	19
6416	谶	U+8C36	19
6417	襞	U+895E	19
6418	骥	U+9AA5	19
6419	缵	U+7F35	19
6420	瓒	U+74D2	20
6421	攘	U+6518	20
6422	蘩	U+8629	20
6423	蘖	U+8616	20
6424	醴	U+91B4	20
6425	霰	U+9730	20
6426	酆	U+9146	20
6427	矍	U+77CD	20
6428	曦	U+66E6	20
6429	躅	U+8E85	20
6430	鼍	U+9F0D	20
6431	巉	U+5DC9	20
6432	黩	U+9EE9	20
6433	黥	U+9EE5	20
6434	黪	U+9EEA	20
6435	镳	U+9573	20
6436	镴	U+9574	20
6437	黧	U+9EE7	20
6438	纂	U+7E82	20
6439	璺	U+74BA	20
6440	鼯	U+9F2F	20
6441	臜	U+81DC	20
6442	鳜	U+9CDC	20
6443	鳝	U+9CDD	20
6444	鳟	U+9CDF	20
6445	獾	U+737E	20
6446	孀	U+5B40	20
6447	骧	U+9AA7	20
6448	瓘	U+74D8	21
6449	鼙	U+9F19	21
6450	醺	U+91BA	21
6451	礴	U+7934	21
6452	颦	U+98A6	21
6453	曩	U+66E9	21
6454	鳢	U+9CE2	21
6455	癫	U+766B	21
6456	麝	U+9E9D	21
6457	夔	U+5914	21
6458	爝	U+721D	21
6459	灏	U+704F	21
6460	禳	U+79B3	21
6461	鐾	U+943E	21
6462	羼	U+7FBC	21
6463	蠡	U+8821	21
6464	耱	U+8031	22
6465	懿	U+61FF	22
6466	蘸	U+8638	22
6467	鹳	U+9E73	22
6468	霾	U+973E	22
6469	氍	U+6C0D	22
6470	饕	U+9955	22
6471	躐	U+8E90	22
6472	髑	U+9AD1	22
6473	镵	U+9575	22
6474	穰	U+7A70	22
6475	饔	U+9954	22
6476	鬻	U+9B3B	22
6477	鬟	U+9B1F	23
6478	趱	U+8DB1	23
6479	攫	U+652B	23
6480	攥	U+6525	23
6481	颧	U+98A7	23
6482	躜	U+8E9C	23
6483	鼹	U+9F39	23
6484	癯	U+766F	23
6485	麟	U+9E9F	23
6486	蠲	U+8832	23
6487	蠹	U+8839	24
6488	躞	U+8E9E	24
6489	衢	U+8862	24
6490	鑫	U+946B	24
6491	灞	U+705E	24
6492	襻	U+897B	24
6493	纛	U+7E9B	25
6494	鬣	U+9B23	25
6495	攮	U+652E	25
6496	囔	U+56D4	25
6497	馕	U+9995	25
6498	戆	U+6206	25
6499	爨	U+7228	30
6500	齉	U+9F49	36
